2026-05-30 16:36:10,420 [INFO] __main__: ============================================================
2026-05-30 16:36:10,420 [INFO] __main__: FAR Automation Tool started at 2026-05-30T16:36:10.420817
2026-05-30 16:36:10,421 [INFO] __main__: Python 3.13.13 (tags/v3.13.13:01104ce, Apr  7 2026, 19:25:48) [MSC v.1944 64 bit (AMD64)]
2026-05-30 16:36:10,421 [INFO] __main__: Project root: D:\GT Work\far-automation
2026-05-30 16:36:10,851 [INFO] __main__: Stylesheet loaded
2026-05-30 16:36:41,488 [INFO] __main__: Main window shown
2026-05-30 16:40:31,200 [INFO] __main__: ============================================================
2026-05-30 16:40:31,200 [INFO] __main__: FAR Automation Tool started at 2026-05-30T16:40:31.200626
2026-05-30 16:40:31,201 [INFO] __main__: Python 3.13.13 (tags/v3.13.13:01104ce, Apr  7 2026, 19:25:48) [MSC v.1944 64 bit (AMD64)]
2026-05-30 16:40:31,201 [INFO] __main__: Project root: D:\GT Work\far-automation
2026-05-30 16:40:31,288 [INFO] __main__: Stylesheet loaded
2026-05-30 16:40:35,477 [INFO] __main__: Main window shown
2026-05-30 16:42:29,362 [INFO] src.core.cpp_bridge: C++ DLL not found at D:\GT Work\far-automation\cpp_engine\build\far_engine.dll — using Python fallback
2026-05-30 16:42:29,930 [INFO] src.core.excel_parser: Date headers found: CY=2025 (col 7, row 7), PY=2024 (col 9, row 7)
2026-05-30 16:42:29,932 [INFO] src.core.excel_parser: Parsed BS: 54 rows, CY=2025, PY=2024
2026-05-30 16:42:30,740 [INFO] src.core.excel_parser: Date headers found: CY=2025 (col 5, row 7), PY=2024 (col 7, row 7)
2026-05-30 16:42:30,740 [INFO] src.core.excel_parser: Parsed PL: 33 rows, CY=2025, PY=2024
2026-05-30 16:42:31,353 [WARNING] src.core.excel_parser: Could not find two date header columns, found: []
2026-05-30 16:42:31,356 [WARNING] src.core.excel_parser: Could not find two date header columns, found: [(56, 2, 2024)]
2026-05-30 16:42:31,358 [INFO] src.core.excel_parser: Date headers found: CY=2025 (col 9, row 83), PY=2024 (col 10, row 83)
2026-05-30 16:42:31,362 [INFO] src.core.excel_parser: Date headers found: CY=2025 (col 10, row 8), PY=2024 (col 11, row 8)
2026-05-30 16:42:31,366 [INFO] src.core.excel_parser: Date headers found: CY=2025 (col 10, row 39), PY=2024 (col 11, row 39)
2026-05-30 16:42:31,368 [INFO] src.core.excel_parser: Date headers found: CY=2025 (col 10, row 61), PY=2024 (col 11, row 61)
2026-05-30 16:42:31,373 [INFO] src.core.excel_parser: Date headers found: CY=2025 (col 10, row 82), PY=2024 (col 11, row 82)
2026-05-30 16:42:31,377 [INFO] src.core.excel_parser: Date headers found: CY=2025 (col 10, row 126), PY=2024 (col 11, row 126)
2026-05-30 16:42:31,381 [INFO] src.core.excel_parser: Date headers found: CY=2025 (col 10, row 139), PY=2024 (col 11, row 139)
2026-05-30 16:42:31,384 [INFO] src.core.excel_parser: Date headers found: CY=2025 (col 10, row 148), PY=2024 (col 11, row 148)
2026-05-30 16:42:31,390 [INFO] src.core.excel_parser: Date headers found: CY=2025 (col 10, row 161), PY=2025 (col 10, row 161)
2026-05-30 16:42:31,395 [INFO] src.core.excel_parser: Date headers found: CY=2025 (col 10, row 195), PY=2024 (col 11, row 195)
2026-05-30 16:42:31,400 [INFO] src.core.excel_parser: Date headers found: CY=2025 (col 10, row 10), PY=2024 (col 11, row 10)
2026-05-30 16:42:31,405 [WARNING] src.core.excel_parser: Could not find two date header columns, found: []
2026-05-30 16:42:31,417 [INFO] src.core.excel_parser: Date headers found: CY=2025 (col 10, row 135), PY=2024 (col 11, row 135)
2026-05-30 16:42:31,422 [WARNING] src.core.excel_parser: Could not find two date header columns, found: []
2026-05-30 16:42:31,437 [INFO] src.core.excel_parser: Date headers found: CY=2025 (col 10, row 213), PY=2024 (col 11, row 213)
2026-05-30 16:42:31,443 [INFO] src.core.excel_parser: Date headers found: CY=2025 (col 10, row 233), PY=2024 (col 11, row 233)
2026-05-30 16:42:31,449 [INFO] src.core.excel_parser: Date headers found: CY=2025 (col 10, row 263), PY=2024 (col 11, row 263)
2026-05-30 16:42:31,455 [INFO] src.core.excel_parser: Date headers found: CY=2025 (col 10, row 275), PY=2024 (col 11, row 275)
2026-05-30 16:42:31,460 [INFO] src.core.excel_parser: Date headers found: CY=2025 (col 10, row 293), PY=2024 (col 11, row 293)
2026-05-30 16:42:31,466 [INFO] src.core.excel_parser: Date headers found: CY=2025 (col 10, row 338), PY=2024 (col 11, row 338)
2026-05-30 16:42:31,471 [INFO] src.core.excel_parser: Date headers found: CY=2025 (col 10, row 356), PY=2024 (col 11, row 356)
2026-05-30 16:42:31,476 [INFO] src.core.excel_parser: Date headers found: CY=2025 (col 10, row 368), PY=2024 (col 11, row 368)
2026-05-30 16:42:31,485 [INFO] src.core.excel_parser: Date headers found: CY=2025 (col 9, row 9), PY=2024 (col 10, row 9)
2026-05-30 16:42:31,493 [INFO] src.core.excel_parser: Date headers found: CY=2025 (col 9, row 19), PY=2024 (col 10, row 19)
2026-05-30 16:42:31,500 [INFO] src.core.excel_parser: Date headers found: CY=2025 (col 9, row 38), PY=2024 (col 10, row 38)
2026-05-30 16:42:31,508 [WARNING] src.core.excel_parser: Could not find two date header columns, found: [(53, 10, 2025)]
2026-05-30 16:42:31,519 [INFO] src.core.excel_parser: Date headers found: CY=2025 (col 9, row 68), PY=2024 (col 10, row 68)
2026-05-30 16:42:31,525 [INFO] src.core.excel_parser: Date headers found: CY=2025 (col 9, row 80), PY=2024 (col 10, row 80)
2026-05-30 16:42:31,535 [INFO] src.core.excel_parser: Date headers found: CY=2025 (col 9, row 122), PY=2024 (col 10, row 122)
2026-05-30 16:42:31,543 [INFO] src.core.excel_parser: Date headers found: CY=2025 (col 9, row 137), PY=2024 (col 10, row 137)
2026-05-30 16:42:31,553 [INFO] src.core.excel_parser: Date headers found: CY=2025 (col 9, row 165), PY=2024 (col 10, row 165)
2026-05-30 16:42:31,561 [INFO] src.core.excel_parser: Date headers found: CY=2025 (col 9, row 195), PY=2024 (col 10, row 195)
2026-05-30 16:42:31,570 [INFO] src.core.excel_parser: Date headers found: CY=2025 (col 9, row 223), PY=2024 (col 10, row 223)
2026-05-30 16:42:31,582 [INFO] src.core.excel_parser: Date headers found: CY=2025 (col 9, row 258), PY=2024 (col 2, row 258)
2026-05-30 16:42:31,590 [INFO] src.core.excel_parser: Date headers found: CY=2025 (col 9, row 277), PY=2024 (col 10, row 277)
2026-05-30 16:42:31,604 [INFO] src.core.excel_parser: Date headers found: CY=2025 (col 9, row 316), PY=2025 (col 2, row 316)
2026-05-30 16:42:31,607 [INFO] src.core.excel_parser: Parsed notes from 4 sheets
2026-05-30 16:42:32,310 [INFO] matplotlib.category: Using categorical units to plot a list of strings that are all parsable as floats or dates. If these strings should be plotted as numbers, cast to the appropriate data type before plotting.
2026-05-30 16:42:32,311 [INFO] matplotlib.category: Using categorical units to plot a list of strings that are all parsable as floats or dates. If these strings should be plotted as numbers, cast to the appropriate data type before plotting.
2026-05-30 16:42:32,312 [INFO] matplotlib.category: Using categorical units to plot a list of strings that are all parsable as floats or dates. If these strings should be plotted as numbers, cast to the appropriate data type before plotting.
2026-05-30 16:42:32,334 [INFO] matplotlib.category: Using categorical units to plot a list of strings that are all parsable as floats or dates. If these strings should be plotted as numbers, cast to the appropriate data type before plotting.
2026-05-30 16:42:32,335 [INFO] matplotlib.category: Using categorical units to plot a list of strings that are all parsable as floats or dates. If these strings should be plotted as numbers, cast to the appropriate data type before plotting.
2026-05-30 16:42:32,336 [INFO] matplotlib.category: Using categorical units to plot a list of strings that are all parsable as floats or dates. If these strings should be plotted as numbers, cast to the appropriate data type before plotting.
2026-05-30 16:42:32,338 [INFO] matplotlib.category: Using categorical units to plot a list of strings that are all parsable as floats or dates. If these strings should be plotted as numbers, cast to the appropriate data type before plotting.
2026-05-30 16:42:32,339 [INFO] matplotlib.category: Using categorical units to plot a list of strings that are all parsable as floats or dates. If these strings should be plotted as numbers, cast to the appropriate data type before plotting.
2026-05-30 16:42:32,340 [INFO] matplotlib.category: Using categorical units to plot a list of strings that are all parsable as floats or dates. If these strings should be plotted as numbers, cast to the appropriate data type before plotting.
2026-05-30 16:42:32,366 [INFO] matplotlib.category: Using categorical units to plot a list of strings that are all parsable as floats or dates. If these strings should be plotted as numbers, cast to the appropriate data type before plotting.
2026-05-30 16:42:32,367 [INFO] matplotlib.category: Using categorical units to plot a list of strings that are all parsable as floats or dates. If these strings should be plotted as numbers, cast to the appropriate data type before plotting.
2026-05-30 16:42:32,368 [INFO] matplotlib.category: Using categorical units to plot a list of strings that are all parsable as floats or dates. If these strings should be plotted as numbers, cast to the appropriate data type before plotting.
2026-05-30 16:42:32,369 [INFO] matplotlib.category: Using categorical units to plot a list of strings that are all parsable as floats or dates. If these strings should be plotted as numbers, cast to the appropriate data type before plotting.
2026-05-30 16:42:32,669 [INFO] src.gui.main_window: FAR generated: BS=54 rows, PL=33 rows, Ratios=8
2026-05-30 16:42:54,737 [INFO] matplotlib.category: Using categorical units to plot a list of strings that are all parsable as floats or dates. If these strings should be plotted as numbers, cast to the appropriate data type before plotting.
2026-05-30 16:42:54,738 [INFO] matplotlib.category: Using categorical units to plot a list of strings that are all parsable as floats or dates. If these strings should be plotted as numbers, cast to the appropriate data type before plotting.
2026-05-30 16:42:54,740 [INFO] matplotlib.category: Using categorical units to plot a list of strings that are all parsable as floats or dates. If these strings should be plotted as numbers, cast to the appropriate data type before plotting.
2026-05-30 16:42:54,741 [INFO] matplotlib.category: Using categorical units to plot a list of strings that are all parsable as floats or dates. If these strings should be plotted as numbers, cast to the appropriate data type before plotting.
2026-05-30 16:43:37,741 [INFO] __main__: Application exiting with code 0
2026-05-30 16:43:38,963 [INFO] __main__: Application exiting with code 0
2026-05-30 16:43:48,192 [INFO] __main__: ============================================================
2026-05-30 16:43:48,192 [INFO] __main__: FAR Automation Tool started at 2026-05-30T16:43:48.192691
2026-05-30 16:43:48,193 [INFO] __main__: Python 3.13.13 (tags/v3.13.13:01104ce, Apr  7 2026, 19:25:48) [MSC v.1944 64 bit (AMD64)]
2026-05-30 16:43:48,193 [INFO] __main__: Project root: D:\GT Work\far-automation
2026-05-30 16:43:48,266 [INFO] __main__: Stylesheet loaded
2026-05-30 16:43:50,421 [INFO] __main__: Main window shown
2026-05-30 16:54:09,383 [INFO] __main__: Application exiting with code 0
2026-05-30 16:56:41,068 [INFO] __main__: ============================================================
2026-05-30 16:56:41,068 [INFO] __main__: FAR Automation Tool started at 2026-05-30T16:56:41.068916
2026-05-30 16:56:41,069 [INFO] __main__: Python 3.13.13 (tags/v3.13.13:01104ce, Apr  7 2026, 19:25:48) [MSC v.1944 64 bit (AMD64)]
2026-05-30 16:56:41,069 [INFO] __main__: Project root: D:\GT Work\far-automation
2026-05-30 16:56:41,144 [INFO] __main__: Stylesheet loaded
2026-05-30 16:56:43,237 [INFO] __main__: Main window shown
2026-05-30 16:57:25,586 [INFO] src.core.cpp_bridge: C++ DLL not found at D:\GT Work\far-automation\cpp_engine\build\far_engine.dll — using Python fallback
2026-05-30 16:57:26,315 [INFO] src.core.excel_parser: Date headers found: CY=2025 (col 7, row 7), PY=2024 (col 9, row 7)
2026-05-30 16:57:26,316 [INFO] src.core.excel_parser: Parsed BS: 54 rows, CY=2025, PY=2024
2026-05-30 16:57:27,985 [WARNING] src.core.excel_parser: Could not find two date header columns, found: []
2026-05-30 16:57:27,996 [ERROR] src.gui.main_window: FAR generation failed: Could not find date header columns in P&L statement.
Traceback (most recent call last):
  File "D:\GT Work\far-automation\src\gui\main_window.py", line 302, in _on_generate
    pl_parsed = parse_profit_loss(form_data['pl_file'])
  File "D:\GT Work\far-automation\src\core\excel_parser.py", line 212, in parse_profit_loss
    raise ValueError("Could not find date header columns in P&L statement.")
ValueError: Could not find date header columns in P&L statement.
2026-05-30 16:57:40,985 [INFO] src.core.excel_parser: Date headers found: CY=2025 (col 7, row 7), PY=2024 (col 9, row 7)
2026-05-30 16:57:40,986 [INFO] src.core.excel_parser: Parsed BS: 54 rows, CY=2025, PY=2024
2026-05-30 16:57:41,852 [INFO] src.core.excel_parser: Date headers found: CY=2025 (col 5, row 7), PY=2024 (col 7, row 7)
2026-05-30 16:57:41,853 [INFO] src.core.excel_parser: Parsed PL: 33 rows, CY=2025, PY=2024
2026-05-30 16:57:42,449 [WARNING] src.core.excel_parser: Could not find two date header columns, found: []
2026-05-30 16:57:42,453 [WARNING] src.core.excel_parser: Could not find two date header columns, found: [(56, 2, 2024)]
2026-05-30 16:57:42,455 [INFO] src.core.excel_parser: Date headers found: CY=2025 (col 9, row 83), PY=2024 (col 10, row 83)
2026-05-30 16:57:42,458 [INFO] src.core.excel_parser: Date headers found: CY=2025 (col 10, row 8), PY=2024 (col 11, row 8)
2026-05-30 16:57:42,461 [INFO] src.core.excel_parser: Date headers found: CY=2025 (col 10, row 39), PY=2024 (col 11, row 39)
2026-05-30 16:57:42,464 [INFO] src.core.excel_parser: Date headers found: CY=2025 (col 10, row 61), PY=2024 (col 11, row 61)
2026-05-30 16:57:42,470 [INFO] src.core.excel_parser: Date headers found: CY=2025 (col 10, row 82), PY=2024 (col 11, row 82)
2026-05-30 16:57:42,476 [INFO] src.core.excel_parser: Date headers found: CY=2025 (col 10, row 126), PY=2024 (col 11, row 126)
2026-05-30 16:57:42,480 [INFO] src.core.excel_parser: Date headers found: CY=2025 (col 10, row 139), PY=2024 (col 11, row 139)
2026-05-30 16:57:42,483 [INFO] src.core.excel_parser: Date headers found: CY=2025 (col 10, row 148), PY=2024 (col 11, row 148)
2026-05-30 16:57:42,488 [INFO] src.core.excel_parser: Date headers found: CY=2025 (col 10, row 161), PY=2025 (col 10, row 161)
2026-05-30 16:57:42,493 [INFO] src.core.excel_parser: Date headers found: CY=2025 (col 10, row 195), PY=2024 (col 11, row 195)
2026-05-30 16:57:42,497 [INFO] src.core.excel_parser: Date headers found: CY=2025 (col 10, row 10), PY=2024 (col 11, row 10)
2026-05-30 16:57:42,503 [WARNING] src.core.excel_parser: Could not find two date header columns, found: []
2026-05-30 16:57:42,517 [INFO] src.core.excel_parser: Date headers found: CY=2025 (col 10, row 135), PY=2024 (col 11, row 135)
2026-05-30 16:57:42,521 [WARNING] src.core.excel_parser: Could not find two date header columns, found: []
2026-05-30 16:57:42,533 [INFO] src.core.excel_parser: Date headers found: CY=2025 (col 10, row 213), PY=2024 (col 11, row 213)
2026-05-30 16:57:42,538 [INFO] src.core.excel_parser: Date headers found: CY=2025 (col 10, row 233), PY=2024 (col 11, row 233)
2026-05-30 16:57:42,543 [INFO] src.core.excel_parser: Date headers found: CY=2025 (col 10, row 263), PY=2024 (col 11, row 263)
2026-05-30 16:57:42,550 [INFO] src.core.excel_parser: Date headers found: CY=2025 (col 10, row 275), PY=2024 (col 11, row 275)
2026-05-30 16:57:42,555 [INFO] src.core.excel_parser: Date headers found: CY=2025 (col 10, row 293), PY=2024 (col 11, row 293)
2026-05-30 16:57:42,563 [INFO] src.core.excel_parser: Date headers found: CY=2025 (col 10, row 338), PY=2024 (col 11, row 338)
2026-05-30 16:57:42,570 [INFO] src.core.excel_parser: Date headers found: CY=2025 (col 10, row 356), PY=2024 (col 11, row 356)
2026-05-30 16:57:42,576 [INFO] src.core.excel_parser: Date headers found: CY=2025 (col 10, row 368), PY=2024 (col 11, row 368)
2026-05-30 16:57:42,590 [INFO] src.core.excel_parser: Date headers found: CY=2025 (col 9, row 9), PY=2024 (col 10, row 9)
2026-05-30 16:57:42,598 [INFO] src.core.excel_parser: Date headers found: CY=2025 (col 9, row 19), PY=2024 (col 10, row 19)
2026-05-30 16:57:42,607 [INFO] src.core.excel_parser: Date headers found: CY=2025 (col 9, row 38), PY=2024 (col 10, row 38)
2026-05-30 16:57:42,614 [WARNING] src.core.excel_parser: Could not find two date header columns, found: [(53, 10, 2025)]
2026-05-30 16:57:42,625 [INFO] src.core.excel_parser: Date headers found: CY=2025 (col 9, row 68), PY=2024 (col 10, row 68)
2026-05-30 16:57:42,632 [INFO] src.core.excel_parser: Date headers found: CY=2025 (col 9, row 80), PY=2024 (col 10, row 80)
2026-05-30 16:57:42,641 [INFO] src.core.excel_parser: Date headers found: CY=2025 (col 9, row 122), PY=2024 (col 10, row 122)
2026-05-30 16:57:42,648 [INFO] src.core.excel_parser: Date headers found: CY=2025 (col 9, row 137), PY=2024 (col 10, row 137)
2026-05-30 16:57:42,661 [INFO] src.core.excel_parser: Date headers found: CY=2025 (col 9, row 165), PY=2024 (col 10, row 165)
2026-05-30 16:57:42,670 [INFO] src.core.excel_parser: Date headers found: CY=2025 (col 9, row 195), PY=2024 (col 10, row 195)
2026-05-30 16:57:42,678 [INFO] src.core.excel_parser: Date headers found: CY=2025 (col 9, row 223), PY=2024 (col 10, row 223)
2026-05-30 16:57:42,694 [INFO] src.core.excel_parser: Date headers found: CY=2025 (col 9, row 258), PY=2024 (col 2, row 258)
2026-05-30 16:57:42,705 [INFO] src.core.excel_parser: Date headers found: CY=2025 (col 9, row 277), PY=2024 (col 10, row 277)
2026-05-30 16:57:42,718 [INFO] src.core.excel_parser: Date headers found: CY=2025 (col 9, row 316), PY=2025 (col 2, row 316)
2026-05-30 16:57:42,722 [INFO] src.core.excel_parser: Parsed notes from 4 sheets
2026-05-30 16:57:43,453 [INFO] matplotlib.category: Using categorical units to plot a list of strings that are all parsable as floats or dates. If these strings should be plotted as numbers, cast to the appropriate data type before plotting.
2026-05-30 16:57:43,454 [INFO] matplotlib.category: Using categorical units to plot a list of strings that are all parsable as floats or dates. If these strings should be plotted as numbers, cast to the appropriate data type before plotting.
2026-05-30 16:57:43,455 [INFO] matplotlib.category: Using categorical units to plot a list of strings that are all parsable as floats or dates. If these strings should be plotted as numbers, cast to the appropriate data type before plotting.
2026-05-30 16:57:43,477 [INFO] matplotlib.category: Using categorical units to plot a list of strings that are all parsable as floats or dates. If these strings should be plotted as numbers, cast to the appropriate data type before plotting.
2026-05-30 16:57:43,479 [INFO] matplotlib.category: Using categorical units to plot a list of strings that are all parsable as floats or dates. If these strings should be plotted as numbers, cast to the appropriate data type before plotting.
2026-05-30 16:57:43,480 [INFO] matplotlib.category: Using categorical units to plot a list of strings that are all parsable as floats or dates. If these strings should be plotted as numbers, cast to the appropriate data type before plotting.
2026-05-30 16:57:43,482 [INFO] matplotlib.category: Using categorical units to plot a list of strings that are all parsable as floats or dates. If these strings should be plotted as numbers, cast to the appropriate data type before plotting.
2026-05-30 16:57:43,483 [INFO] matplotlib.category: Using categorical units to plot a list of strings that are all parsable as floats or dates. If these strings should be plotted as numbers, cast to the appropriate data type before plotting.
2026-05-30 16:57:43,483 [INFO] matplotlib.category: Using categorical units to plot a list of strings that are all parsable as floats or dates. If these strings should be plotted as numbers, cast to the appropriate data type before plotting.
2026-05-30 16:57:43,512 [INFO] matplotlib.category: Using categorical units to plot a list of strings that are all parsable as floats or dates. If these strings should be plotted as numbers, cast to the appropriate data type before plotting.
2026-05-30 16:57:43,513 [INFO] matplotlib.category: Using categorical units to plot a list of strings that are all parsable as floats or dates. If these strings should be plotted as numbers, cast to the appropriate data type before plotting.
2026-05-30 16:57:43,516 [INFO] matplotlib.category: Using categorical units to plot a list of strings that are all parsable as floats or dates. If these strings should be plotted as numbers, cast to the appropriate data type before plotting.
2026-05-30 16:57:43,517 [INFO] matplotlib.category: Using categorical units to plot a list of strings that are all parsable as floats or dates. If these strings should be plotted as numbers, cast to the appropriate data type before plotting.
2026-05-30 16:57:43,825 [INFO] src.gui.main_window: FAR generated: BS=54 rows, PL=33 rows, Ratios=8
2026-05-30 17:04:37,871 [CRITICAL] __main__: Unhandled exception
Traceback (most recent call last):
  File "D:\GT Work\far-automation\src\main.py", line 125, in <module>
    main()
    ~~~~^^
  File "D:\GT Work\far-automation\src\main.py", line 118, in main
    exit_code = app.exec()
KeyboardInterrupt
2026-05-30 17:04:47,537 [INFO] __main__: ============================================================
2026-05-30 17:04:47,537 [INFO] __main__: FAR Automation Tool started at 2026-05-30T17:04:47.537580
2026-05-30 17:04:47,538 [INFO] __main__: Python 3.13.13 (tags/v3.13.13:01104ce, Apr  7 2026, 19:25:48) [MSC v.1944 64 bit (AMD64)]
2026-05-30 17:04:47,538 [INFO] __main__: Project root: D:\GT Work\far-automation
2026-05-30 17:04:47,618 [INFO] __main__: Stylesheet loaded
2026-05-30 17:04:48,605 [CRITICAL] __main__: Unhandled exception
Traceback (most recent call last):
  File "D:\GT Work\far-automation\src\main.py", line 125, in <module>
    main()
    ~~~~^^
  File "D:\GT Work\far-automation\src\main.py", line 112, in main
    window = MainWindow()
  File "D:\GT Work\far-automation\src\gui\main_window.py", line 134, in __init__
    self._setup_ui()
    ~~~~~~~~~~~~~~^^
  File "D:\GT Work\far-automation\src\gui\main_window.py", line 159, in _setup_ui
    self.top_bar = TopBar()
                   ~~~~~~^^
  File "D:\GT Work\far-automation\src\gui\main_window.py", line 56, in __init__
    self.export_btn = QPushButton('📊 Generate Excel Sheet')
                      ^^^^^^^^^^^
NameError: name 'QPushButton' is not defined
2026-05-30 17:15:17,899 [INFO] __main__: ============================================================
2026-05-30 17:15:17,899 [INFO] __main__: FAR Automation Tool started at 2026-05-30T17:15:17.899867
2026-05-30 17:15:17,900 [INFO] __main__: Python 3.13.13 (tags/v3.13.13:01104ce, Apr  7 2026, 19:25:48) [MSC v.1944 64 bit (AMD64)]
2026-05-30 17:15:17,900 [INFO] __main__: Project root: D:\GT Work\far-automation
2026-05-30 17:15:17,977 [INFO] __main__: Stylesheet loaded
2026-05-30 17:15:20,193 [INFO] __main__: Main window shown
2026-05-30 17:15:56,931 [INFO] src.core.cpp_bridge: C++ DLL not found at D:\GT Work\far-automation\cpp_engine\build\far_engine.dll — using Python fallback
2026-05-30 17:15:57,523 [INFO] src.core.excel_parser: Date headers found: CY=2025 (col 7, row 7), PY=2024 (col 9, row 7)
2026-05-30 17:15:57,524 [INFO] src.core.excel_parser: Parsed BS: 54 rows, CY=2025, PY=2024
2026-05-30 17:15:58,099 [INFO] src.core.excel_parser: Date headers found: CY=2025 (col 5, row 7), PY=2024 (col 7, row 7)
2026-05-30 17:15:58,100 [INFO] src.core.excel_parser: Parsed PL: 33 rows, CY=2025, PY=2024
2026-05-30 17:15:58,860 [WARNING] src.core.excel_parser: Could not find two date header columns, found: []
2026-05-30 17:15:58,863 [WARNING] src.core.excel_parser: Could not find two date header columns, found: [(56, 2, 2024)]
2026-05-30 17:15:58,865 [INFO] src.core.excel_parser: Date headers found: CY=2025 (col 9, row 83), PY=2024 (col 10, row 83)
2026-05-30 17:15:58,869 [INFO] src.core.excel_parser: Date headers found: CY=2025 (col 10, row 8), PY=2024 (col 11, row 8)
2026-05-30 17:15:58,873 [INFO] src.core.excel_parser: Date headers found: CY=2025 (col 10, row 39), PY=2024 (col 11, row 39)
2026-05-30 17:15:58,876 [INFO] src.core.excel_parser: Date headers found: CY=2025 (col 10, row 61), PY=2024 (col 11, row 61)
2026-05-30 17:15:58,880 [INFO] src.core.excel_parser: Date headers found: CY=2025 (col 10, row 82), PY=2024 (col 11, row 82)
2026-05-30 17:15:58,885 [INFO] src.core.excel_parser: Date headers found: CY=2025 (col 10, row 126), PY=2024 (col 11, row 126)
2026-05-30 17:15:58,888 [INFO] src.core.excel_parser: Date headers found: CY=2025 (col 10, row 139), PY=2024 (col 11, row 139)
2026-05-30 17:15:58,892 [INFO] src.core.excel_parser: Date headers found: CY=2025 (col 10, row 148), PY=2024 (col 11, row 148)
2026-05-30 17:15:58,896 [INFO] src.core.excel_parser: Date headers found: CY=2025 (col 10, row 161), PY=2025 (col 10, row 161)
2026-05-30 17:15:58,901 [INFO] src.core.excel_parser: Date headers found: CY=2025 (col 10, row 195), PY=2024 (col 11, row 195)
2026-05-30 17:15:58,906 [INFO] src.core.excel_parser: Date headers found: CY=2025 (col 10, row 10), PY=2024 (col 11, row 10)
2026-05-30 17:15:58,911 [WARNING] src.core.excel_parser: Could not find two date header columns, found: []
2026-05-30 17:15:58,925 [INFO] src.core.excel_parser: Date headers found: CY=2025 (col 10, row 135), PY=2024 (col 11, row 135)
2026-05-30 17:15:58,929 [WARNING] src.core.excel_parser: Could not find two date header columns, found: []
2026-05-30 17:15:58,941 [INFO] src.core.excel_parser: Date headers found: CY=2025 (col 10, row 213), PY=2024 (col 11, row 213)
2026-05-30 17:15:58,948 [INFO] src.core.excel_parser: Date headers found: CY=2025 (col 10, row 233), PY=2024 (col 11, row 233)
2026-05-30 17:15:58,953 [INFO] src.core.excel_parser: Date headers found: CY=2025 (col 10, row 263), PY=2024 (col 11, row 263)
2026-05-30 17:15:58,958 [INFO] src.core.excel_parser: Date headers found: CY=2025 (col 10, row 275), PY=2024 (col 11, row 275)
2026-05-30 17:15:58,965 [INFO] src.core.excel_parser: Date headers found: CY=2025 (col 10, row 293), PY=2024 (col 11, row 293)
2026-05-30 17:15:58,974 [INFO] src.core.excel_parser: Date headers found: CY=2025 (col 10, row 338), PY=2024 (col 11, row 338)
2026-05-30 17:15:58,979 [INFO] src.core.excel_parser: Date headers found: CY=2025 (col 10, row 356), PY=2024 (col 11, row 356)
2026-05-30 17:15:58,985 [INFO] src.core.excel_parser: Date headers found: CY=2025 (col 10, row 368), PY=2024 (col 11, row 368)
2026-05-30 17:15:58,995 [INFO] src.core.excel_parser: Date headers found: CY=2025 (col 9, row 9), PY=2024 (col 10, row 9)
2026-05-30 17:15:59,002 [INFO] src.core.excel_parser: Date headers found: CY=2025 (col 9, row 19), PY=2024 (col 10, row 19)
2026-05-30 17:15:59,008 [INFO] src.core.excel_parser: Date headers found: CY=2025 (col 9, row 38), PY=2024 (col 10, row 38)
2026-05-30 17:15:59,017 [WARNING] src.core.excel_parser: Could not find two date header columns, found: [(53, 10, 2025)]
2026-05-30 17:15:59,026 [INFO] src.core.excel_parser: Date headers found: CY=2025 (col 9, row 68), PY=2024 (col 10, row 68)
2026-05-30 17:15:59,033 [INFO] src.core.excel_parser: Date headers found: CY=2025 (col 9, row 80), PY=2024 (col 10, row 80)
2026-05-30 17:15:59,047 [INFO] src.core.excel_parser: Date headers found: CY=2025 (col 9, row 122), PY=2024 (col 10, row 122)
2026-05-30 17:15:59,060 [INFO] src.core.excel_parser: Date headers found: CY=2025 (col 9, row 137), PY=2024 (col 10, row 137)
2026-05-30 17:15:59,073 [INFO] src.core.excel_parser: Date headers found: CY=2025 (col 9, row 165), PY=2024 (col 10, row 165)
2026-05-30 17:15:59,081 [INFO] src.core.excel_parser: Date headers found: CY=2025 (col 9, row 195), PY=2024 (col 10, row 195)
2026-05-30 17:15:59,090 [INFO] src.core.excel_parser: Date headers found: CY=2025 (col 9, row 223), PY=2024 (col 10, row 223)
2026-05-30 17:15:59,102 [INFO] src.core.excel_parser: Date headers found: CY=2025 (col 9, row 258), PY=2024 (col 2, row 258)
2026-05-30 17:15:59,116 [INFO] src.core.excel_parser: Date headers found: CY=2025 (col 9, row 277), PY=2024 (col 10, row 277)
2026-05-30 17:15:59,131 [INFO] src.core.excel_parser: Date headers found: CY=2025 (col 9, row 316), PY=2025 (col 2, row 316)
2026-05-30 17:15:59,136 [INFO] src.core.excel_parser: Parsed notes from 4 sheets
2026-05-30 17:15:59,788 [INFO] matplotlib.category: Using categorical units to plot a list of strings that are all parsable as floats or dates. If these strings should be plotted as numbers, cast to the appropriate data type before plotting.
2026-05-30 17:15:59,790 [INFO] matplotlib.category: Using categorical units to plot a list of strings that are all parsable as floats or dates. If these strings should be plotted as numbers, cast to the appropriate data type before plotting.
2026-05-30 17:15:59,790 [INFO] matplotlib.category: Using categorical units to plot a list of strings that are all parsable as floats or dates. If these strings should be plotted as numbers, cast to the appropriate data type before plotting.
2026-05-30 17:15:59,817 [INFO] matplotlib.category: Using categorical units to plot a list of strings that are all parsable as floats or dates. If these strings should be plotted as numbers, cast to the appropriate data type before plotting.
2026-05-30 17:15:59,817 [INFO] matplotlib.category: Using categorical units to plot a list of strings that are all parsable as floats or dates. If these strings should be plotted as numbers, cast to the appropriate data type before plotting.
2026-05-30 17:15:59,818 [INFO] matplotlib.category: Using categorical units to plot a list of strings that are all parsable as floats or dates. If these strings should be plotted as numbers, cast to the appropriate data type before plotting.
2026-05-30 17:15:59,819 [INFO] matplotlib.category: Using categorical units to plot a list of strings that are all parsable as floats or dates. If these strings should be plotted as numbers, cast to the appropriate data type before plotting.
2026-05-30 17:15:59,820 [INFO] matplotlib.category: Using categorical units to plot a list of strings that are all parsable as floats or dates. If these strings should be plotted as numbers, cast to the appropriate data type before plotting.
2026-05-30 17:15:59,822 [INFO] matplotlib.category: Using categorical units to plot a list of strings that are all parsable as floats or dates. If these strings should be plotted as numbers, cast to the appropriate data type before plotting.
2026-05-30 17:15:59,848 [INFO] matplotlib.category: Using categorical units to plot a list of strings that are all parsable as floats or dates. If these strings should be plotted as numbers, cast to the appropriate data type before plotting.
2026-05-30 17:15:59,849 [INFO] matplotlib.category: Using categorical units to plot a list of strings that are all parsable as floats or dates. If these strings should be plotted as numbers, cast to the appropriate data type before plotting.
2026-05-30 17:15:59,850 [INFO] matplotlib.category: Using categorical units to plot a list of strings that are all parsable as floats or dates. If these strings should be plotted as numbers, cast to the appropriate data type before plotting.
2026-05-30 17:15:59,851 [INFO] matplotlib.category: Using categorical units to plot a list of strings that are all parsable as floats or dates. If these strings should be plotted as numbers, cast to the appropriate data type before plotting.
2026-05-30 17:16:00,131 [INFO] src.gui.main_window: FAR generated: BS=54 rows, PL=33 rows, Ratios=8
2026-05-30 17:16:07,848 [INFO] src.core.excel_export: FAR workbook saved to D:/GT Work/FAR/Shubh_FAR_2025-26.xlsx
2026-05-30 22:58:51,294 [INFO] __main__: ============================================================
2026-05-30 22:58:51,294 [INFO] __main__: FAR Automation Tool started at 2026-05-30T22:58:51.294785
2026-05-30 22:58:51,294 [INFO] __main__: Python 3.10.11 (tags/v3.10.11:7d4cc5a, Apr  5 2023, 00:38:17) [MSC v.1929 64 bit (AMD64)]
2026-05-30 22:58:51,302 [INFO] __main__: Project root: D:\GT Work\far-automation
2026-05-30 22:58:51,616 [INFO] __main__: Stylesheet loaded
2026-05-30 22:58:56,404 [INFO] __main__: Main window shown
2026-05-30 22:59:35,506 [INFO] src.core.cpp_bridge: C++ DLL not found at D:\GT Work\far-automation\cpp_engine\build\far_engine.dll — using Python fallback
2026-05-30 22:59:36,356 [INFO] src.core.excel_parser: Date headers found: CY=2025 (col 7, row 7), PY=2024 (col 9, row 7)
2026-05-30 22:59:36,356 [INFO] src.core.excel_parser: Parsed BS: 54 rows, CY=2025, PY=2024
2026-05-30 22:59:36,958 [INFO] src.core.excel_parser: Date headers found: CY=2025 (col 5, row 7), PY=2024 (col 7, row 7)
2026-05-30 22:59:36,958 [INFO] src.core.excel_parser: Parsed PL: 33 rows, CY=2025, PY=2024
2026-05-30 22:59:37,647 [WARNING] src.core.excel_parser: Could not find two date header columns, found: []
2026-05-30 22:59:37,648 [WARNING] src.core.excel_parser: Could not find two date header columns, found: [(56, 2, 2024)]
2026-05-30 22:59:37,648 [INFO] src.core.excel_parser: Date headers found: CY=2025 (col 9, row 83), PY=2024 (col 10, row 83)
2026-05-30 22:59:37,648 [INFO] src.core.excel_parser: Date headers found: CY=2025 (col 10, row 8), PY=2024 (col 11, row 8)
2026-05-30 22:59:37,655 [INFO] src.core.excel_parser: Date headers found: CY=2025 (col 10, row 39), PY=2024 (col 11, row 39)
2026-05-30 22:59:37,655 [INFO] src.core.excel_parser: Date headers found: CY=2025 (col 10, row 61), PY=2024 (col 11, row 61)
2026-05-30 22:59:37,664 [INFO] src.core.excel_parser: Date headers found: CY=2025 (col 10, row 82), PY=2024 (col 11, row 82)
2026-05-30 22:59:37,664 [INFO] src.core.excel_parser: Date headers found: CY=2025 (col 10, row 126), PY=2024 (col 11, row 126)
2026-05-30 22:59:37,672 [INFO] src.core.excel_parser: Date headers found: CY=2025 (col 10, row 139), PY=2024 (col 11, row 139)
2026-05-30 22:59:37,680 [INFO] src.core.excel_parser: Date headers found: CY=2025 (col 10, row 148), PY=2024 (col 11, row 148)
2026-05-30 22:59:37,685 [INFO] src.core.excel_parser: Date headers found: CY=2025 (col 10, row 161), PY=2025 (col 10, row 161)
2026-05-30 22:59:37,689 [INFO] src.core.excel_parser: Date headers found: CY=2025 (col 10, row 195), PY=2024 (col 11, row 195)
2026-05-30 22:59:37,698 [INFO] src.core.excel_parser: Date headers found: CY=2025 (col 10, row 10), PY=2024 (col 11, row 10)
2026-05-30 22:59:37,704 [WARNING] src.core.excel_parser: Could not find two date header columns, found: []
2026-05-30 22:59:37,712 [INFO] src.core.excel_parser: Date headers found: CY=2025 (col 10, row 135), PY=2024 (col 11, row 135)
2026-05-30 22:59:37,721 [WARNING] src.core.excel_parser: Could not find two date header columns, found: []
2026-05-30 22:59:37,733 [INFO] src.core.excel_parser: Date headers found: CY=2025 (col 10, row 213), PY=2024 (col 11, row 213)
2026-05-30 22:59:37,741 [INFO] src.core.excel_parser: Date headers found: CY=2025 (col 10, row 233), PY=2024 (col 11, row 233)
2026-05-30 22:59:37,746 [INFO] src.core.excel_parser: Date headers found: CY=2025 (col 10, row 263), PY=2024 (col 11, row 263)
2026-05-30 22:59:37,746 [INFO] src.core.excel_parser: Date headers found: CY=2025 (col 10, row 275), PY=2024 (col 11, row 275)
2026-05-30 22:59:37,754 [INFO] src.core.excel_parser: Date headers found: CY=2025 (col 10, row 293), PY=2024 (col 11, row 293)
2026-05-30 22:59:37,764 [INFO] src.core.excel_parser: Date headers found: CY=2025 (col 10, row 338), PY=2024 (col 11, row 338)
2026-05-30 22:59:37,772 [INFO] src.core.excel_parser: Date headers found: CY=2025 (col 10, row 356), PY=2024 (col 11, row 356)
2026-05-30 22:59:37,778 [INFO] src.core.excel_parser: Date headers found: CY=2025 (col 10, row 368), PY=2024 (col 11, row 368)
2026-05-30 22:59:37,787 [INFO] src.core.excel_parser: Date headers found: CY=2025 (col 9, row 9), PY=2024 (col 10, row 9)
2026-05-30 22:59:37,798 [INFO] src.core.excel_parser: Date headers found: CY=2025 (col 9, row 19), PY=2024 (col 10, row 19)
2026-05-30 22:59:37,813 [INFO] src.core.excel_parser: Date headers found: CY=2025 (col 9, row 38), PY=2024 (col 10, row 38)
2026-05-30 22:59:37,823 [WARNING] src.core.excel_parser: Could not find two date header columns, found: [(53, 10, 2025)]
2026-05-30 22:59:37,835 [INFO] src.core.excel_parser: Date headers found: CY=2025 (col 9, row 68), PY=2024 (col 10, row 68)
2026-05-30 22:59:37,844 [INFO] src.core.excel_parser: Date headers found: CY=2025 (col 9, row 80), PY=2024 (col 10, row 80)
2026-05-30 22:59:37,860 [INFO] src.core.excel_parser: Date headers found: CY=2025 (col 9, row 122), PY=2024 (col 10, row 122)
2026-05-30 22:59:37,876 [INFO] src.core.excel_parser: Date headers found: CY=2025 (col 9, row 137), PY=2024 (col 10, row 137)
2026-05-30 22:59:37,898 [INFO] src.core.excel_parser: Date headers found: CY=2025 (col 9, row 165), PY=2024 (col 10, row 165)
2026-05-30 22:59:37,910 [INFO] src.core.excel_parser: Date headers found: CY=2025 (col 9, row 195), PY=2024 (col 10, row 195)
2026-05-30 22:59:37,924 [INFO] src.core.excel_parser: Date headers found: CY=2025 (col 9, row 223), PY=2024 (col 10, row 223)
2026-05-30 22:59:37,937 [INFO] src.core.excel_parser: Date headers found: CY=2025 (col 9, row 258), PY=2024 (col 2, row 258)
2026-05-30 22:59:37,941 [INFO] src.core.excel_parser: Date headers found: CY=2025 (col 9, row 277), PY=2024 (col 10, row 277)
2026-05-30 22:59:37,957 [INFO] src.core.excel_parser: Date headers found: CY=2025 (col 9, row 316), PY=2025 (col 2, row 316)
2026-05-30 22:59:37,965 [INFO] src.core.excel_parser: Parsed notes from 4 sheets
2026-05-30 22:59:38,575 [INFO] matplotlib.category: Using categorical units to plot a list of strings that are all parsable as floats or dates. If these strings should be plotted as numbers, cast to the appropriate data type before plotting.
2026-05-30 22:59:38,575 [INFO] matplotlib.category: Using categorical units to plot a list of strings that are all parsable as floats or dates. If these strings should be plotted as numbers, cast to the appropriate data type before plotting.
2026-05-30 22:59:38,575 [INFO] matplotlib.category: Using categorical units to plot a list of strings that are all parsable as floats or dates. If these strings should be plotted as numbers, cast to the appropriate data type before plotting.
2026-05-30 22:59:38,598 [INFO] matplotlib.category: Using categorical units to plot a list of strings that are all parsable as floats or dates. If these strings should be plotted as numbers, cast to the appropriate data type before plotting.
2026-05-30 22:59:38,598 [INFO] matplotlib.category: Using categorical units to plot a list of strings that are all parsable as floats or dates. If these strings should be plotted as numbers, cast to the appropriate data type before plotting.
2026-05-30 22:59:38,600 [INFO] matplotlib.category: Using categorical units to plot a list of strings that are all parsable as floats or dates. If these strings should be plotted as numbers, cast to the appropriate data type before plotting.
2026-05-30 22:59:38,600 [INFO] matplotlib.category: Using categorical units to plot a list of strings that are all parsable as floats or dates. If these strings should be plotted as numbers, cast to the appropriate data type before plotting.
2026-05-30 22:59:38,600 [INFO] matplotlib.category: Using categorical units to plot a list of strings that are all parsable as floats or dates. If these strings should be plotted as numbers, cast to the appropriate data type before plotting.
2026-05-30 22:59:38,600 [INFO] matplotlib.category: Using categorical units to plot a list of strings that are all parsable as floats or dates. If these strings should be plotted as numbers, cast to the appropriate data type before plotting.
2026-05-30 22:59:38,633 [INFO] matplotlib.category: Using categorical units to plot a list of strings that are all parsable as floats or dates. If these strings should be plotted as numbers, cast to the appropriate data type before plotting.
2026-05-30 22:59:38,633 [INFO] matplotlib.category: Using categorical units to plot a list of strings that are all parsable as floats or dates. If these strings should be plotted as numbers, cast to the appropriate data type before plotting.
2026-05-30 22:59:38,633 [INFO] matplotlib.category: Using categorical units to plot a list of strings that are all parsable as floats or dates. If these strings should be plotted as numbers, cast to the appropriate data type before plotting.
2026-05-30 22:59:38,633 [INFO] matplotlib.category: Using categorical units to plot a list of strings that are all parsable as floats or dates. If these strings should be plotted as numbers, cast to the appropriate data type before plotting.
2026-05-30 22:59:38,930 [INFO] src.gui.main_window: FAR generated: BS=54 rows, PL=33 rows, Ratios=8
2026-05-30 23:00:06,968 [INFO] src.core.excel_export: FAR workbook saved to D:/GT Work/FAR/SHUBH_FAR_2025-261.xlsx
2026-05-30 23:04:31,750 [INFO] __main__: Application exiting with code 0
2026-05-30 23:12:43,291 [INFO] __main__: ============================================================
2026-05-30 23:12:43,291 [INFO] __main__: FAR Automation Tool started at 2026-05-30T23:12:43.291048
2026-05-30 23:12:43,292 [INFO] __main__: Python 3.10.11 (tags/v3.10.11:7d4cc5a, Apr  5 2023, 00:38:17) [MSC v.1929 64 bit (AMD64)]
2026-05-30 23:12:43,292 [INFO] __main__: Project root: D:\GT Work\far-automation
2026-05-30 23:12:43,437 [INFO] __main__: Stylesheet loaded
2026-05-30 23:12:45,522 [INFO] __main__: Main window shown
2026-05-30 23:16:46,454 [INFO] __main__: Application exiting with code 0
2026-05-31 12:26:10,229 [INFO] __main__: ============================================================
2026-05-31 12:26:10,229 [INFO] __main__: FAR Automation Tool started at 2026-05-31T12:26:10.229130
2026-05-31 12:26:10,229 [INFO] __main__: Python 3.10.11 (tags/v3.10.11:7d4cc5a, Apr  5 2023, 00:38:17) [MSC v.1929 64 bit (AMD64)]
2026-05-31 12:26:10,229 [INFO] __main__: Project root: D:\GT Work\far-automation
2026-05-31 12:26:10,719 [INFO] __main__: Stylesheet loaded
2026-05-31 12:26:17,140 [INFO] __main__: Main window shown
2026-05-31 12:27:40,382 [INFO] src.core.cpp_bridge: C++ DLL not found at D:\GT Work\far-automation\cpp_engine\build\far_engine.dll — using Python fallback
2026-05-31 12:27:41,192 [INFO] src.core.excel_parser: Date headers found: CY=2025 (col 7, row 7), PY=2024 (col 9, row 7)
2026-05-31 12:27:41,192 [INFO] src.core.excel_parser: Parsed BS: 54 rows, CY=2025, PY=2024
2026-05-31 12:27:41,926 [INFO] src.core.excel_parser: Date headers found: CY=2025 (col 5, row 7), PY=2024 (col 7, row 7)
2026-05-31 12:27:41,926 [INFO] src.core.excel_parser: Parsed PL: 33 rows, CY=2025, PY=2024
2026-05-31 12:27:42,686 [WARNING] src.core.excel_parser: Could not find two date header columns, found: []
2026-05-31 12:27:42,686 [WARNING] src.core.excel_parser: Could not find two date header columns, found: [(56, 2, 2024)]
2026-05-31 12:27:42,701 [INFO] src.core.excel_parser: Date headers found: CY=2025 (col 9, row 83), PY=2024 (col 10, row 83)
2026-05-31 12:27:42,704 [INFO] src.core.excel_parser: Date headers found: CY=2025 (col 10, row 8), PY=2024 (col 11, row 8)
2026-05-31 12:27:42,709 [INFO] src.core.excel_parser: Date headers found: CY=2025 (col 10, row 39), PY=2024 (col 11, row 39)
2026-05-31 12:27:42,713 [INFO] src.core.excel_parser: Date headers found: CY=2025 (col 10, row 61), PY=2024 (col 11, row 61)
2026-05-31 12:27:42,713 [INFO] src.core.excel_parser: Date headers found: CY=2025 (col 10, row 82), PY=2024 (col 11, row 82)
2026-05-31 12:27:42,713 [INFO] src.core.excel_parser: Date headers found: CY=2025 (col 10, row 126), PY=2024 (col 11, row 126)
2026-05-31 12:27:42,727 [INFO] src.core.excel_parser: Date headers found: CY=2025 (col 10, row 139), PY=2024 (col 11, row 139)
2026-05-31 12:27:42,734 [INFO] src.core.excel_parser: Date headers found: CY=2025 (col 10, row 148), PY=2024 (col 11, row 148)
2026-05-31 12:27:42,734 [INFO] src.core.excel_parser: Date headers found: CY=2025 (col 10, row 161), PY=2025 (col 10, row 161)
2026-05-31 12:27:42,743 [INFO] src.core.excel_parser: Date headers found: CY=2025 (col 10, row 195), PY=2024 (col 11, row 195)
2026-05-31 12:27:42,743 [INFO] src.core.excel_parser: Date headers found: CY=2025 (col 10, row 10), PY=2024 (col 11, row 10)
2026-05-31 12:27:42,743 [WARNING] src.core.excel_parser: Could not find two date header columns, found: []
2026-05-31 12:27:42,765 [INFO] src.core.excel_parser: Date headers found: CY=2025 (col 10, row 135), PY=2024 (col 11, row 135)
2026-05-31 12:27:42,775 [WARNING] src.core.excel_parser: Could not find two date header columns, found: []
2026-05-31 12:27:42,791 [INFO] src.core.excel_parser: Date headers found: CY=2025 (col 10, row 213), PY=2024 (col 11, row 213)
2026-05-31 12:27:42,798 [INFO] src.core.excel_parser: Date headers found: CY=2025 (col 10, row 233), PY=2024 (col 11, row 233)
2026-05-31 12:27:42,804 [INFO] src.core.excel_parser: Date headers found: CY=2025 (col 10, row 263), PY=2024 (col 11, row 263)
2026-05-31 12:27:42,810 [INFO] src.core.excel_parser: Date headers found: CY=2025 (col 10, row 275), PY=2024 (col 11, row 275)
2026-05-31 12:27:42,810 [INFO] src.core.excel_parser: Date headers found: CY=2025 (col 10, row 293), PY=2024 (col 11, row 293)
2026-05-31 12:27:42,825 [INFO] src.core.excel_parser: Date headers found: CY=2025 (col 10, row 338), PY=2024 (col 11, row 338)
2026-05-31 12:27:42,825 [INFO] src.core.excel_parser: Date headers found: CY=2025 (col 10, row 356), PY=2024 (col 11, row 356)
2026-05-31 12:27:42,840 [INFO] src.core.excel_parser: Date headers found: CY=2025 (col 10, row 368), PY=2024 (col 11, row 368)
2026-05-31 12:27:42,840 [INFO] src.core.excel_parser: Date headers found: CY=2025 (col 9, row 9), PY=2024 (col 10, row 9)
2026-05-31 12:27:42,859 [INFO] src.core.excel_parser: Date headers found: CY=2025 (col 9, row 19), PY=2024 (col 10, row 19)
2026-05-31 12:27:42,859 [INFO] src.core.excel_parser: Date headers found: CY=2025 (col 9, row 38), PY=2024 (col 10, row 38)
2026-05-31 12:27:42,874 [WARNING] src.core.excel_parser: Could not find two date header columns, found: [(53, 10, 2025)]
2026-05-31 12:27:42,884 [INFO] src.core.excel_parser: Date headers found: CY=2025 (col 9, row 68), PY=2024 (col 10, row 68)
2026-05-31 12:27:42,894 [INFO] src.core.excel_parser: Date headers found: CY=2025 (col 9, row 80), PY=2024 (col 10, row 80)
2026-05-31 12:27:42,911 [INFO] src.core.excel_parser: Date headers found: CY=2025 (col 9, row 122), PY=2024 (col 10, row 122)
2026-05-31 12:27:42,923 [INFO] src.core.excel_parser: Date headers found: CY=2025 (col 9, row 137), PY=2024 (col 10, row 137)
2026-05-31 12:27:42,938 [INFO] src.core.excel_parser: Date headers found: CY=2025 (col 9, row 165), PY=2024 (col 10, row 165)
2026-05-31 12:27:42,951 [INFO] src.core.excel_parser: Date headers found: CY=2025 (col 9, row 195), PY=2024 (col 10, row 195)
2026-05-31 12:27:42,963 [INFO] src.core.excel_parser: Date headers found: CY=2025 (col 9, row 223), PY=2024 (col 10, row 223)
2026-05-31 12:27:42,972 [INFO] src.core.excel_parser: Date headers found: CY=2025 (col 9, row 258), PY=2024 (col 2, row 258)
2026-05-31 12:27:42,984 [INFO] src.core.excel_parser: Date headers found: CY=2025 (col 9, row 277), PY=2024 (col 10, row 277)
2026-05-31 12:27:42,997 [INFO] src.core.excel_parser: Date headers found: CY=2025 (col 9, row 316), PY=2025 (col 2, row 316)
2026-05-31 12:27:42,997 [INFO] src.core.excel_parser: Parsed notes from 4 sheets
2026-05-31 12:27:43,712 [INFO] matplotlib.category: Using categorical units to plot a list of strings that are all parsable as floats or dates. If these strings should be plotted as numbers, cast to the appropriate data type before plotting.
2026-05-31 12:27:43,727 [INFO] matplotlib.category: Using categorical units to plot a list of strings that are all parsable as floats or dates. If these strings should be plotted as numbers, cast to the appropriate data type before plotting.
2026-05-31 12:27:43,727 [INFO] matplotlib.category: Using categorical units to plot a list of strings that are all parsable as floats or dates. If these strings should be plotted as numbers, cast to the appropriate data type before plotting.
2026-05-31 12:27:43,745 [INFO] matplotlib.category: Using categorical units to plot a list of strings that are all parsable as floats or dates. If these strings should be plotted as numbers, cast to the appropriate data type before plotting.
2026-05-31 12:27:43,751 [INFO] matplotlib.category: Using categorical units to plot a list of strings that are all parsable as floats or dates. If these strings should be plotted as numbers, cast to the appropriate data type before plotting.
2026-05-31 12:27:43,751 [INFO] matplotlib.category: Using categorical units to plot a list of strings that are all parsable as floats or dates. If these strings should be plotted as numbers, cast to the appropriate data type before plotting.
2026-05-31 12:27:43,755 [INFO] matplotlib.category: Using categorical units to plot a list of strings that are all parsable as floats or dates. If these strings should be plotted as numbers, cast to the appropriate data type before plotting.
2026-05-31 12:27:43,755 [INFO] matplotlib.category: Using categorical units to plot a list of strings that are all parsable as floats or dates. If these strings should be plotted as numbers, cast to the appropriate data type before plotting.
2026-05-31 12:27:43,755 [INFO] matplotlib.category: Using categorical units to plot a list of strings that are all parsable as floats or dates. If these strings should be plotted as numbers, cast to the appropriate data type before plotting.
2026-05-31 12:27:43,786 [INFO] matplotlib.category: Using categorical units to plot a list of strings that are all parsable as floats or dates. If these strings should be plotted as numbers, cast to the appropriate data type before plotting.
2026-05-31 12:27:43,786 [INFO] matplotlib.category: Using categorical units to plot a list of strings that are all parsable as floats or dates. If these strings should be plotted as numbers, cast to the appropriate data type before plotting.
2026-05-31 12:27:43,786 [INFO] matplotlib.category: Using categorical units to plot a list of strings that are all parsable as floats or dates. If these strings should be plotted as numbers, cast to the appropriate data type before plotting.
2026-05-31 12:27:43,786 [INFO] matplotlib.category: Using categorical units to plot a list of strings that are all parsable as floats or dates. If these strings should be plotted as numbers, cast to the appropriate data type before plotting.
2026-05-31 12:27:44,119 [INFO] src.gui.main_window: FAR generated: BS=54 rows, PL=33 rows, Ratios=8
2026-05-31 12:27:59,675 [INFO] matplotlib.category: Using categorical units to plot a list of strings that are all parsable as floats or dates. If these strings should be plotted as numbers, cast to the appropriate data type before plotting.
2026-05-31 12:27:59,675 [INFO] matplotlib.category: Using categorical units to plot a list of strings that are all parsable as floats or dates. If these strings should be plotted as numbers, cast to the appropriate data type before plotting.
2026-05-31 12:27:59,677 [INFO] matplotlib.category: Using categorical units to plot a list of strings that are all parsable as floats or dates. If these strings should be plotted as numbers, cast to the appropriate data type before plotting.
2026-05-31 12:27:59,677 [INFO] matplotlib.category: Using categorical units to plot a list of strings that are all parsable as floats or dates. If these strings should be plotted as numbers, cast to the appropriate data type before plotting.
2026-05-31 12:28:38,373 [INFO] src.core.excel_export: FAR workbook saved to D:/GT Work/FAR/yjff_FAR_2025-26.xlsx
2026-05-31 12:35:01,889 [INFO] src.core.docx_export: FAR Word document saved to D:/GT Work/FAR/yjff_FAR_2025-26.docx
2026-06-03 12:52:53,865 [INFO] __main__: ============================================================
2026-06-03 12:52:53,866 [INFO] __main__: FAR Automation Tool started at 2026-06-03T12:52:53.866437
2026-06-03 12:52:53,866 [INFO] __main__: Python 3.10.11 (tags/v3.10.11:7d4cc5a, Apr  5 2023, 00:38:17) [MSC v.1929 64 bit (AMD64)]
2026-06-03 12:52:53,866 [INFO] __main__: Project root: D:\GT Work\far-automation
2026-06-03 12:52:54,316 [INFO] __main__: Stylesheet loaded
2026-06-03 12:53:00,984 [INFO] __main__: Main window shown
2026-06-03 12:53:42,533 [INFO] src.core.cpp_bridge: C++ DLL not found at D:\GT Work\far-automation\cpp_engine\build\far_engine.dll — using Python fallback
2026-06-03 12:53:42,572 [INFO] src.core.excel_parser: Date headers found: CY=2025 (col 7, row 7), PY=2024 (col 9, row 7)
2026-06-03 12:53:42,574 [INFO] src.core.excel_parser: Parsed BS: 66 rows, CY=2025, PY=2024
2026-06-03 12:53:42,622 [INFO] src.core.excel_parser: Date headers found: CY=2025 (col 5, row 7), PY=2024 (col 7, row 7)
2026-06-03 12:53:42,623 [INFO] src.core.excel_parser: Parsed PL: 74 rows, CY=2025, PY=2024
2026-06-03 12:53:42,713 [INFO] src.core.excel_parser: Date headers found: CY=2025 (col 3, row 6), PY=2025 (col 3, row 6)
2026-06-03 12:53:42,714 [INFO] src.core.excel_parser: Date headers found: CY=2025 (col 3, row 22), PY=2025 (col 3, row 22)
2026-06-03 12:53:42,715 [INFO] src.core.excel_parser: Date headers found: CY=2025 (col 3, row 31), PY=2025 (col 3, row 31)
2026-06-03 12:53:42,717 [INFO] src.core.excel_parser: Date headers found: CY=2025 (col 3, row 41), PY=2025 (col 3, row 41)
2026-06-03 12:53:42,717 [INFO] src.core.excel_parser: Date headers found: CY=2025 (col 3, row 49), PY=2025 (col 3, row 49)
2026-06-03 12:53:42,718 [INFO] src.core.excel_parser: Date headers found: CY=2025 (col 3, row 6), PY=2025 (col 3, row 6)
2026-06-03 12:53:42,719 [INFO] src.core.excel_parser: Date headers found: CY=2025 (col 3, row 15), PY=2025 (col 3, row 15)
2026-06-03 12:53:42,719 [INFO] src.core.excel_parser: Date headers found: CY=2025 (col 3, row 23), PY=2025 (col 3, row 23)
2026-06-03 12:53:42,720 [INFO] src.core.excel_parser: Date headers found: CY=2025 (col 3, row 34), PY=2025 (col 3, row 34)
2026-06-03 12:53:42,720 [INFO] src.core.excel_parser: Date headers found: CY=2025 (col 3, row 53), PY=2025 (col 3, row 53)
2026-06-03 12:53:42,721 [INFO] src.core.excel_parser: Date headers found: CY=2025 (col 3, row 6), PY=2025 (col 3, row 6)
2026-06-03 12:53:42,721 [INFO] src.core.excel_parser: Date headers found: CY=2025 (col 3, row 18), PY=2025 (col 3, row 18)
2026-06-03 12:53:42,723 [INFO] src.core.excel_parser: Date headers found: CY=2025 (col 3, row 27), PY=2025 (col 3, row 27)
2026-06-03 12:53:42,724 [INFO] src.core.excel_parser: Date headers found: CY=2025 (col 3, row 40), PY=2025 (col 3, row 40)
2026-06-03 12:53:42,724 [INFO] src.core.excel_parser: Date headers found: CY=2025 (col 3, row 6), PY=2025 (col 3, row 6)
2026-06-03 12:53:42,725 [INFO] src.core.excel_parser: Date headers found: CY=2025 (col 3, row 27), PY=2025 (col 3, row 27)
2026-06-03 12:53:42,726 [INFO] src.core.excel_parser: Date headers found: CY=2025 (col 3, row 42), PY=2025 (col 3, row 42)
2026-06-03 12:53:42,727 [INFO] src.core.excel_parser: Date headers found: CY=2025 (col 3, row 55), PY=2025 (col 3, row 55)
2026-06-03 12:53:42,727 [INFO] src.core.excel_parser: Date headers found: CY=2025 (col 3, row 66), PY=2025 (col 3, row 66)
2026-06-03 12:53:42,728 [INFO] src.core.excel_parser: Date headers found: CY=2025 (col 3, row 77), PY=2025 (col 3, row 77)
2026-06-03 12:53:42,728 [INFO] src.core.excel_parser: Parsed notes from 4 sheets
2026-06-03 12:53:43,189 [INFO] matplotlib.category: Using categorical units to plot a list of strings that are all parsable as floats or dates. If these strings should be plotted as numbers, cast to the appropriate data type before plotting.
2026-06-03 12:53:43,191 [INFO] matplotlib.category: Using categorical units to plot a list of strings that are all parsable as floats or dates. If these strings should be plotted as numbers, cast to the appropriate data type before plotting.
2026-06-03 12:53:43,192 [INFO] matplotlib.category: Using categorical units to plot a list of strings that are all parsable as floats or dates. If these strings should be plotted as numbers, cast to the appropriate data type before plotting.
2026-06-03 12:53:43,220 [INFO] matplotlib.category: Using categorical units to plot a list of strings that are all parsable as floats or dates. If these strings should be plotted as numbers, cast to the appropriate data type before plotting.
2026-06-03 12:53:43,222 [INFO] matplotlib.category: Using categorical units to plot a list of strings that are all parsable as floats or dates. If these strings should be plotted as numbers, cast to the appropriate data type before plotting.
2026-06-03 12:53:43,222 [INFO] matplotlib.category: Using categorical units to plot a list of strings that are all parsable as floats or dates. If these strings should be plotted as numbers, cast to the appropriate data type before plotting.
2026-06-03 12:53:43,224 [INFO] matplotlib.category: Using categorical units to plot a list of strings that are all parsable as floats or dates. If these strings should be plotted as numbers, cast to the appropriate data type before plotting.
2026-06-03 12:53:43,225 [INFO] matplotlib.category: Using categorical units to plot a list of strings that are all parsable as floats or dates. If these strings should be plotted as numbers, cast to the appropriate data type before plotting.
2026-06-03 12:53:43,225 [INFO] matplotlib.category: Using categorical units to plot a list of strings that are all parsable as floats or dates. If these strings should be plotted as numbers, cast to the appropriate data type before plotting.
2026-06-03 12:53:43,251 [INFO] matplotlib.category: Using categorical units to plot a list of strings that are all parsable as floats or dates. If these strings should be plotted as numbers, cast to the appropriate data type before plotting.
2026-06-03 12:53:43,251 [INFO] matplotlib.category: Using categorical units to plot a list of strings that are all parsable as floats or dates. If these strings should be plotted as numbers, cast to the appropriate data type before plotting.
2026-06-03 12:53:43,251 [INFO] matplotlib.category: Using categorical units to plot a list of strings that are all parsable as floats or dates. If these strings should be plotted as numbers, cast to the appropriate data type before plotting.
2026-06-03 12:53:43,253 [INFO] matplotlib.category: Using categorical units to plot a list of strings that are all parsable as floats or dates. If these strings should be plotted as numbers, cast to the appropriate data type before plotting.
2026-06-03 12:53:43,551 [INFO] src.gui.main_window: FAR generated: BS=66 rows, PL=74 rows, Ratios=8
2026-06-03 12:54:05,520 [INFO] matplotlib.category: Using categorical units to plot a list of strings that are all parsable as floats or dates. If these strings should be plotted as numbers, cast to the appropriate data type before plotting.
2026-06-03 12:54:05,520 [INFO] matplotlib.category: Using categorical units to plot a list of strings that are all parsable as floats or dates. If these strings should be plotted as numbers, cast to the appropriate data type before plotting.
2026-06-03 12:54:05,523 [INFO] matplotlib.category: Using categorical units to plot a list of strings that are all parsable as floats or dates. If these strings should be plotted as numbers, cast to the appropriate data type before plotting.
2026-06-03 12:54:05,523 [INFO] matplotlib.category: Using categorical units to plot a list of strings that are all parsable as floats or dates. If these strings should be plotted as numbers, cast to the appropriate data type before plotting.
2026-06-03 12:54:47,433 [INFO] src.core.excel_export: FAR workbook saved to C:/Users/shuhb/Downloads/SHUBH_FAR_2025-26.xlsx
2026-06-03 12:56:17,553 [INFO] matplotlib.category: Using categorical units to plot a list of strings that are all parsable as floats or dates. If these strings should be plotted as numbers, cast to the appropriate data type before plotting.
2026-06-03 12:56:17,555 [INFO] matplotlib.category: Using categorical units to plot a list of strings that are all parsable as floats or dates. If these strings should be plotted as numbers, cast to the appropriate data type before plotting.
2026-06-03 12:56:17,557 [INFO] matplotlib.category: Using categorical units to plot a list of strings that are all parsable as floats or dates. If these strings should be plotted as numbers, cast to the appropriate data type before plotting.
2026-06-03 12:56:17,558 [INFO] matplotlib.category: Using categorical units to plot a list of strings that are all parsable as floats or dates. If these strings should be plotted as numbers, cast to the appropriate data type before plotting.
2026-06-03 13:00:41,439 [INFO] src.core.excel_export: FAR workbook saved to C:/Users/shuhb/Downloads/SHUBH_FAR_r2025-26.xlsx
2026-06-03 13:14:12,230 [INFO] __main__: ============================================================
2026-06-03 13:14:12,230 [INFO] __main__: FAR Automation Tool started at 2026-06-03T13:14:12.230153
2026-06-03 13:14:12,230 [INFO] __main__: Python 3.10.11 (tags/v3.10.11:7d4cc5a, Apr  5 2023, 00:38:17) [MSC v.1929 64 bit (AMD64)]
2026-06-03 13:14:12,230 [INFO] __main__: Project root: D:\GT Work\far-automation
2026-06-03 13:14:12,375 [INFO] __main__: Stylesheet loaded
2026-06-03 13:14:14,202 [INFO] __main__: Main window shown
2026-06-03 13:14:48,214 [INFO] src.core.cpp_bridge: C++ DLL not found at D:\GT Work\far-automation\cpp_engine\build\far_engine.dll — using Python fallback
2026-06-03 13:14:48,269 [INFO] src.core.excel_parser: Client name extracted from row 1: Sunrise Manufacturing & Trading Co. Pvt. Ltd.
2026-06-03 13:14:48,270 [INFO] src.core.excel_parser: Date headers found: CY=2025 (col 7, row 7), PY=2024 (col 9, row 7)
2026-06-03 13:14:48,271 [INFO] src.core.excel_parser: Parsed BS: 66 rows, CY=2025, PY=2024
2026-06-03 13:14:48,321 [INFO] src.core.excel_parser: Client name extracted from row 1: Sunrise Manufacturing & Trading Co. Pvt. Ltd.
2026-06-03 13:14:48,322 [INFO] src.core.excel_parser: Date headers found: CY=2025 (col 5, row 7), PY=2024 (col 7, row 7)
2026-06-03 13:14:48,323 [INFO] src.core.excel_parser: Parsed PL: 74 rows, CY=2025, PY=2024
2026-06-03 13:14:48,402 [INFO] src.core.excel_parser: Date headers found: CY=2025 (col 3, row 6), PY=2025 (col 3, row 6)
2026-06-03 13:14:48,403 [INFO] src.core.excel_parser: Date headers found: CY=2025 (col 3, row 22), PY=2025 (col 3, row 22)
2026-06-03 13:14:48,404 [INFO] src.core.excel_parser: Date headers found: CY=2025 (col 3, row 31), PY=2025 (col 3, row 31)
2026-06-03 13:14:48,406 [INFO] src.core.excel_parser: Date headers found: CY=2025 (col 3, row 41), PY=2025 (col 3, row 41)
2026-06-03 13:14:48,406 [INFO] src.core.excel_parser: Date headers found: CY=2025 (col 3, row 49), PY=2025 (col 3, row 49)
2026-06-03 13:14:48,407 [INFO] src.core.excel_parser: Date headers found: CY=2025 (col 3, row 6), PY=2025 (col 3, row 6)
2026-06-03 13:14:48,408 [INFO] src.core.excel_parser: Date headers found: CY=2025 (col 3, row 15), PY=2025 (col 3, row 15)
2026-06-03 13:14:48,408 [INFO] src.core.excel_parser: Date headers found: CY=2025 (col 3, row 23), PY=2025 (col 3, row 23)
2026-06-03 13:14:48,409 [INFO] src.core.excel_parser: Date headers found: CY=2025 (col 3, row 34), PY=2025 (col 3, row 34)
2026-06-03 13:14:48,409 [INFO] src.core.excel_parser: Date headers found: CY=2025 (col 3, row 53), PY=2025 (col 3, row 53)
2026-06-03 13:14:48,410 [INFO] src.core.excel_parser: Date headers found: CY=2025 (col 3, row 6), PY=2025 (col 3, row 6)
2026-06-03 13:14:48,410 [INFO] src.core.excel_parser: Date headers found: CY=2025 (col 3, row 18), PY=2025 (col 3, row 18)
2026-06-03 13:14:48,411 [INFO] src.core.excel_parser: Date headers found: CY=2025 (col 3, row 27), PY=2025 (col 3, row 27)
2026-06-03 13:14:48,412 [INFO] src.core.excel_parser: Date headers found: CY=2025 (col 3, row 40), PY=2025 (col 3, row 40)
2026-06-03 13:14:48,413 [INFO] src.core.excel_parser: Date headers found: CY=2025 (col 3, row 6), PY=2025 (col 3, row 6)
2026-06-03 13:14:48,414 [INFO] src.core.excel_parser: Date headers found: CY=2025 (col 3, row 27), PY=2025 (col 3, row 27)
2026-06-03 13:14:48,414 [INFO] src.core.excel_parser: Date headers found: CY=2025 (col 3, row 42), PY=2025 (col 3, row 42)
2026-06-03 13:14:48,415 [INFO] src.core.excel_parser: Date headers found: CY=2025 (col 3, row 55), PY=2025 (col 3, row 55)
2026-06-03 13:14:48,416 [INFO] src.core.excel_parser: Date headers found: CY=2025 (col 3, row 66), PY=2025 (col 3, row 66)
2026-06-03 13:14:48,416 [INFO] src.core.excel_parser: Date headers found: CY=2025 (col 3, row 77), PY=2025 (col 3, row 77)
2026-06-03 13:14:48,417 [INFO] src.core.excel_parser: Parsed notes from 4 sheets
2026-06-03 13:14:48,426 [INFO] src.core.excel_parser: Found non-zero value for 'trade receivables' on row 'Trade Receivables': CY=52340.00, PY=44780.00
2026-06-03 13:14:48,427 [INFO] src.core.excel_parser: BS Summary: total_ca=124750, total_cl=63800, debtors=52340, equity=108540
2026-06-03 13:14:48,427 [WARNING] src.core.excel_parser: Keyword 'revenue from operations' matched row 'Revenue from Operations' but value is ZERO — may be a heading row; scanning further
2026-06-03 13:14:48,427 [INFO] src.core.excel_parser: Found non-zero value for 'revenue from operations' on row 'Revenue from Operations (Net)': CY=372220.00, PY=308740.00
2026-06-03 13:14:48,427 [INFO] src.core.excel_parser: Found non-zero value for 'total income' on row 'Total Income': CY=381930.00, PY=315640.00
2026-06-03 13:14:48,427 [INFO] src.core.excel_parser: PBT found: row='Profit Before Exceptional Items and Tax', CY=65220.00, PY=53410.00
2026-06-03 13:14:48,427 [INFO] src.core.excel_parser: PAT found via keyword 'profit for the year': row='Profit for the Year', CY=45200.00, PY=37810.00
2026-06-03 13:14:48,428 [WARNING] src.core.excel_parser: Keyword 'finance cost' matched row 'Finance Costs' but value is ZERO — may be a heading row; scanning further
2026-06-03 13:14:48,428 [INFO] src.core.excel_parser: Found non-zero value for 'finance cost' on row 'Total Finance Costs': CY=9580.00, PY=8630.00
2026-06-03 13:14:48,428 [INFO] src.core.excel_parser: PL Summary: revenue_ops=372220, pbt=65220, pat=45200, finance_cost=9580
2026-06-03 13:14:48,428 [INFO] src.core.cpp_bridge: Ratio inputs — revenue_ops: CY=372220 PY=308740 | pat: CY=45200 PY=37810 | debtors: CY=52340 PY=44780 (avg_cy=48560) | total_ca: CY=124750 PY=102670 | total_cl: CY=63800 PY=53300
2026-06-03 13:14:48,428 [INFO] src.core.cpp_bridge: RATIO 'Debt Equity Ratio': CY=0.8362, PY=0.8263, Change=1.19%
2026-06-03 13:14:48,428 [INFO] src.core.cpp_bridge: RATIO 'Current Ratio': CY=1.9553, PY=1.9263, Change=1.51%
2026-06-03 13:14:48,428 [INFO] src.core.cpp_bridge: RATIO 'GCA Days': CY=119.2201, PY=118.7256, Change=0.42%
2026-06-03 13:14:48,428 [INFO] src.core.cpp_bridge: RATIO 'Total Outside Liab. vs Total Equity': CY=1.2609, PY=1.3586, Change=-7.19%
2026-06-03 13:14:48,428 [INFO] src.core.cpp_bridge: RATIO 'Net Profit Ratio': CY=12.1434, PY=12.2466, Change=-0.84%
2026-06-03 13:14:48,428 [INFO] src.core.cpp_bridge: RATIO 'Return on Equity (ROE)': CY=64.9440, PY=57.8594, Change=12.24%
2026-06-03 13:14:48,429 [INFO] src.core.cpp_bridge: RATIO 'Return on Capital Employed (ROCE)': CY=37.5314, PY=36.7993, Change=1.99%
2026-06-03 13:14:48,429 [INFO] src.core.cpp_bridge: RATIO 'Debtor Turnover Ratio': CY=7.6652, PY=6.8946, Change=11.18%
2026-06-03 13:14:48,444 [INFO] src.core.validation: VALIDATION PASS — ✓ Balance Sheet identity: Assets=245,400 ≈ Equity+Liabilities=245,400 (diff=0, within tolerance 245)
2026-06-03 13:14:48,488 [INFO] src.core.validation: VALIDATION PASS — ✓ Revenue from Operations > 0: Revenue = 372,220
2026-06-03 13:14:48,489 [INFO] src.core.validation: VALIDATION PASS — ✓ Average Trade Receivables > 0: CY=52,340, PY=44,780, Avg=48,560
2026-06-03 13:14:48,490 [INFO] src.core.validation: VALIDATION PASS — ✓ Ratio 'Current Ratio': CY=1.9553 (non-zero)
2026-06-03 13:14:48,491 [INFO] src.core.validation: VALIDATION PASS — ✓ Ratio 'Net Profit Ratio': CY=12.1434 (non-zero)
2026-06-03 13:14:48,492 [INFO] src.core.validation: VALIDATION PASS — ✓ Ratio 'Return on Equity (ROE)': CY=64.9440 (non-zero)
2026-06-03 13:14:48,492 [INFO] src.core.validation: VALIDATION PASS — ✓ Ratio 'Return on Capital Employed (ROCE)': CY=37.5314 (non-zero)
2026-06-03 13:14:48,493 [INFO] src.core.validation: VALIDATION PASS — ✓ Ratio 'Debtor Turnover Ratio': CY=7.6652 (non-zero)
2026-06-03 13:14:48,493 [INFO] src.core.validation: VALIDATION PASS — ✓ P&L mapping: Revenue from Operations: = 372,220
2026-06-03 13:14:48,494 [INFO] src.core.validation: VALIDATION PASS — ✓ P&L mapping: Profit Before Tax: = 65,220
2026-06-03 13:14:48,494 [INFO] src.core.validation: VALIDATION PASS — ✓ P&L mapping: Profit After Tax: = 45,200
2026-06-03 13:14:48,495 [INFO] src.core.validation: VALIDATION PASS — ✓ BS mapping: Total Current Assets: = 124,750
2026-06-03 13:14:48,497 [INFO] src.core.validation: VALIDATION PASS — ✓ BS mapping: Total Current Liabilities: = 63,800
2026-06-03 13:14:48,498 [INFO] src.core.validation: VALIDATION PASS — ✓ BS mapping: Total Equity: = 108,540
2026-06-03 13:14:48,498 [INFO] src.core.validation: VALIDATION PASS — ✓ BS mapping: Trade Receivables: = 52,340
2026-06-03 13:14:48,499 [INFO] src.core.validation: VALIDATION PASS — ✓ BS row count: 66 rows parsed
2026-06-03 13:14:48,500 [INFO] src.core.validation: VALIDATION PASS — ✓ P&L row count: 74 rows parsed
2026-06-03 13:14:48,500 [INFO] src.core.validation: Validation complete: 17 passed, 0 warnings, 0 failed, 0 auto-corrected
2026-06-03 13:14:48,500 [INFO] src.core.validation: ============================================================
FAR VALIDATION REPORT
============================================================

PASSED CHECKS:
  ✓ Balance Sheet identity: Assets=245,400 ≈ Equity+Liabilities=245,400 (diff=0, within tolerance 245)
  ✓ Revenue from Operations > 0: Revenue = 372,220
  ✓ Average Trade Receivables > 0: CY=52,340, PY=44,780, Avg=48,560
  ✓ Ratio 'Current Ratio': CY=1.9553 (non-zero)
  ✓ Ratio 'Net Profit Ratio': CY=12.1434 (non-zero)
  ✓ Ratio 'Return on Equity (ROE)': CY=64.9440 (non-zero)
  ✓ Ratio 'Return on Capital Employed (ROCE)': CY=37.5314 (non-zero)
  ✓ Ratio 'Debtor Turnover Ratio': CY=7.6652 (non-zero)
  ✓ P&L mapping: Revenue from Operations: = 372,220
  ✓ P&L mapping: Profit Before Tax: = 65,220
  ✓ P&L mapping: Profit After Tax: = 45,200
  ✓ BS mapping: Total Current Assets: = 124,750
  ✓ BS mapping: Total Current Liabilities: = 63,800
  ✓ BS mapping: Total Equity: = 108,540
  ✓ BS mapping: Trade Receivables: = 52,340
  ✓ BS row count: 66 rows parsed
  ✓ P&L row count: 74 rows parsed
============================================================
2026-06-03 13:14:48,904 [INFO] matplotlib.category: Using categorical units to plot a list of strings that are all parsable as floats or dates. If these strings should be plotted as numbers, cast to the appropriate data type before plotting.
2026-06-03 13:14:48,906 [INFO] matplotlib.category: Using categorical units to plot a list of strings that are all parsable as floats or dates. If these strings should be plotted as numbers, cast to the appropriate data type before plotting.
2026-06-03 13:14:48,908 [INFO] matplotlib.category: Using categorical units to plot a list of strings that are all parsable as floats or dates. If these strings should be plotted as numbers, cast to the appropriate data type before plotting.
2026-06-03 13:14:48,940 [INFO] matplotlib.category: Using categorical units to plot a list of strings that are all parsable as floats or dates. If these strings should be plotted as numbers, cast to the appropriate data type before plotting.
2026-06-03 13:14:48,941 [INFO] matplotlib.category: Using categorical units to plot a list of strings that are all parsable as floats or dates. If these strings should be plotted as numbers, cast to the appropriate data type before plotting.
2026-06-03 13:14:48,943 [INFO] matplotlib.category: Using categorical units to plot a list of strings that are all parsable as floats or dates. If these strings should be plotted as numbers, cast to the appropriate data type before plotting.
2026-06-03 13:14:48,944 [INFO] matplotlib.category: Using categorical units to plot a list of strings that are all parsable as floats or dates. If these strings should be plotted as numbers, cast to the appropriate data type before plotting.
2026-06-03 13:14:48,944 [INFO] matplotlib.category: Using categorical units to plot a list of strings that are all parsable as floats or dates. If these strings should be plotted as numbers, cast to the appropriate data type before plotting.
2026-06-03 13:14:48,944 [INFO] matplotlib.category: Using categorical units to plot a list of strings that are all parsable as floats or dates. If these strings should be plotted as numbers, cast to the appropriate data type before plotting.
2026-06-03 13:14:48,979 [INFO] matplotlib.category: Using categorical units to plot a list of strings that are all parsable as floats or dates. If these strings should be plotted as numbers, cast to the appropriate data type before plotting.
2026-06-03 13:14:48,980 [INFO] matplotlib.category: Using categorical units to plot a list of strings that are all parsable as floats or dates. If these strings should be plotted as numbers, cast to the appropriate data type before plotting.
2026-06-03 13:14:48,982 [INFO] matplotlib.category: Using categorical units to plot a list of strings that are all parsable as floats or dates. If these strings should be plotted as numbers, cast to the appropriate data type before plotting.
2026-06-03 13:14:48,983 [INFO] matplotlib.category: Using categorical units to plot a list of strings that are all parsable as floats or dates. If these strings should be plotted as numbers, cast to the appropriate data type before plotting.
2026-06-03 13:14:49,236 [INFO] src.gui.main_window: FAR generated: BS=66 rows, PL=74 rows, Ratios=8
2026-06-03 13:15:27,113 [INFO] src.core.excel_export: FAR workbook saved to C:/Users/shuhb/Downloads/Sunris1e_FAR_2025-26.xlsx
2026-06-03 13:20:46,052 [INFO] __main__: Application exiting with code 0
2026-06-03 13:20:48,788 [INFO] __main__: Application exiting with code 0
2026-06-04 11:22:02,433 [INFO] __main__: ============================================================
2026-06-04 11:22:02,434 [INFO] __main__: FAR Automation Tool started at 2026-06-04T11:22:02.434008
2026-06-04 11:22:02,435 [INFO] __main__: Python 3.10.11 (tags/v3.10.11:7d4cc5a, Apr  5 2023, 00:38:17) [MSC v.1929 64 bit (AMD64)]
2026-06-04 11:22:02,435 [INFO] __main__: Project root: D:\GT Work\far-automation
2026-06-04 11:22:02,880 [INFO] __main__: Stylesheet loaded
2026-06-04 11:22:09,425 [INFO] __main__: Main window shown
2026-06-04 11:31:38,705 [INFO] src.core.cpp_bridge: C++ DLL not found at D:\GT Work\far-automation\cpp_engine\build\far_engine.dll — using Python fallback
2026-06-04 11:31:39,392 [INFO] src.core.excel_parser: Client name extracted from row 1: Name of Client
2026-06-04 11:31:39,393 [INFO] src.core.excel_parser: Date headers found: CY=2025 (col 7, row 7), PY=2024 (col 9, row 7)
2026-06-04 11:31:39,394 [INFO] src.core.excel_parser: Parsed BS: 54 rows, CY=2025, PY=2024
2026-06-04 11:31:39,998 [INFO] src.core.excel_parser: Client name extracted from row 1: Name of Client
2026-06-04 11:31:39,999 [INFO] src.core.excel_parser: Date headers found: CY=2025 (col 5, row 7), PY=2024 (col 7, row 7)
2026-06-04 11:31:40,000 [INFO] src.core.excel_parser: Parsed PL: 33 rows, CY=2025, PY=2024
2026-06-04 11:31:40,659 [WARNING] src.core.excel_parser: Could not find two date header columns, found: []
2026-06-04 11:31:40,660 [WARNING] src.core.excel_parser: Note 3: Could not find date columns — skipping
2026-06-04 11:31:40,662 [WARNING] src.core.excel_parser: Could not find two date header columns, found: [(56, 2, 2024)]
2026-06-04 11:31:40,662 [WARNING] src.core.excel_parser: Note 3A: Could not find date columns — skipping
2026-06-04 11:31:40,664 [INFO] src.core.excel_parser: Date headers found: CY=2025 (col 9, row 83), PY=2024 (col 10, row 83)
2026-06-04 11:31:40,667 [INFO] src.core.excel_parser: Date headers found: CY=2025 (col 10, row 8), PY=2024 (col 11, row 8)
2026-06-04 11:31:40,670 [INFO] src.core.excel_parser: Date headers found: CY=2025 (col 10, row 39), PY=2024 (col 11, row 39)
2026-06-04 11:31:40,674 [INFO] src.core.excel_parser: Date headers found: CY=2025 (col 10, row 61), PY=2024 (col 11, row 61)
2026-06-04 11:31:40,679 [INFO] src.core.excel_parser: Date headers found: CY=2025 (col 10, row 82), PY=2024 (col 11, row 82)
2026-06-04 11:31:40,682 [INFO] src.core.excel_parser: Date headers found: CY=2025 (col 10, row 126), PY=2024 (col 11, row 126)
2026-06-04 11:31:40,686 [INFO] src.core.excel_parser: Date headers found: CY=2025 (col 10, row 139), PY=2024 (col 11, row 139)
2026-06-04 11:31:40,689 [INFO] src.core.excel_parser: Date headers found: CY=2025 (col 10, row 148), PY=2024 (col 11, row 148)
2026-06-04 11:31:40,693 [INFO] src.core.excel_parser: Date headers found: CY=2025 (col 10, row 161), PY=2025 (col 10, row 161)
2026-06-04 11:31:40,697 [INFO] src.core.excel_parser: Date headers found: CY=2025 (col 10, row 195), PY=2024 (col 11, row 195)
2026-06-04 11:31:40,702 [INFO] src.core.excel_parser: Date headers found: CY=2025 (col 10, row 10), PY=2024 (col 11, row 10)
2026-06-04 11:31:40,707 [WARNING] src.core.excel_parser: Could not find two date header columns, found: []
2026-06-04 11:31:40,708 [WARNING] src.core.excel_parser: Note 11: Could not find date columns — skipping
2026-06-04 11:31:40,718 [INFO] src.core.excel_parser: Date headers found: CY=2025 (col 10, row 135), PY=2024 (col 11, row 135)
2026-06-04 11:31:40,722 [WARNING] src.core.excel_parser: Could not find two date header columns, found: []
2026-06-04 11:31:40,723 [WARNING] src.core.excel_parser: Note 12: Could not find date columns — skipping
2026-06-04 11:31:40,733 [INFO] src.core.excel_parser: Date headers found: CY=2025 (col 10, row 213), PY=2024 (col 11, row 213)
2026-06-04 11:31:40,739 [INFO] src.core.excel_parser: Date headers found: CY=2025 (col 10, row 233), PY=2024 (col 11, row 233)
2026-06-04 11:31:40,743 [INFO] src.core.excel_parser: Date headers found: CY=2025 (col 10, row 263), PY=2024 (col 11, row 263)
2026-06-04 11:31:40,748 [INFO] src.core.excel_parser: Date headers found: CY=2025 (col 10, row 275), PY=2024 (col 11, row 275)
2026-06-04 11:31:40,752 [INFO] src.core.excel_parser: Date headers found: CY=2025 (col 10, row 293), PY=2024 (col 11, row 293)
2026-06-04 11:31:40,757 [INFO] src.core.excel_parser: Date headers found: CY=2025 (col 10, row 338), PY=2024 (col 11, row 338)
2026-06-04 11:31:40,762 [INFO] src.core.excel_parser: Date headers found: CY=2025 (col 10, row 356), PY=2024 (col 11, row 356)
2026-06-04 11:31:40,768 [INFO] src.core.excel_parser: Date headers found: CY=2025 (col 10, row 368), PY=2024 (col 11, row 368)
2026-06-04 11:31:40,777 [INFO] src.core.excel_parser: Date headers found: CY=2025 (col 9, row 9), PY=2024 (col 10, row 9)
2026-06-04 11:31:40,785 [INFO] src.core.excel_parser: Date headers found: CY=2025 (col 9, row 19), PY=2024 (col 10, row 19)
2026-06-04 11:31:40,792 [INFO] src.core.excel_parser: Date headers found: CY=2025 (col 9, row 38), PY=2024 (col 10, row 38)
2026-06-04 11:31:40,799 [WARNING] src.core.excel_parser: Could not find two date header columns, found: [(53, 10, 2025)]
2026-06-04 11:31:40,801 [WARNING] src.core.excel_parser: Note 21: Could not find date columns — skipping
2026-06-04 11:31:40,809 [INFO] src.core.excel_parser: Date headers found: CY=2025 (col 9, row 68), PY=2024 (col 10, row 68)
2026-06-04 11:31:40,816 [INFO] src.core.excel_parser: Date headers found: CY=2025 (col 9, row 80), PY=2024 (col 10, row 80)
2026-06-04 11:31:40,826 [INFO] src.core.excel_parser: Date headers found: CY=2025 (col 9, row 122), PY=2024 (col 10, row 122)
2026-06-04 11:31:40,836 [INFO] src.core.excel_parser: Date headers found: CY=2025 (col 9, row 137), PY=2024 (col 10, row 137)
2026-06-04 11:31:40,847 [INFO] src.core.excel_parser: Date headers found: CY=2025 (col 9, row 165), PY=2024 (col 10, row 165)
2026-06-04 11:31:40,855 [INFO] src.core.excel_parser: Date headers found: CY=2025 (col 9, row 195), PY=2024 (col 10, row 195)
2026-06-04 11:31:40,866 [INFO] src.core.excel_parser: Date headers found: CY=2025 (col 9, row 223), PY=2024 (col 10, row 223)
2026-06-04 11:31:40,879 [INFO] src.core.excel_parser: Date headers found: CY=2025 (col 9, row 258), PY=2024 (col 2, row 258)
2026-06-04 11:31:40,890 [INFO] src.core.excel_parser: Date headers found: CY=2025 (col 9, row 277), PY=2024 (col 10, row 277)
2026-06-04 11:31:40,902 [INFO] src.core.excel_parser: Date headers found: CY=2025 (col 9, row 316), PY=2025 (col 2, row 316)
2026-06-04 11:31:40,907 [INFO] src.core.excel_parser: Parsed notes from 4 sheets
2026-06-04 11:31:40,918 [INFO] src.core.excel_parser: Found non-zero value for 'trade receivables' on row 'Trade receivables': CY=8607499.12, PY=2012487.00
2026-06-04 11:31:40,919 [INFO] src.core.excel_parser: BS Summary: total_ca=258300405, total_cl=256966044, debtors=8607499, equity=17122765
2026-06-04 11:31:40,919 [WARNING] src.core.excel_parser: Keyword 'revenue from operations' matched row 'Revenue from operations' but value is ZERO — may be a heading row; scanning further
2026-06-04 11:31:40,919 [INFO] src.core.excel_parser: Found non-zero value for 'software services' on row '- Software services': CY=10984519.00, PY=14480207.00
2026-06-04 11:31:40,919 [INFO] src.core.excel_parser: Found non-zero value for 'total income' on row 'Total income': CY=26887946.00, PY=50946209.00
2026-06-04 11:31:40,920 [INFO] src.core.excel_parser: PBT found: row='Profit / (Loss) before exceptional and extraordinary items and tax', CY=-2956284.00, PY=19400000.00
2026-06-04 11:31:40,920 [WARNING] src.core.excel_parser: PAT: Could not find Profit After Tax row — falling back to PBT (-2956284.00). Net Profit Ratio may be slightly overstated (ignores tax).
2026-06-04 11:31:40,921 [INFO] src.core.excel_parser: Found non-zero value for 'finance charge' on row 'Finance charges': CY=11760865.00, PY=14031849.00
2026-06-04 11:31:40,921 [INFO] src.core.excel_parser: PL Summary: revenue_ops=10984519, pbt=-2956284, pat=-2956284, finance_cost=11760865
2026-06-04 11:31:40,922 [INFO] src.core.cpp_bridge: Ratio inputs — revenue_ops: CY=10984519 PY=14480207 | pat: CY=-2956284 PY=19400000 | debtors: CY=8607499 PY=2012487 (avg_cy=5309993) | total_ca: CY=258300405 PY=248841999 | total_cl: CY=256966044 PY=9579438
2026-06-04 11:31:40,922 [INFO] src.core.cpp_bridge: RATIO 'Debt Equity Ratio': CY=14.6329, PY=3.6661, Change=299.14%
2026-06-04 11:31:40,922 [INFO] src.core.cpp_bridge: RATIO 'Current Ratio': CY=1.0052, PY=25.9767, Change=-96.13%
2026-06-04 11:31:40,922 [INFO] src.core.cpp_bridge: RATIO 'GCA Days': CY=3506.3909, PY=1782.8084, Change=96.68%
2026-06-04 11:31:40,922 [INFO] src.core.cpp_bridge: RATIO 'Total Outside Liab. vs Total Equity': CY=15.0787, PY=3.7817, Change=298.73%
2026-06-04 11:31:40,923 [INFO] src.core.cpp_bridge: RATIO 'Net Profit Ratio': CY=-26.9132, PY=133.9760, Change=-120.09%
2026-06-04 11:31:40,923 [INFO] src.core.cpp_bridge: RATIO 'Return on Equity (ROE)': CY=-7.0978, PY=29.3147, Change=-124.21%
2026-06-04 11:31:40,923 [INFO] src.core.cpp_bridge: RATIO 'Return on Capital Employed (ROCE)': CY=3.2892, PY=10.8266, Change=-69.62%
2026-06-04 11:31:40,923 [INFO] src.core.cpp_bridge: RATIO 'Debtor Turnover Ratio': CY=2.0687, PY=7.1952, Change=-71.25%
2026-06-04 11:31:40,927 [INFO] src.core.validation: VALIDATION PASS — ✓ Balance Sheet identity: Assets=275,311,308 ≈ Equity+Liabilities=275,311,308 (diff=0, within tolerance 275,311)
2026-06-04 11:31:40,927 [INFO] src.core.validation: VALIDATION PASS — ✓ Revenue from Operations > 0: Revenue = 10,984,519
2026-06-04 11:31:40,927 [INFO] src.core.validation: VALIDATION PASS — ✓ Average Trade Receivables > 0: CY=8,607,499, PY=2,012,487, Avg=5,309,993
2026-06-04 11:31:40,927 [INFO] src.core.validation: VALIDATION PASS — ✓ Ratio 'Current Ratio': CY=1.0052 (non-zero)
2026-06-04 11:31:40,928 [INFO] src.core.validation: VALIDATION PASS — ✓ Ratio 'Net Profit Ratio': CY=-26.9132 (non-zero)
2026-06-04 11:31:40,928 [INFO] src.core.validation: VALIDATION PASS — ✓ Ratio 'Return on Equity (ROE)': CY=-7.0978 (non-zero)
2026-06-04 11:31:40,928 [INFO] src.core.validation: VALIDATION PASS — ✓ Ratio 'Return on Capital Employed (ROCE)': CY=3.2892 (non-zero)
2026-06-04 11:31:40,928 [INFO] src.core.validation: VALIDATION PASS — ✓ Ratio 'Debtor Turnover Ratio': CY=2.0687 (non-zero)
2026-06-04 11:31:40,929 [INFO] src.core.validation: VALIDATION PASS — ✓ P&L mapping: Revenue from Operations: = 10,984,519
2026-06-04 11:31:40,929 [INFO] src.core.validation: VALIDATION PASS — ✓ P&L mapping: Profit Before Tax: = -2,956,284
2026-06-04 11:31:40,929 [INFO] src.core.validation: VALIDATION PASS — ✓ P&L mapping: Profit After Tax: = -2,956,284
2026-06-04 11:31:40,929 [INFO] src.core.validation: VALIDATION PASS — ✓ BS mapping: Total Current Assets: = 258,300,405
2026-06-04 11:31:40,930 [INFO] src.core.validation: VALIDATION PASS — ✓ BS mapping: Total Current Liabilities: = 256,966,044
2026-06-04 11:31:40,930 [INFO] src.core.validation: VALIDATION PASS — ✓ BS mapping: Total Equity: = 17,122,765
2026-06-04 11:31:40,930 [INFO] src.core.validation: VALIDATION PASS — ✓ BS mapping: Trade Receivables: = 8,607,499
2026-06-04 11:31:40,930 [INFO] src.core.validation: VALIDATION PASS — ✓ BS row count: 54 rows parsed
2026-06-04 11:31:40,931 [INFO] src.core.validation: VALIDATION PASS — ✓ P&L row count: 33 rows parsed
2026-06-04 11:31:40,931 [INFO] src.core.validation: Validation complete: 17 passed, 0 warnings, 0 failed, 0 auto-corrected
2026-06-04 11:31:40,931 [INFO] src.core.validation: ============================================================
FAR VALIDATION REPORT
============================================================

PASSED CHECKS:
  ✓ Balance Sheet identity: Assets=275,311,308 ≈ Equity+Liabilities=275,311,308 (diff=0, within tolerance 275,311)
  ✓ Revenue from Operations > 0: Revenue = 10,984,519
  ✓ Average Trade Receivables > 0: CY=8,607,499, PY=2,012,487, Avg=5,309,993
  ✓ Ratio 'Current Ratio': CY=1.0052 (non-zero)
  ✓ Ratio 'Net Profit Ratio': CY=-26.9132 (non-zero)
  ✓ Ratio 'Return on Equity (ROE)': CY=-7.0978 (non-zero)
  ✓ Ratio 'Return on Capital Employed (ROCE)': CY=3.2892 (non-zero)
  ✓ Ratio 'Debtor Turnover Ratio': CY=2.0687 (non-zero)
  ✓ P&L mapping: Revenue from Operations: = 10,984,519
  ✓ P&L mapping: Profit Before Tax: = -2,956,284
  ✓ P&L mapping: Profit After Tax: = -2,956,284
  ✓ BS mapping: Total Current Assets: = 258,300,405
  ✓ BS mapping: Total Current Liabilities: = 256,966,044
  ✓ BS mapping: Total Equity: = 17,122,765
  ✓ BS mapping: Trade Receivables: = 8,607,499
  ✓ BS row count: 54 rows parsed
  ✓ P&L row count: 33 rows parsed
============================================================
2026-06-04 11:31:41,548 [INFO] matplotlib.category: Using categorical units to plot a list of strings that are all parsable as floats or dates. If these strings should be plotted as numbers, cast to the appropriate data type before plotting.
2026-06-04 11:31:41,550 [INFO] matplotlib.category: Using categorical units to plot a list of strings that are all parsable as floats or dates. If these strings should be plotted as numbers, cast to the appropriate data type before plotting.
2026-06-04 11:31:41,550 [INFO] matplotlib.category: Using categorical units to plot a list of strings that are all parsable as floats or dates. If these strings should be plotted as numbers, cast to the appropriate data type before plotting.
2026-06-04 11:31:41,571 [INFO] matplotlib.category: Using categorical units to plot a list of strings that are all parsable as floats or dates. If these strings should be plotted as numbers, cast to the appropriate data type before plotting.
2026-06-04 11:31:41,572 [INFO] matplotlib.category: Using categorical units to plot a list of strings that are all parsable as floats or dates. If these strings should be plotted as numbers, cast to the appropriate data type before plotting.
2026-06-04 11:31:41,572 [INFO] matplotlib.category: Using categorical units to plot a list of strings that are all parsable as floats or dates. If these strings should be plotted as numbers, cast to the appropriate data type before plotting.
2026-06-04 11:31:41,574 [INFO] matplotlib.category: Using categorical units to plot a list of strings that are all parsable as floats or dates. If these strings should be plotted as numbers, cast to the appropriate data type before plotting.
2026-06-04 11:31:41,575 [INFO] matplotlib.category: Using categorical units to plot a list of strings that are all parsable as floats or dates. If these strings should be plotted as numbers, cast to the appropriate data type before plotting.
2026-06-04 11:31:41,576 [INFO] matplotlib.category: Using categorical units to plot a list of strings that are all parsable as floats or dates. If these strings should be plotted as numbers, cast to the appropriate data type before plotting.
2026-06-04 11:31:41,597 [INFO] matplotlib.category: Using categorical units to plot a list of strings that are all parsable as floats or dates. If these strings should be plotted as numbers, cast to the appropriate data type before plotting.
2026-06-04 11:31:41,598 [INFO] matplotlib.category: Using categorical units to plot a list of strings that are all parsable as floats or dates. If these strings should be plotted as numbers, cast to the appropriate data type before plotting.
2026-06-04 11:31:41,600 [INFO] matplotlib.category: Using categorical units to plot a list of strings that are all parsable as floats or dates. If these strings should be plotted as numbers, cast to the appropriate data type before plotting.
2026-06-04 11:31:41,600 [INFO] matplotlib.category: Using categorical units to plot a list of strings that are all parsable as floats or dates. If these strings should be plotted as numbers, cast to the appropriate data type before plotting.
2026-06-04 11:31:41,861 [INFO] src.gui.main_window: FAR generated: BS=54 rows, PL=33 rows, Ratios=8
2026-06-04 11:32:54,902 [INFO] src.core.excel_export: FAR workbook saved to D:/GT Work/FAR/SHUBH_FAR_20215-26.xlsx
2026-06-04 11:42:48,876 [INFO] matplotlib.category: Using categorical units to plot a list of strings that are all parsable as floats or dates. If these strings should be plotted as numbers, cast to the appropriate data type before plotting.
2026-06-04 11:42:48,877 [INFO] matplotlib.category: Using categorical units to plot a list of strings that are all parsable as floats or dates. If these strings should be plotted as numbers, cast to the appropriate data type before plotting.
2026-06-04 11:42:48,878 [INFO] matplotlib.category: Using categorical units to plot a list of strings that are all parsable as floats or dates. If these strings should be plotted as numbers, cast to the appropriate data type before plotting.
2026-06-04 11:42:48,879 [INFO] matplotlib.category: Using categorical units to plot a list of strings that are all parsable as floats or dates. If these strings should be plotted as numbers, cast to the appropriate data type before plotting.
2026-06-04 11:43:38,896 [INFO] src.core.docx_export: FAR Word document saved to D:/GT Work/FAR/SHUBrH_FAR_2025-26.docx
2026-06-04 11:44:02,058 [INFO] src.core.excel_export: FAR workbook saved to D:/GT Work/FAR/SHUeBH_FAR_2025-26.xlsx
2026-06-09 11:41:58,536 [INFO] __main__: ============================================================
2026-06-09 11:41:58,537 [INFO] __main__: FAR Automation Tool started at 2026-06-09T11:41:58.537013
2026-06-09 11:41:58,537 [INFO] __main__: Python 3.10.11 (tags/v3.10.11:7d4cc5a, Apr  5 2023, 00:38:17) [MSC v.1929 64 bit (AMD64)]
2026-06-09 11:41:58,537 [INFO] __main__: Project root: D:\GT Work\far-automation
2026-06-09 11:41:58,976 [INFO] __main__: Stylesheet loaded
2026-06-09 11:42:06,208 [INFO] __main__: Main window shown
2026-06-09 12:05:03,869 [INFO] src.core.cpp_bridge: C++ DLL not found at D:\GT Work\far-automation\cpp_engine\build\far_engine.dll — using Python fallback
2026-06-09 12:05:04,465 [INFO] src.core.excel_parser: Client name extracted from row 1: Name of Client
2026-06-09 12:05:04,466 [INFO] src.core.excel_parser: Date headers found: CY=2025 (col 7, row 7), PY=2024 (col 9, row 7)
2026-06-09 12:05:04,477 [INFO] src.core.excel_parser: Parsed BS: 54 rows, CY=2025, PY=2024
2026-06-09 12:05:05,004 [INFO] src.core.excel_parser: Client name extracted from row 1: Name of Client
2026-06-09 12:05:05,006 [INFO] src.core.excel_parser: Date headers found: CY=2025 (col 5, row 7), PY=2024 (col 7, row 7)
2026-06-09 12:05:05,008 [INFO] src.core.excel_parser: Parsed PL: 33 rows, CY=2025, PY=2024
2026-06-09 12:05:05,589 [WARNING] src.core.excel_parser: Could not find two date header columns, found: []
2026-06-09 12:05:05,589 [WARNING] src.core.excel_parser: Note 3: Could not find date columns — skipping
2026-06-09 12:05:05,591 [WARNING] src.core.excel_parser: Could not find two date header columns, found: [(56, 2, 2024)]
2026-06-09 12:05:05,592 [WARNING] src.core.excel_parser: Note 3A: Could not find date columns — skipping
2026-06-09 12:05:05,594 [INFO] src.core.excel_parser: Date headers found: CY=2025 (col 9, row 83), PY=2024 (col 10, row 83)
2026-06-09 12:05:05,597 [INFO] src.core.excel_parser: Date headers found: CY=2025 (col 10, row 8), PY=2024 (col 11, row 8)
2026-06-09 12:05:05,600 [INFO] src.core.excel_parser: Date headers found: CY=2025 (col 10, row 39), PY=2024 (col 11, row 39)
2026-06-09 12:05:05,604 [INFO] src.core.excel_parser: Date headers found: CY=2025 (col 10, row 61), PY=2024 (col 11, row 61)
2026-06-09 12:05:05,607 [INFO] src.core.excel_parser: Date headers found: CY=2025 (col 10, row 82), PY=2024 (col 11, row 82)
2026-06-09 12:05:05,611 [INFO] src.core.excel_parser: Date headers found: CY=2025 (col 10, row 126), PY=2024 (col 11, row 126)
2026-06-09 12:05:05,615 [INFO] src.core.excel_parser: Date headers found: CY=2025 (col 10, row 139), PY=2024 (col 11, row 139)
2026-06-09 12:05:05,618 [INFO] src.core.excel_parser: Date headers found: CY=2025 (col 10, row 148), PY=2024 (col 11, row 148)
2026-06-09 12:05:05,623 [INFO] src.core.excel_parser: Date headers found: CY=2025 (col 10, row 161), PY=2025 (col 10, row 161)
2026-06-09 12:05:05,627 [INFO] src.core.excel_parser: Date headers found: CY=2025 (col 10, row 195), PY=2024 (col 11, row 195)
2026-06-09 12:05:05,635 [INFO] src.core.excel_parser: Date headers found: CY=2025 (col 10, row 10), PY=2024 (col 11, row 10)
2026-06-09 12:05:05,640 [WARNING] src.core.excel_parser: Could not find two date header columns, found: []
2026-06-09 12:05:05,640 [WARNING] src.core.excel_parser: Note 11: Could not find date columns — skipping
2026-06-09 12:05:05,650 [INFO] src.core.excel_parser: Date headers found: CY=2025 (col 10, row 135), PY=2024 (col 11, row 135)
2026-06-09 12:05:05,654 [WARNING] src.core.excel_parser: Could not find two date header columns, found: []
2026-06-09 12:05:05,655 [WARNING] src.core.excel_parser: Note 12: Could not find date columns — skipping
2026-06-09 12:05:05,666 [INFO] src.core.excel_parser: Date headers found: CY=2025 (col 10, row 213), PY=2024 (col 11, row 213)
2026-06-09 12:05:05,670 [INFO] src.core.excel_parser: Date headers found: CY=2025 (col 10, row 233), PY=2024 (col 11, row 233)
2026-06-09 12:05:05,675 [INFO] src.core.excel_parser: Date headers found: CY=2025 (col 10, row 263), PY=2024 (col 11, row 263)
2026-06-09 12:05:05,680 [INFO] src.core.excel_parser: Date headers found: CY=2025 (col 10, row 275), PY=2024 (col 11, row 275)
2026-06-09 12:05:05,685 [INFO] src.core.excel_parser: Date headers found: CY=2025 (col 10, row 293), PY=2024 (col 11, row 293)
2026-06-09 12:05:05,689 [INFO] src.core.excel_parser: Date headers found: CY=2025 (col 10, row 338), PY=2024 (col 11, row 338)
2026-06-09 12:05:05,695 [INFO] src.core.excel_parser: Date headers found: CY=2025 (col 10, row 356), PY=2024 (col 11, row 356)
2026-06-09 12:05:05,700 [INFO] src.core.excel_parser: Date headers found: CY=2025 (col 10, row 368), PY=2024 (col 11, row 368)
2026-06-09 12:05:05,709 [INFO] src.core.excel_parser: Date headers found: CY=2025 (col 9, row 9), PY=2024 (col 10, row 9)
2026-06-09 12:05:05,716 [INFO] src.core.excel_parser: Date headers found: CY=2025 (col 9, row 19), PY=2024 (col 10, row 19)
2026-06-09 12:05:05,722 [INFO] src.core.excel_parser: Date headers found: CY=2025 (col 9, row 38), PY=2024 (col 10, row 38)
2026-06-09 12:05:05,729 [WARNING] src.core.excel_parser: Could not find two date header columns, found: [(53, 10, 2025)]
2026-06-09 12:05:05,730 [WARNING] src.core.excel_parser: Note 21: Could not find date columns — skipping
2026-06-09 12:05:05,740 [INFO] src.core.excel_parser: Date headers found: CY=2025 (col 9, row 68), PY=2024 (col 10, row 68)
2026-06-09 12:05:05,754 [INFO] src.core.excel_parser: Date headers found: CY=2025 (col 9, row 80), PY=2024 (col 10, row 80)
2026-06-09 12:05:05,762 [INFO] src.core.excel_parser: Date headers found: CY=2025 (col 9, row 122), PY=2024 (col 10, row 122)
2026-06-09 12:05:05,771 [INFO] src.core.excel_parser: Date headers found: CY=2025 (col 9, row 137), PY=2024 (col 10, row 137)
2026-06-09 12:05:05,780 [INFO] src.core.excel_parser: Date headers found: CY=2025 (col 9, row 165), PY=2024 (col 10, row 165)
2026-06-09 12:05:05,793 [INFO] src.core.excel_parser: Date headers found: CY=2025 (col 9, row 195), PY=2024 (col 10, row 195)
2026-06-09 12:05:05,802 [INFO] src.core.excel_parser: Date headers found: CY=2025 (col 9, row 223), PY=2024 (col 10, row 223)
2026-06-09 12:05:05,813 [INFO] src.core.excel_parser: Date headers found: CY=2025 (col 9, row 258), PY=2024 (col 2, row 258)
2026-06-09 12:05:05,822 [INFO] src.core.excel_parser: Date headers found: CY=2025 (col 9, row 277), PY=2024 (col 10, row 277)
2026-06-09 12:05:05,834 [INFO] src.core.excel_parser: Date headers found: CY=2025 (col 9, row 316), PY=2025 (col 2, row 316)
2026-06-09 12:05:05,836 [INFO] src.core.excel_parser: Parsed notes from 4 sheets
2026-06-09 12:05:05,854 [INFO] src.core.excel_parser: Found non-zero value for 'trade receivables' on row 'Trade receivables': CY=8607499.12, PY=2012487.00
2026-06-09 12:05:05,855 [INFO] src.core.excel_parser: BS Summary: total_ca=258300405, total_cl=256966044, debtors=8607499, equity=17122765
2026-06-09 12:05:05,855 [WARNING] src.core.excel_parser: Keyword 'revenue from operations' matched row 'Revenue from operations' but value is ZERO — may be a heading row; scanning further
2026-06-09 12:05:05,855 [INFO] src.core.excel_parser: Found non-zero value for 'software services' on row '- Software services': CY=10984519.00, PY=14480207.00
2026-06-09 12:05:05,856 [INFO] src.core.excel_parser: Found non-zero value for 'total income' on row 'Total income': CY=26887946.00, PY=50946209.00
2026-06-09 12:05:05,856 [INFO] src.core.excel_parser: PBT found: row='Profit / (Loss) before exceptional and extraordinary items and tax', CY=-2956284.00, PY=19400000.00
2026-06-09 12:05:05,856 [WARNING] src.core.excel_parser: PAT: Could not find Profit After Tax row — falling back to PBT (-2956284.00). Net Profit Ratio may be slightly overstated (ignores tax).
2026-06-09 12:05:05,857 [INFO] src.core.excel_parser: Found non-zero value for 'finance charge' on row 'Finance charges': CY=11760865.00, PY=14031849.00
2026-06-09 12:05:05,857 [INFO] src.core.excel_parser: PL Summary: revenue_ops=10984519, pbt=-2956284, pat=-2956284, finance_cost=11760865
2026-06-09 12:05:05,857 [INFO] src.core.cpp_bridge: Ratio inputs — revenue_ops: CY=10984519 PY=14480207 | pat: CY=-2956284 PY=19400000 | debtors: CY=8607499 PY=2012487 (avg_cy=5309993) | total_ca: CY=258300405 PY=248841999 | total_cl: CY=256966044 PY=9579438
2026-06-09 12:05:05,857 [INFO] src.core.cpp_bridge: RATIO 'Debt Equity Ratio': CY=14.6329, PY=3.6661, Change=299.14%
2026-06-09 12:05:05,858 [INFO] src.core.cpp_bridge: RATIO 'Current Ratio': CY=1.0052, PY=25.9767, Change=-96.13%
2026-06-09 12:05:05,858 [INFO] src.core.cpp_bridge: RATIO 'GCA Days': CY=3506.3909, PY=1782.8084, Change=96.68%
2026-06-09 12:05:05,858 [INFO] src.core.cpp_bridge: RATIO 'Total Outside Liab. vs Total Equity': CY=15.0787, PY=3.7817, Change=298.73%
2026-06-09 12:05:05,858 [INFO] src.core.cpp_bridge: RATIO 'Net Profit Ratio': CY=-26.9132, PY=133.9760, Change=-120.09%
2026-06-09 12:05:05,859 [INFO] src.core.cpp_bridge: RATIO 'Return on Equity (ROE)': CY=-7.0978, PY=29.3147, Change=-124.21%
2026-06-09 12:05:05,859 [INFO] src.core.cpp_bridge: RATIO 'Return on Capital Employed (ROCE)': CY=3.2892, PY=10.8266, Change=-69.62%
2026-06-09 12:05:05,859 [INFO] src.core.cpp_bridge: RATIO 'Debtor Turnover Ratio': CY=2.0687, PY=7.1952, Change=-71.25%
2026-06-09 12:05:05,863 [INFO] src.core.validation: VALIDATION PASS — ✓ Balance Sheet identity: Assets=275,311,308 ≈ Equity+Liabilities=275,311,308 (diff=0, within tolerance 275,311)
2026-06-09 12:05:05,863 [INFO] src.core.validation: VALIDATION PASS — ✓ Revenue from Operations > 0: Revenue = 10,984,519
2026-06-09 12:05:05,863 [INFO] src.core.validation: VALIDATION PASS — ✓ Average Trade Receivables > 0: CY=8,607,499, PY=2,012,487, Avg=5,309,993
2026-06-09 12:05:05,864 [INFO] src.core.validation: VALIDATION PASS — ✓ Ratio 'Current Ratio': CY=1.0052 (non-zero)
2026-06-09 12:05:05,864 [INFO] src.core.validation: VALIDATION PASS — ✓ Ratio 'Net Profit Ratio': CY=-26.9132 (non-zero)
2026-06-09 12:05:05,864 [INFO] src.core.validation: VALIDATION PASS — ✓ Ratio 'Return on Equity (ROE)': CY=-7.0978 (non-zero)
2026-06-09 12:05:05,864 [INFO] src.core.validation: VALIDATION PASS — ✓ Ratio 'Return on Capital Employed (ROCE)': CY=3.2892 (non-zero)
2026-06-09 12:05:05,864 [INFO] src.core.validation: VALIDATION PASS — ✓ Ratio 'Debtor Turnover Ratio': CY=2.0687 (non-zero)
2026-06-09 12:05:05,864 [INFO] src.core.validation: VALIDATION PASS — ✓ P&L mapping: Revenue from Operations: = 10,984,519
2026-06-09 12:05:05,865 [INFO] src.core.validation: VALIDATION PASS — ✓ P&L mapping: Profit Before Tax: = -2,956,284
2026-06-09 12:05:05,865 [INFO] src.core.validation: VALIDATION PASS — ✓ P&L mapping: Profit After Tax: = -2,956,284
2026-06-09 12:05:05,865 [INFO] src.core.validation: VALIDATION PASS — ✓ BS mapping: Total Current Assets: = 258,300,405
2026-06-09 12:05:05,865 [INFO] src.core.validation: VALIDATION PASS — ✓ BS mapping: Total Current Liabilities: = 256,966,044
2026-06-09 12:05:05,866 [INFO] src.core.validation: VALIDATION PASS — ✓ BS mapping: Total Equity: = 17,122,765
2026-06-09 12:05:05,866 [INFO] src.core.validation: VALIDATION PASS — ✓ BS mapping: Trade Receivables: = 8,607,499
2026-06-09 12:05:05,866 [INFO] src.core.validation: VALIDATION PASS — ✓ BS row count: 54 rows parsed
2026-06-09 12:05:05,866 [INFO] src.core.validation: VALIDATION PASS — ✓ P&L row count: 33 rows parsed
2026-06-09 12:05:05,866 [INFO] src.core.validation: Validation complete: 17 passed, 0 warnings, 0 failed, 0 auto-corrected
2026-06-09 12:05:05,866 [INFO] src.core.validation: ============================================================
FAR VALIDATION REPORT
============================================================

PASSED CHECKS:
  ✓ Balance Sheet identity: Assets=275,311,308 ≈ Equity+Liabilities=275,311,308 (diff=0, within tolerance 275,311)
  ✓ Revenue from Operations > 0: Revenue = 10,984,519
  ✓ Average Trade Receivables > 0: CY=8,607,499, PY=2,012,487, Avg=5,309,993
  ✓ Ratio 'Current Ratio': CY=1.0052 (non-zero)
  ✓ Ratio 'Net Profit Ratio': CY=-26.9132 (non-zero)
  ✓ Ratio 'Return on Equity (ROE)': CY=-7.0978 (non-zero)
  ✓ Ratio 'Return on Capital Employed (ROCE)': CY=3.2892 (non-zero)
  ✓ Ratio 'Debtor Turnover Ratio': CY=2.0687 (non-zero)
  ✓ P&L mapping: Revenue from Operations: = 10,984,519
  ✓ P&L mapping: Profit Before Tax: = -2,956,284
  ✓ P&L mapping: Profit After Tax: = -2,956,284
  ✓ BS mapping: Total Current Assets: = 258,300,405
  ✓ BS mapping: Total Current Liabilities: = 256,966,044
  ✓ BS mapping: Total Equity: = 17,122,765
  ✓ BS mapping: Trade Receivables: = 8,607,499
  ✓ BS row count: 54 rows parsed
  ✓ P&L row count: 33 rows parsed
============================================================
2026-06-09 12:05:06,510 [INFO] matplotlib.category: Using categorical units to plot a list of strings that are all parsable as floats or dates. If these strings should be plotted as numbers, cast to the appropriate data type before plotting.
2026-06-09 12:05:06,512 [INFO] matplotlib.category: Using categorical units to plot a list of strings that are all parsable as floats or dates. If these strings should be plotted as numbers, cast to the appropriate data type before plotting.
2026-06-09 12:05:06,514 [INFO] matplotlib.category: Using categorical units to plot a list of strings that are all parsable as floats or dates. If these strings should be plotted as numbers, cast to the appropriate data type before plotting.
2026-06-09 12:05:06,536 [INFO] matplotlib.category: Using categorical units to plot a list of strings that are all parsable as floats or dates. If these strings should be plotted as numbers, cast to the appropriate data type before plotting.
2026-06-09 12:05:06,537 [INFO] matplotlib.category: Using categorical units to plot a list of strings that are all parsable as floats or dates. If these strings should be plotted as numbers, cast to the appropriate data type before plotting.
2026-06-09 12:05:06,538 [INFO] matplotlib.category: Using categorical units to plot a list of strings that are all parsable as floats or dates. If these strings should be plotted as numbers, cast to the appropriate data type before plotting.
2026-06-09 12:05:06,539 [INFO] matplotlib.category: Using categorical units to plot a list of strings that are all parsable as floats or dates. If these strings should be plotted as numbers, cast to the appropriate data type before plotting.
2026-06-09 12:05:06,539 [INFO] matplotlib.category: Using categorical units to plot a list of strings that are all parsable as floats or dates. If these strings should be plotted as numbers, cast to the appropriate data type before plotting.
2026-06-09 12:05:06,540 [INFO] matplotlib.category: Using categorical units to plot a list of strings that are all parsable as floats or dates. If these strings should be plotted as numbers, cast to the appropriate data type before plotting.
2026-06-09 12:05:06,560 [INFO] matplotlib.category: Using categorical units to plot a list of strings that are all parsable as floats or dates. If these strings should be plotted as numbers, cast to the appropriate data type before plotting.
2026-06-09 12:05:06,561 [INFO] matplotlib.category: Using categorical units to plot a list of strings that are all parsable as floats or dates. If these strings should be plotted as numbers, cast to the appropriate data type before plotting.
2026-06-09 12:05:06,562 [INFO] matplotlib.category: Using categorical units to plot a list of strings that are all parsable as floats or dates. If these strings should be plotted as numbers, cast to the appropriate data type before plotting.
2026-06-09 12:05:06,562 [INFO] matplotlib.category: Using categorical units to plot a list of strings that are all parsable as floats or dates. If these strings should be plotted as numbers, cast to the appropriate data type before plotting.
2026-06-09 12:05:06,838 [INFO] src.gui.main_window: FAR generated: BS=54 rows, PL=33 rows, Ratios=8
2026-06-09 12:14:25,155 [INFO] matplotlib.category: Using categorical units to plot a list of strings that are all parsable as floats or dates. If these strings should be plotted as numbers, cast to the appropriate data type before plotting.
2026-06-09 12:14:25,156 [INFO] matplotlib.category: Using categorical units to plot a list of strings that are all parsable as floats or dates. If these strings should be plotted as numbers, cast to the appropriate data type before plotting.
2026-06-09 12:14:25,158 [INFO] matplotlib.category: Using categorical units to plot a list of strings that are all parsable as floats or dates. If these strings should be plotted as numbers, cast to the appropriate data type before plotting.
2026-06-09 12:14:25,159 [INFO] matplotlib.category: Using categorical units to plot a list of strings that are all parsable as floats or dates. If these strings should be plotted as numbers, cast to the appropriate data type before plotting.
2026-06-09 12:32:55,074 [INFO] __main__: Application exiting with code 0
2026-06-09 13:05:15,670 [INFO] __main__: ============================================================
2026-06-09 13:05:15,766 [INFO] __main__: FAR Automation Tool started at 2026-06-09T13:05:15.766619
2026-06-09 13:05:15,766 [INFO] __main__: Python 3.10.11 (tags/v3.10.11:7d4cc5a, Apr  5 2023, 00:38:17) [MSC v.1929 64 bit (AMD64)]
2026-06-09 13:05:15,766 [INFO] __main__: Project root: E:\GT WORK @\GT Work\far-automation
2026-06-09 13:05:15,927 [INFO] __main__: Stylesheet loaded
2026-06-09 13:05:17,857 [INFO] __main__: Main window shown
2026-06-09 13:06:28,642 [INFO] src.core.cpp_bridge: C++ DLL not found at E:\GT WORK @\GT Work\far-automation\cpp_engine\build\far_engine.dll — using Python fallback
2026-06-09 13:06:29,391 [INFO] src.core.excel_parser: Client name extracted from row 1: Name of Client
2026-06-09 13:06:29,392 [INFO] src.core.excel_parser: Date headers found: CY=2025 (col 7, row 7), PY=2024 (col 9, row 7)
2026-06-09 13:06:29,393 [INFO] src.core.excel_parser: Parsed BS: 54 rows, CY=2025, PY=2024
2026-06-09 13:06:30,085 [INFO] src.core.excel_parser: Client name extracted from row 1: Name of Client
2026-06-09 13:06:30,087 [INFO] src.core.excel_parser: Date headers found: CY=2025 (col 5, row 7), PY=2024 (col 7, row 7)
2026-06-09 13:06:30,088 [INFO] src.core.excel_parser: Parsed PL: 33 rows, CY=2025, PY=2024
2026-06-09 13:06:30,780 [WARNING] src.core.excel_parser: Could not find two date header columns, found: []
2026-06-09 13:06:30,781 [WARNING] src.core.excel_parser: Note 3: Could not find date columns — skipping
2026-06-09 13:06:30,784 [WARNING] src.core.excel_parser: Could not find two date header columns, found: [(56, 2, 2024)]
2026-06-09 13:06:30,784 [WARNING] src.core.excel_parser: Note 3A: Could not find date columns — skipping
2026-06-09 13:06:30,787 [INFO] src.core.excel_parser: Date headers found: CY=2025 (col 9, row 83), PY=2024 (col 10, row 83)
2026-06-09 13:06:30,791 [INFO] src.core.excel_parser: Date headers found: CY=2025 (col 10, row 8), PY=2024 (col 11, row 8)
2026-06-09 13:06:30,794 [INFO] src.core.excel_parser: Date headers found: CY=2025 (col 10, row 39), PY=2024 (col 11, row 39)
2026-06-09 13:06:30,799 [INFO] src.core.excel_parser: Date headers found: CY=2025 (col 10, row 61), PY=2024 (col 11, row 61)
2026-06-09 13:06:30,803 [INFO] src.core.excel_parser: Date headers found: CY=2025 (col 8, row 72), PY=2024 (col 10, row 72)
2026-06-09 13:06:30,810 [INFO] src.core.excel_parser: Date headers found: CY=2025 (col 10, row 82), PY=2024 (col 11, row 82)
2026-06-09 13:06:30,816 [INFO] src.core.excel_parser: Date headers found: CY=2025 (col 10, row 126), PY=2024 (col 11, row 126)
2026-06-09 13:06:30,821 [INFO] src.core.excel_parser: Date headers found: CY=2025 (col 10, row 139), PY=2024 (col 11, row 139)
2026-06-09 13:06:30,827 [INFO] src.core.excel_parser: Date headers found: CY=2025 (col 10, row 148), PY=2024 (col 11, row 148)
2026-06-09 13:06:30,832 [INFO] src.core.excel_parser: Date headers found: CY=2025 (col 10, row 161), PY=2025 (col 10, row 161)
2026-06-09 13:06:30,839 [INFO] src.core.excel_parser: Date headers found: CY=2025 (col 10, row 195), PY=2024 (col 11, row 195)
2026-06-09 13:06:30,844 [INFO] src.core.excel_parser: Date headers found: CY=2025 (col 10, row 10), PY=2024 (col 11, row 10)
2026-06-09 13:06:30,850 [WARNING] src.core.excel_parser: Could not find two date header columns, found: []
2026-06-09 13:06:30,850 [WARNING] src.core.excel_parser: Note 11: Could not find date columns — skipping
2026-06-09 13:06:30,863 [INFO] src.core.excel_parser: Date headers found: CY=2025 (col 10, row 135), PY=2024 (col 11, row 135)
2026-06-09 13:06:30,868 [WARNING] src.core.excel_parser: Could not find two date header columns, found: []
2026-06-09 13:06:30,869 [WARNING] src.core.excel_parser: Note 12: Could not find date columns — skipping
2026-06-09 13:06:30,883 [INFO] src.core.excel_parser: Date headers found: CY=2025 (col 10, row 213), PY=2024 (col 11, row 213)
2026-06-09 13:06:30,889 [INFO] src.core.excel_parser: Date headers found: CY=2025 (col 10, row 233), PY=2024 (col 11, row 233)
2026-06-09 13:06:30,897 [INFO] src.core.excel_parser: Date headers found: CY=2025 (col 10, row 263), PY=2024 (col 11, row 263)
2026-06-09 13:06:30,903 [INFO] src.core.excel_parser: Date headers found: CY=2025 (col 10, row 275), PY=2024 (col 11, row 275)
2026-06-09 13:06:30,908 [INFO] src.core.excel_parser: Date headers found: CY=2025 (col 10, row 293), PY=2024 (col 11, row 293)
2026-06-09 13:06:30,915 [INFO] src.core.excel_parser: Date headers found: CY=2025 (col 10, row 338), PY=2024 (col 11, row 338)
2026-06-09 13:06:30,921 [INFO] src.core.excel_parser: Date headers found: CY=2025 (col 10, row 356), PY=2024 (col 11, row 356)
2026-06-09 13:06:30,929 [INFO] src.core.excel_parser: Date headers found: CY=2025 (col 10, row 368), PY=2024 (col 11, row 368)
2026-06-09 13:06:30,940 [INFO] src.core.excel_parser: Date headers found: CY=2025 (col 9, row 9), PY=2024 (col 10, row 9)
2026-06-09 13:06:30,949 [INFO] src.core.excel_parser: Date headers found: CY=2025 (col 9, row 19), PY=2024 (col 10, row 19)
2026-06-09 13:06:30,959 [INFO] src.core.excel_parser: Date headers found: CY=2025 (col 9, row 38), PY=2024 (col 10, row 38)
2026-06-09 13:06:30,967 [WARNING] src.core.excel_parser: Could not find two date header columns, found: [(53, 10, 2025)]
2026-06-09 13:06:30,968 [WARNING] src.core.excel_parser: Note 21: Could not find date columns — skipping
2026-06-09 13:06:30,982 [INFO] src.core.excel_parser: Date headers found: CY=2025 (col 9, row 68), PY=2024 (col 10, row 68)
2026-06-09 13:06:30,991 [INFO] src.core.excel_parser: Date headers found: CY=2025 (col 9, row 80), PY=2024 (col 10, row 80)
2026-06-09 13:06:31,002 [INFO] src.core.excel_parser: Date headers found: CY=2025 (col 9, row 122), PY=2024 (col 10, row 122)
2026-06-09 13:06:31,012 [INFO] src.core.excel_parser: Date headers found: CY=2025 (col 9, row 137), PY=2024 (col 10, row 137)
2026-06-09 13:06:31,027 [INFO] src.core.excel_parser: Date headers found: CY=2025 (col 9, row 165), PY=2024 (col 10, row 165)
2026-06-09 13:06:31,043 [INFO] src.core.excel_parser: Date headers found: CY=2025 (col 9, row 195), PY=2024 (col 10, row 195)
2026-06-09 13:06:31,054 [INFO] src.core.excel_parser: Date headers found: CY=2025 (col 9, row 223), PY=2024 (col 10, row 223)
2026-06-09 13:06:31,071 [INFO] src.core.excel_parser: Date headers found: CY=2025 (col 9, row 258), PY=2024 (col 2, row 258)
2026-06-09 13:06:31,090 [INFO] src.core.excel_parser: Date headers found: CY=2025 (col 9, row 277), PY=2024 (col 10, row 277)
2026-06-09 13:06:31,115 [INFO] src.core.excel_parser: Date headers found: CY=2025 (col 9, row 316), PY=2025 (col 2, row 316)
2026-06-09 13:06:31,121 [INFO] src.core.excel_parser: Parsed notes from 4 sheets
2026-06-09 13:06:31,132 [INFO] src.core.excel_parser: Found non-zero value for 'trade receivables' on row 'Trade receivables': CY=8607499.00, PY=2012487.00
2026-06-09 13:06:31,133 [INFO] src.core.excel_parser: BS Summary: total_ca=258300405, total_cl=256966044, debtors=8607499, equity=17122765
2026-06-09 13:06:31,134 [WARNING] src.core.excel_parser: Keyword 'revenue from operations' matched row 'Revenue from operations' but value is ZERO — may be a heading row; scanning further
2026-06-09 13:06:31,134 [INFO] src.core.excel_parser: Found non-zero value for 'software services' on row '- Software services': CY=10984519.00, PY=14480207.00
2026-06-09 13:06:31,134 [INFO] src.core.excel_parser: Found non-zero value for 'total income' on row 'Total income': CY=26887946.00, PY=50946209.00
2026-06-09 13:06:31,134 [INFO] src.core.excel_parser: PBT found: row='Profit / (Loss) before exceptional and extraordinary items and tax', CY=-2956284.00, PY=19400000.00
2026-06-09 13:06:31,135 [WARNING] src.core.excel_parser: PAT: Could not find Profit After Tax row — falling back to PBT (-2956284.00). Net Profit Ratio may be slightly overstated (ignores tax).
2026-06-09 13:06:31,135 [INFO] src.core.excel_parser: Found non-zero value for 'finance charge' on row 'Finance charges': CY=11760865.00, PY=14031849.00
2026-06-09 13:06:31,135 [INFO] src.core.excel_parser: PL Summary: revenue_ops=10984519, pbt=-2956284, pat=-2956284, finance_cost=11760865
2026-06-09 13:06:31,135 [INFO] src.core.cpp_bridge: Ratio inputs — revenue_ops: CY=10984519 PY=14480207 | pat: CY=-2956284 PY=19400000 | debtors: CY=8607499 PY=2012487 (avg_cy=5309993) | total_ca: CY=258300405 PY=248841999 | total_cl: CY=256966044 PY=9579438
2026-06-09 13:06:31,136 [INFO] src.core.cpp_bridge: RATIO 'Debt Equity Ratio': CY=14.6329, PY=3.6661, Change=299.14%
2026-06-09 13:06:31,136 [INFO] src.core.cpp_bridge: RATIO 'Current Ratio': CY=1.0052, PY=25.9767, Change=-96.13%
2026-06-09 13:06:31,136 [INFO] src.core.cpp_bridge: RATIO 'GCA Days': CY=3506.3908, PY=1782.8084, Change=96.68%
2026-06-09 13:06:31,136 [INFO] src.core.cpp_bridge: RATIO 'Total Outside Liab. vs Total Equity': CY=15.0787, PY=3.7817, Change=298.73%
2026-06-09 13:06:31,136 [INFO] src.core.cpp_bridge: RATIO 'Net Profit Ratio': CY=-26.9132, PY=133.9760, Change=-120.09%
2026-06-09 13:06:31,137 [INFO] src.core.cpp_bridge: RATIO 'Return on Equity (ROE)': CY=-7.0978, PY=29.3147, Change=-124.21%
2026-06-09 13:06:31,137 [INFO] src.core.cpp_bridge: RATIO 'Return on Capital Employed (ROCE)': CY=3.2892, PY=10.8266, Change=-69.62%
2026-06-09 13:06:31,137 [INFO] src.core.cpp_bridge: RATIO 'Debtor Turnover Ratio': CY=2.0687, PY=7.1952, Change=-71.25%
2026-06-09 13:06:31,142 [INFO] src.core.validation: VALIDATION PASS — ✓ Balance Sheet identity: Assets=275,311,308 ≈ Equity+Liabilities=275,311,308 (diff=0, within tolerance 275,311)
2026-06-09 13:06:31,142 [INFO] src.core.validation: VALIDATION PASS — ✓ Revenue from Operations > 0: Revenue = 10,984,519
2026-06-09 13:06:31,142 [INFO] src.core.validation: VALIDATION PASS — ✓ Average Trade Receivables > 0: CY=8,607,499, PY=2,012,487, Avg=5,309,993
2026-06-09 13:06:31,142 [INFO] src.core.validation: VALIDATION PASS — ✓ Ratio 'Current Ratio': CY=1.0052 (non-zero)
2026-06-09 13:06:31,143 [INFO] src.core.validation: VALIDATION PASS — ✓ Ratio 'Net Profit Ratio': CY=-26.9132 (non-zero)
2026-06-09 13:06:31,143 [INFO] src.core.validation: VALIDATION PASS — ✓ Ratio 'Return on Equity (ROE)': CY=-7.0978 (non-zero)
2026-06-09 13:06:31,143 [INFO] src.core.validation: VALIDATION PASS — ✓ Ratio 'Return on Capital Employed (ROCE)': CY=3.2892 (non-zero)
2026-06-09 13:06:31,143 [INFO] src.core.validation: VALIDATION PASS — ✓ Ratio 'Debtor Turnover Ratio': CY=2.0687 (non-zero)
2026-06-09 13:06:31,143 [INFO] src.core.validation: VALIDATION PASS — ✓ P&L mapping: Revenue from Operations: = 10,984,519
2026-06-09 13:06:31,143 [INFO] src.core.validation: VALIDATION PASS — ✓ P&L mapping: Profit Before Tax: = -2,956,284
2026-06-09 13:06:31,144 [INFO] src.core.validation: VALIDATION PASS — ✓ P&L mapping: Profit After Tax: = -2,956,284
2026-06-09 13:06:31,144 [INFO] src.core.validation: VALIDATION PASS — ✓ BS mapping: Total Current Assets: = 258,300,405
2026-06-09 13:06:31,144 [INFO] src.core.validation: VALIDATION PASS — ✓ BS mapping: Total Current Liabilities: = 256,966,044
2026-06-09 13:06:31,144 [INFO] src.core.validation: VALIDATION PASS — ✓ BS mapping: Total Equity: = 17,122,765
2026-06-09 13:06:31,145 [INFO] src.core.validation: VALIDATION PASS — ✓ BS mapping: Trade Receivables: = 8,607,499
2026-06-09 13:06:31,145 [INFO] src.core.validation: VALIDATION PASS — ✓ BS row count: 54 rows parsed
2026-06-09 13:06:31,145 [INFO] src.core.validation: VALIDATION PASS — ✓ P&L row count: 33 rows parsed
2026-06-09 13:06:31,146 [INFO] src.core.validation: Validation complete: 17 passed, 0 warnings, 0 failed, 0 auto-corrected
2026-06-09 13:06:31,146 [INFO] src.core.validation: ============================================================
FAR VALIDATION REPORT
============================================================

PASSED CHECKS:
  ✓ Balance Sheet identity: Assets=275,311,308 ≈ Equity+Liabilities=275,311,308 (diff=0, within tolerance 275,311)
  ✓ Revenue from Operations > 0: Revenue = 10,984,519
  ✓ Average Trade Receivables > 0: CY=8,607,499, PY=2,012,487, Avg=5,309,993
  ✓ Ratio 'Current Ratio': CY=1.0052 (non-zero)
  ✓ Ratio 'Net Profit Ratio': CY=-26.9132 (non-zero)
  ✓ Ratio 'Return on Equity (ROE)': CY=-7.0978 (non-zero)
  ✓ Ratio 'Return on Capital Employed (ROCE)': CY=3.2892 (non-zero)
  ✓ Ratio 'Debtor Turnover Ratio': CY=2.0687 (non-zero)
  ✓ P&L mapping: Revenue from Operations: = 10,984,519
  ✓ P&L mapping: Profit Before Tax: = -2,956,284
  ✓ P&L mapping: Profit After Tax: = -2,956,284
  ✓ BS mapping: Total Current Assets: = 258,300,405
  ✓ BS mapping: Total Current Liabilities: = 256,966,044
  ✓ BS mapping: Total Equity: = 17,122,765
  ✓ BS mapping: Trade Receivables: = 8,607,499
  ✓ BS row count: 54 rows parsed
  ✓ P&L row count: 33 rows parsed
============================================================
2026-06-09 13:06:31,763 [INFO] matplotlib.category: Using categorical units to plot a list of strings that are all parsable as floats or dates. If these strings should be plotted as numbers, cast to the appropriate data type before plotting.
2026-06-09 13:06:31,764 [INFO] matplotlib.category: Using categorical units to plot a list of strings that are all parsable as floats or dates. If these strings should be plotted as numbers, cast to the appropriate data type before plotting.
2026-06-09 13:06:31,765 [INFO] matplotlib.category: Using categorical units to plot a list of strings that are all parsable as floats or dates. If these strings should be plotted as numbers, cast to the appropriate data type before plotting.
2026-06-09 13:06:31,788 [INFO] matplotlib.category: Using categorical units to plot a list of strings that are all parsable as floats or dates. If these strings should be plotted as numbers, cast to the appropriate data type before plotting.
2026-06-09 13:06:31,789 [INFO] matplotlib.category: Using categorical units to plot a list of strings that are all parsable as floats or dates. If these strings should be plotted as numbers, cast to the appropriate data type before plotting.
2026-06-09 13:06:31,789 [INFO] matplotlib.category: Using categorical units to plot a list of strings that are all parsable as floats or dates. If these strings should be plotted as numbers, cast to the appropriate data type before plotting.
2026-06-09 13:06:31,791 [INFO] matplotlib.category: Using categorical units to plot a list of strings that are all parsable as floats or dates. If these strings should be plotted as numbers, cast to the appropriate data type before plotting.
2026-06-09 13:06:31,792 [INFO] matplotlib.category: Using categorical units to plot a list of strings that are all parsable as floats or dates. If these strings should be plotted as numbers, cast to the appropriate data type before plotting.
2026-06-09 13:06:31,792 [INFO] matplotlib.category: Using categorical units to plot a list of strings that are all parsable as floats or dates. If these strings should be plotted as numbers, cast to the appropriate data type before plotting.
2026-06-09 13:06:31,817 [INFO] matplotlib.category: Using categorical units to plot a list of strings that are all parsable as floats or dates. If these strings should be plotted as numbers, cast to the appropriate data type before plotting.
2026-06-09 13:06:31,818 [INFO] matplotlib.category: Using categorical units to plot a list of strings that are all parsable as floats or dates. If these strings should be plotted as numbers, cast to the appropriate data type before plotting.
2026-06-09 13:06:31,820 [INFO] matplotlib.category: Using categorical units to plot a list of strings that are all parsable as floats or dates. If these strings should be plotted as numbers, cast to the appropriate data type before plotting.
2026-06-09 13:06:31,821 [INFO] matplotlib.category: Using categorical units to plot a list of strings that are all parsable as floats or dates. If these strings should be plotted as numbers, cast to the appropriate data type before plotting.
2026-06-09 13:06:32,084 [INFO] src.gui.main_window: FAR generated: BS=54 rows, PL=33 rows, Ratios=8
2026-06-09 13:07:59,080 [INFO] src.core.excel_export: FAR workbook saved to E:/GT WORK @/GT Work/FAR/YASH_FAR_2025-26.xlsx
2026-06-09 13:12:50,142 [INFO] __main__: Application exiting with code 0
2026-06-09 13:13:10,019 [INFO] __main__: ============================================================
2026-06-09 13:13:10,021 [INFO] __main__: FAR Automation Tool started at 2026-06-09T13:13:10.021941
2026-06-09 13:13:10,026 [INFO] __main__: Python 3.10.11 (tags/v3.10.11:7d4cc5a, Apr  5 2023, 00:38:17) [MSC v.1929 64 bit (AMD64)]
2026-06-09 13:13:10,027 [INFO] __main__: Project root: E:\GT WORK @\GT Work\far-automation
2026-06-09 13:13:10,191 [INFO] __main__: Stylesheet loaded
2026-06-09 13:13:12,346 [INFO] __main__: Main window shown
2026-06-09 13:15:26,515 [CRITICAL] __main__: Unhandled exception
Traceback (most recent call last):
  File "E:\GT WORK @\GT Work\far-automation\src\main.py", line 125, in <module>
    main()
  File "E:\GT WORK @\GT Work\far-automation\src\main.py", line 118, in main
    exit_code = app.exec()
KeyboardInterrupt
2026-06-09 13:19:55,899 [INFO] __main__: ============================================================
2026-06-09 13:19:55,985 [INFO] __main__: FAR Automation Tool started at 2026-06-09T13:19:55.985125
2026-06-09 13:19:55,993 [INFO] __main__: Python 3.10.11 (tags/v3.10.11:7d4cc5a, Apr  5 2023, 00:38:17) [MSC v.1929 64 bit (AMD64)]
2026-06-09 13:19:55,994 [INFO] __main__: Project root: E:\GT WORK @\GT Work\far-automation
2026-06-09 13:19:56,157 [INFO] __main__: Stylesheet loaded
2026-06-09 13:19:57,946 [INFO] __main__: Main window shown
2026-06-09 13:20:46,292 [INFO] src.core.cpp_bridge: C++ DLL not found at E:\GT WORK @\GT Work\far-automation\cpp_engine\build\far_engine.dll — using Python fallback
2026-06-09 13:20:46,917 [INFO] src.core.excel_parser: Client name extracted from row 1: Name of Client
2026-06-09 13:20:46,918 [INFO] src.core.excel_parser: Date headers found: CY=2025 (col 7, row 7), PY=2024 (col 9, row 7)
2026-06-09 13:20:46,919 [INFO] src.core.excel_parser: Parsed BS: 54 rows, CY=2025, PY=2024
2026-06-09 13:20:47,493 [INFO] src.core.excel_parser: Client name extracted from row 1: Name of Client
2026-06-09 13:20:47,494 [INFO] src.core.excel_parser: Date headers found: CY=2025 (col 5, row 7), PY=2024 (col 7, row 7)
2026-06-09 13:20:47,495 [INFO] src.core.excel_parser: Parsed PL: 33 rows, CY=2025, PY=2024
2026-06-09 13:20:48,102 [WARNING] src.core.excel_parser: Could not find two date header columns, found: []
2026-06-09 13:20:48,102 [INFO] src.core.excel_parser: Note 3: Could not find date columns — falling back to columns 3 and 4
2026-06-09 13:20:48,105 [WARNING] src.core.excel_parser: Could not find two date header columns, found: [(56, 2, 2024)]
2026-06-09 13:20:48,105 [INFO] src.core.excel_parser: Note 3A: Could not find date columns — falling back to columns 3 and 4
2026-06-09 13:20:48,108 [INFO] src.core.excel_parser: Date headers found: CY=2025 (col 9, row 83), PY=2024 (col 10, row 83)
2026-06-09 13:20:48,112 [INFO] src.core.excel_parser: Date headers found: CY=2025 (col 10, row 8), PY=2024 (col 11, row 8)
2026-06-09 13:20:48,115 [INFO] src.core.excel_parser: Date headers found: CY=2025 (col 10, row 39), PY=2024 (col 11, row 39)
2026-06-09 13:20:48,118 [INFO] src.core.excel_parser: Date headers found: CY=2025 (col 10, row 61), PY=2024 (col 11, row 61)
2026-06-09 13:20:48,121 [INFO] src.core.excel_parser: Date headers found: CY=2025 (col 8, row 72), PY=2024 (col 10, row 72)
2026-06-09 13:20:48,124 [INFO] src.core.excel_parser: Date headers found: CY=2025 (col 10, row 82), PY=2024 (col 11, row 82)
2026-06-09 13:20:48,131 [INFO] src.core.excel_parser: Date headers found: CY=2025 (col 10, row 126), PY=2024 (col 11, row 126)
2026-06-09 13:20:48,137 [INFO] src.core.excel_parser: Date headers found: CY=2025 (col 10, row 139), PY=2024 (col 11, row 139)
2026-06-09 13:20:48,143 [INFO] src.core.excel_parser: Date headers found: CY=2025 (col 10, row 148), PY=2024 (col 11, row 148)
2026-06-09 13:20:48,150 [INFO] src.core.excel_parser: Date headers found: CY=2025 (col 10, row 161), PY=2025 (col 10, row 161)
2026-06-09 13:20:48,248 [INFO] src.core.excel_parser: Date headers found: CY=2025 (col 10, row 195), PY=2024 (col 11, row 195)
2026-06-09 13:20:48,258 [INFO] src.core.excel_parser: Date headers found: CY=2025 (col 10, row 10), PY=2024 (col 11, row 10)
2026-06-09 13:20:48,263 [WARNING] src.core.excel_parser: Could not find two date header columns, found: []
2026-06-09 13:20:48,263 [INFO] src.core.excel_parser: Note 11: Could not find date columns — falling back to columns 3 and 4
2026-06-09 13:20:48,270 [INFO] src.core.excel_parser: Date headers found: CY=2025 (col 10, row 135), PY=2024 (col 11, row 135)
2026-06-09 13:20:48,276 [WARNING] src.core.excel_parser: Could not find two date header columns, found: []
2026-06-09 13:20:48,276 [INFO] src.core.excel_parser: Note 12: Could not find date columns — falling back to columns 3 and 4
2026-06-09 13:20:48,282 [INFO] src.core.excel_parser: Date headers found: CY=2025 (col 10, row 213), PY=2024 (col 11, row 213)
2026-06-09 13:20:48,288 [INFO] src.core.excel_parser: Date headers found: CY=2025 (col 10, row 233), PY=2024 (col 11, row 233)
2026-06-09 13:20:48,293 [INFO] src.core.excel_parser: Date headers found: CY=2025 (col 10, row 263), PY=2024 (col 11, row 263)
2026-06-09 13:20:48,300 [INFO] src.core.excel_parser: Date headers found: CY=2025 (col 10, row 275), PY=2024 (col 11, row 275)
2026-06-09 13:20:48,306 [INFO] src.core.excel_parser: Date headers found: CY=2025 (col 10, row 293), PY=2024 (col 11, row 293)
2026-06-09 13:20:48,311 [INFO] src.core.excel_parser: Date headers found: CY=2025 (col 10, row 338), PY=2024 (col 11, row 338)
2026-06-09 13:20:48,318 [INFO] src.core.excel_parser: Date headers found: CY=2025 (col 10, row 356), PY=2024 (col 11, row 356)
2026-06-09 13:20:48,324 [INFO] src.core.excel_parser: Date headers found: CY=2025 (col 10, row 368), PY=2024 (col 11, row 368)
2026-06-09 13:20:48,339 [INFO] src.core.excel_parser: Date headers found: CY=2025 (col 9, row 9), PY=2024 (col 10, row 9)
2026-06-09 13:20:48,349 [INFO] src.core.excel_parser: Date headers found: CY=2025 (col 9, row 19), PY=2024 (col 10, row 19)
2026-06-09 13:20:48,357 [INFO] src.core.excel_parser: Date headers found: CY=2025 (col 9, row 38), PY=2024 (col 10, row 38)
2026-06-09 13:20:48,365 [WARNING] src.core.excel_parser: Could not find two date header columns, found: [(53, 10, 2025)]
2026-06-09 13:20:48,365 [INFO] src.core.excel_parser: Note 21: Could not find date columns — falling back to columns 3 and 4
2026-06-09 13:20:48,373 [INFO] src.core.excel_parser: Date headers found: CY=2025 (col 9, row 68), PY=2024 (col 10, row 68)
2026-06-09 13:20:48,381 [INFO] src.core.excel_parser: Date headers found: CY=2025 (col 9, row 80), PY=2024 (col 10, row 80)
2026-06-09 13:20:48,393 [INFO] src.core.excel_parser: Date headers found: CY=2025 (col 9, row 122), PY=2024 (col 10, row 122)
2026-06-09 13:20:48,403 [INFO] src.core.excel_parser: Date headers found: CY=2025 (col 9, row 137), PY=2024 (col 10, row 137)
2026-06-09 13:20:48,418 [INFO] src.core.excel_parser: Date headers found: CY=2025 (col 9, row 165), PY=2024 (col 10, row 165)
2026-06-09 13:20:48,429 [INFO] src.core.excel_parser: Date headers found: CY=2025 (col 9, row 195), PY=2024 (col 10, row 195)
2026-06-09 13:20:48,439 [INFO] src.core.excel_parser: Date headers found: CY=2025 (col 9, row 223), PY=2024 (col 10, row 223)
2026-06-09 13:20:48,453 [INFO] src.core.excel_parser: Date headers found: CY=2025 (col 9, row 258), PY=2024 (col 2, row 258)
2026-06-09 13:20:48,463 [INFO] src.core.excel_parser: Date headers found: CY=2025 (col 9, row 277), PY=2024 (col 10, row 277)
2026-06-09 13:20:48,479 [INFO] src.core.excel_parser: Date headers found: CY=2025 (col 9, row 316), PY=2025 (col 2, row 316)
2026-06-09 13:20:48,485 [INFO] src.core.excel_parser: Parsed notes from 4 sheets
2026-06-09 13:20:48,496 [INFO] src.core.excel_parser: Found non-zero value for 'trade receivables' on row 'Trade receivables': CY=8.61, PY=2.01
2026-06-09 13:20:48,497 [INFO] src.core.excel_parser: BS Summary: total_ca=258, total_cl=257, debtors=9, equity=17
2026-06-09 13:20:48,497 [WARNING] src.core.excel_parser: Keyword 'revenue from operations' matched row 'Revenue from operations' but value is ZERO — may be a heading row; scanning further
2026-06-09 13:20:48,497 [INFO] src.core.excel_parser: Found non-zero value for 'software services' on row '- Software services': CY=10.98, PY=14.48
2026-06-09 13:20:48,497 [INFO] src.core.excel_parser: Found non-zero value for 'total income' on row 'Total income': CY=26.89, PY=50.95
2026-06-09 13:20:48,497 [INFO] src.core.excel_parser: PBT found: row='Profit / (Loss) before exceptional and extraordinary items and tax', CY=-2.96, PY=19.40
2026-06-09 13:20:48,498 [WARNING] src.core.excel_parser: PAT: Could not find Profit After Tax row — falling back to PBT (-2.96). Net Profit Ratio may be slightly overstated (ignores tax).
2026-06-09 13:20:48,498 [INFO] src.core.excel_parser: Found non-zero value for 'finance charge' on row 'Finance charges': CY=11.76, PY=14.03
2026-06-09 13:20:48,498 [INFO] src.core.excel_parser: PL Summary: revenue_ops=11, pbt=-3, pat=-3, finance_cost=12
2026-06-09 13:20:48,499 [INFO] src.core.cpp_bridge: Ratio inputs — revenue_ops: CY=11 PY=14 | pat: CY=-3 PY=19 | debtors: CY=9 PY=2 (avg_cy=5) | total_ca: CY=258 PY=249 | total_cl: CY=257 PY=10
2026-06-09 13:20:48,499 [INFO] src.core.cpp_bridge: RATIO 'Debt Equity Ratio': CY=14.6355, PY=3.6661, Change=299.22%
2026-06-09 13:20:48,499 [INFO] src.core.cpp_bridge: RATIO 'Current Ratio': CY=1.0052, PY=25.9749, Change=-96.13%
2026-06-09 13:20:48,500 [INFO] src.core.cpp_bridge: RATIO 'GCA Days': CY=3506.1175, PY=1782.6614, Change=96.68%
2026-06-09 13:20:48,500 [INFO] src.core.cpp_bridge: RATIO 'Total Outside Liab. vs Total Equity': CY=15.0812, PY=3.7815, Change=298.81%
2026-06-09 13:20:48,500 [INFO] src.core.cpp_bridge: RATIO 'Net Profit Ratio': CY=-26.9581, PY=133.9779, Change=-120.12%
2026-06-09 13:20:48,500 [INFO] src.core.cpp_bridge: RATIO 'Return on Equity (ROE)': CY=-7.1068, PY=29.3140, Change=-124.24%
2026-06-09 13:20:48,501 [INFO] src.core.cpp_bridge: RATIO 'Return on Capital Employed (ROCE)': CY=3.2875, PY=10.8258, Change=-69.63%
2026-06-09 13:20:48,501 [INFO] src.core.cpp_bridge: RATIO 'Debtor Turnover Ratio': CY=2.0678, PY=7.2040, Change=-71.30%
2026-06-09 13:20:48,505 [INFO] src.core.validation: VALIDATION PASS — ✓ Balance Sheet identity: Assets=275 ≈ Equity+Liabilities=275 (diff=0, within tolerance 1)
2026-06-09 13:20:48,505 [INFO] src.core.validation: VALIDATION PASS — ✓ Revenue from Operations > 0: Revenue = 11
2026-06-09 13:20:48,505 [INFO] src.core.validation: VALIDATION PASS — ✓ Average Trade Receivables > 0: CY=9, PY=2, Avg=5
2026-06-09 13:20:48,505 [INFO] src.core.validation: VALIDATION PASS — ✓ Ratio 'Current Ratio': CY=1.0052 (non-zero)
2026-06-09 13:20:48,506 [INFO] src.core.validation: VALIDATION PASS — ✓ Ratio 'Net Profit Ratio': CY=-26.9581 (non-zero)
2026-06-09 13:20:48,506 [INFO] src.core.validation: VALIDATION PASS — ✓ Ratio 'Return on Equity (ROE)': CY=-7.1068 (non-zero)
2026-06-09 13:20:48,507 [INFO] src.core.validation: VALIDATION PASS — ✓ Ratio 'Return on Capital Employed (ROCE)': CY=3.2875 (non-zero)
2026-06-09 13:20:48,507 [INFO] src.core.validation: VALIDATION PASS — ✓ Ratio 'Debtor Turnover Ratio': CY=2.0678 (non-zero)
2026-06-09 13:20:48,507 [INFO] src.core.validation: VALIDATION PASS — ✓ P&L mapping: Revenue from Operations: = 11
2026-06-09 13:20:48,507 [INFO] src.core.validation: VALIDATION PASS — ✓ P&L mapping: Profit Before Tax: = -3
2026-06-09 13:20:48,508 [INFO] src.core.validation: VALIDATION PASS — ✓ P&L mapping: Profit After Tax: = -3
2026-06-09 13:20:48,508 [INFO] src.core.validation: VALIDATION PASS — ✓ BS mapping: Total Current Assets: = 258
2026-06-09 13:20:48,508 [INFO] src.core.validation: VALIDATION PASS — ✓ BS mapping: Total Current Liabilities: = 257
2026-06-09 13:20:48,508 [INFO] src.core.validation: VALIDATION PASS — ✓ BS mapping: Total Equity: = 17
2026-06-09 13:20:48,508 [INFO] src.core.validation: VALIDATION PASS — ✓ BS mapping: Trade Receivables: = 9
2026-06-09 13:20:48,509 [INFO] src.core.validation: VALIDATION PASS — ✓ BS row count: 54 rows parsed
2026-06-09 13:20:48,509 [INFO] src.core.validation: VALIDATION PASS — ✓ P&L row count: 33 rows parsed
2026-06-09 13:20:48,509 [INFO] src.core.validation: Validation complete: 17 passed, 0 warnings, 0 failed, 0 auto-corrected
2026-06-09 13:20:48,509 [INFO] src.core.validation: ============================================================
FAR VALIDATION REPORT
============================================================

PASSED CHECKS:
  ✓ Balance Sheet identity: Assets=275 ≈ Equity+Liabilities=275 (diff=0, within tolerance 1)
  ✓ Revenue from Operations > 0: Revenue = 11
  ✓ Average Trade Receivables > 0: CY=9, PY=2, Avg=5
  ✓ Ratio 'Current Ratio': CY=1.0052 (non-zero)
  ✓ Ratio 'Net Profit Ratio': CY=-26.9581 (non-zero)
  ✓ Ratio 'Return on Equity (ROE)': CY=-7.1068 (non-zero)
  ✓ Ratio 'Return on Capital Employed (ROCE)': CY=3.2875 (non-zero)
  ✓ Ratio 'Debtor Turnover Ratio': CY=2.0678 (non-zero)
  ✓ P&L mapping: Revenue from Operations: = 11
  ✓ P&L mapping: Profit Before Tax: = -3
  ✓ P&L mapping: Profit After Tax: = -3
  ✓ BS mapping: Total Current Assets: = 258
  ✓ BS mapping: Total Current Liabilities: = 257
  ✓ BS mapping: Total Equity: = 17
  ✓ BS mapping: Trade Receivables: = 9
  ✓ BS row count: 54 rows parsed
  ✓ P&L row count: 33 rows parsed
============================================================
2026-06-09 13:20:49,120 [INFO] matplotlib.category: Using categorical units to plot a list of strings that are all parsable as floats or dates. If these strings should be plotted as numbers, cast to the appropriate data type before plotting.
2026-06-09 13:20:49,121 [INFO] matplotlib.category: Using categorical units to plot a list of strings that are all parsable as floats or dates. If these strings should be plotted as numbers, cast to the appropriate data type before plotting.
2026-06-09 13:20:49,123 [INFO] matplotlib.category: Using categorical units to plot a list of strings that are all parsable as floats or dates. If these strings should be plotted as numbers, cast to the appropriate data type before plotting.
2026-06-09 13:20:49,152 [INFO] matplotlib.category: Using categorical units to plot a list of strings that are all parsable as floats or dates. If these strings should be plotted as numbers, cast to the appropriate data type before plotting.
2026-06-09 13:20:49,153 [INFO] matplotlib.category: Using categorical units to plot a list of strings that are all parsable as floats or dates. If these strings should be plotted as numbers, cast to the appropriate data type before plotting.
2026-06-09 13:20:49,154 [INFO] matplotlib.category: Using categorical units to plot a list of strings that are all parsable as floats or dates. If these strings should be plotted as numbers, cast to the appropriate data type before plotting.
2026-06-09 13:20:49,155 [INFO] matplotlib.category: Using categorical units to plot a list of strings that are all parsable as floats or dates. If these strings should be plotted as numbers, cast to the appropriate data type before plotting.
2026-06-09 13:20:49,156 [INFO] matplotlib.category: Using categorical units to plot a list of strings that are all parsable as floats or dates. If these strings should be plotted as numbers, cast to the appropriate data type before plotting.
2026-06-09 13:20:49,157 [INFO] matplotlib.category: Using categorical units to plot a list of strings that are all parsable as floats or dates. If these strings should be plotted as numbers, cast to the appropriate data type before plotting.
2026-06-09 13:20:49,186 [INFO] matplotlib.category: Using categorical units to plot a list of strings that are all parsable as floats or dates. If these strings should be plotted as numbers, cast to the appropriate data type before plotting.
2026-06-09 13:20:49,186 [INFO] matplotlib.category: Using categorical units to plot a list of strings that are all parsable as floats or dates. If these strings should be plotted as numbers, cast to the appropriate data type before plotting.
2026-06-09 13:20:49,188 [INFO] matplotlib.category: Using categorical units to plot a list of strings that are all parsable as floats or dates. If these strings should be plotted as numbers, cast to the appropriate data type before plotting.
2026-06-09 13:20:49,190 [INFO] matplotlib.category: Using categorical units to plot a list of strings that are all parsable as floats or dates. If these strings should be plotted as numbers, cast to the appropriate data type before plotting.
2026-06-09 13:20:49,444 [INFO] src.gui.main_window: FAR generated: BS=54 rows, PL=33 rows, Ratios=8
2026-06-09 13:21:05,469 [INFO] matplotlib.category: Using categorical units to plot a list of strings that are all parsable as floats or dates. If these strings should be plotted as numbers, cast to the appropriate data type before plotting.
2026-06-09 13:21:05,470 [INFO] matplotlib.category: Using categorical units to plot a list of strings that are all parsable as floats or dates. If these strings should be plotted as numbers, cast to the appropriate data type before plotting.
2026-06-09 13:21:05,471 [INFO] matplotlib.category: Using categorical units to plot a list of strings that are all parsable as floats or dates. If these strings should be plotted as numbers, cast to the appropriate data type before plotting.
2026-06-09 13:21:05,472 [INFO] matplotlib.category: Using categorical units to plot a list of strings that are all parsable as floats or dates. If these strings should be plotted as numbers, cast to the appropriate data type before plotting.
2026-06-09 13:34:06,621 [CRITICAL] __main__: Unhandled exception
Traceback (most recent call last):
  File "C:\Users\shuhb\AppData\Local\Python\pythoncore-3.10-64\lib\site-packages\matplotlib\backends\backend_qt.py", line 265, in eventFilter
    def eventFilter(self, source, event):
KeyboardInterrupt
2026-06-09 13:37:51,355 [INFO] __main__: ============================================================
2026-06-09 13:37:51,442 [INFO] __main__: FAR Automation Tool started at 2026-06-09T13:37:51.442965
2026-06-09 13:37:51,442 [INFO] __main__: Python 3.10.11 (tags/v3.10.11:7d4cc5a, Apr  5 2023, 00:38:17) [MSC v.1929 64 bit (AMD64)]
2026-06-09 13:37:51,449 [INFO] __main__: Project root: E:\GT WORK @\GT Work\far-automation
2026-06-09 13:37:51,636 [INFO] __main__: Stylesheet loaded
2026-06-09 13:37:53,678 [INFO] __main__: Main window shown
2026-06-09 13:48:43,896 [INFO] src.core.cpp_bridge: C++ DLL not found at E:\GT WORK @\GT Work\far-automation\cpp_engine\build\far_engine.dll — using Python fallback
2026-06-09 13:48:44,535 [INFO] src.core.excel_parser: Client name extracted from row 1: TechVenture Solutions Private Limited
2026-06-09 13:48:44,537 [INFO] src.core.excel_parser: Date headers found: CY=2025 (col 7, row 7), PY=2024 (col 9, row 7)
2026-06-09 13:48:44,538 [INFO] src.core.excel_parser: Parsed BS: 54 rows, CY=2025, PY=2024
2026-06-09 13:48:45,243 [INFO] src.core.excel_parser: Client name extracted from row 1: TechVenture Solutions Private Limited
2026-06-09 13:48:45,245 [INFO] src.core.excel_parser: Date headers found: CY=2025 (col 5, row 7), PY=2024 (col 7, row 7)
2026-06-09 13:48:45,246 [INFO] src.core.excel_parser: Parsed PL: 33 rows, CY=2025, PY=2024
2026-06-09 13:48:45,979 [WARNING] src.core.excel_parser: Could not find two date header columns, found: []
2026-06-09 13:48:45,980 [INFO] src.core.excel_parser: Note 3: Could not find date columns — falling back to columns 3 and 4
2026-06-09 13:48:45,983 [WARNING] src.core.excel_parser: Could not find two date header columns, found: [(56, 2, 2024)]
2026-06-09 13:48:45,983 [INFO] src.core.excel_parser: Note 3A: Could not find date columns — falling back to columns 3 and 4
2026-06-09 13:48:45,988 [INFO] src.core.excel_parser: Date headers found: CY=2025 (col 9, row 83), PY=2024 (col 10, row 83)
2026-06-09 13:48:46,078 [INFO] src.core.excel_parser: Date headers found: CY=2025 (col 10, row 8), PY=2024 (col 11, row 8)
2026-06-09 13:48:46,144 [INFO] src.core.excel_parser: Date headers found: CY=2025 (col 10, row 39), PY=2024 (col 11, row 39)
2026-06-09 13:48:46,147 [INFO] src.core.excel_parser: Date headers found: CY=2025 (col 10, row 61), PY=2024 (col 11, row 61)
2026-06-09 13:48:46,150 [INFO] src.core.excel_parser: Date headers found: CY=2025 (col 8, row 72), PY=2024 (col 10, row 72)
2026-06-09 13:48:46,154 [INFO] src.core.excel_parser: Date headers found: CY=2025 (col 10, row 82), PY=2024 (col 11, row 82)
2026-06-09 13:48:46,159 [INFO] src.core.excel_parser: Date headers found: CY=2025 (col 10, row 126), PY=2024 (col 11, row 126)
2026-06-09 13:48:46,164 [INFO] src.core.excel_parser: Date headers found: CY=2025 (col 10, row 139), PY=2024 (col 11, row 139)
2026-06-09 13:48:46,171 [INFO] src.core.excel_parser: Date headers found: CY=2025 (col 10, row 148), PY=2024 (col 11, row 148)
2026-06-09 13:48:46,178 [INFO] src.core.excel_parser: Date headers found: CY=2025 (col 10, row 161), PY=2025 (col 10, row 161)
2026-06-09 13:48:46,183 [INFO] src.core.excel_parser: Date headers found: CY=2025 (col 10, row 195), PY=2024 (col 11, row 195)
2026-06-09 13:48:46,188 [INFO] src.core.excel_parser: Date headers found: CY=2025 (col 10, row 10), PY=2024 (col 11, row 10)
2026-06-09 13:48:46,193 [WARNING] src.core.excel_parser: Could not find two date header columns, found: []
2026-06-09 13:48:46,193 [INFO] src.core.excel_parser: Note 11: Could not find date columns — falling back to columns 3 and 4
2026-06-09 13:48:46,200 [INFO] src.core.excel_parser: Date headers found: CY=2025 (col 10, row 135), PY=2024 (col 11, row 135)
2026-06-09 13:48:46,207 [WARNING] src.core.excel_parser: Could not find two date header columns, found: []
2026-06-09 13:48:46,207 [INFO] src.core.excel_parser: Note 12: Could not find date columns — falling back to columns 3 and 4
2026-06-09 13:48:46,213 [INFO] src.core.excel_parser: Date headers found: CY=2025 (col 10, row 213), PY=2024 (col 11, row 213)
2026-06-09 13:48:46,219 [INFO] src.core.excel_parser: Date headers found: CY=2025 (col 10, row 233), PY=2024 (col 11, row 233)
2026-06-09 13:48:46,225 [INFO] src.core.excel_parser: Date headers found: CY=2025 (col 10, row 263), PY=2024 (col 11, row 263)
2026-06-09 13:48:46,229 [INFO] src.core.excel_parser: Date headers found: CY=2025 (col 10, row 275), PY=2024 (col 11, row 275)
2026-06-09 13:48:46,235 [INFO] src.core.excel_parser: Date headers found: CY=2025 (col 10, row 293), PY=2024 (col 11, row 293)
2026-06-09 13:48:46,244 [INFO] src.core.excel_parser: Date headers found: CY=2025 (col 10, row 338), PY=2024 (col 11, row 338)
2026-06-09 13:48:46,249 [INFO] src.core.excel_parser: Date headers found: CY=2025 (col 10, row 356), PY=2024 (col 11, row 356)
2026-06-09 13:48:46,256 [INFO] src.core.excel_parser: Date headers found: CY=2025 (col 10, row 368), PY=2024 (col 11, row 368)
2026-06-09 13:48:46,269 [INFO] src.core.excel_parser: Date headers found: CY=2025 (col 9, row 9), PY=2024 (col 10, row 9)
2026-06-09 13:48:46,277 [INFO] src.core.excel_parser: Date headers found: CY=2025 (col 9, row 19), PY=2024 (col 10, row 19)
2026-06-09 13:48:46,289 [INFO] src.core.excel_parser: Date headers found: CY=2025 (col 9, row 38), PY=2024 (col 10, row 38)
2026-06-09 13:48:46,297 [WARNING] src.core.excel_parser: Could not find two date header columns, found: [(53, 10, 2025)]
2026-06-09 13:48:46,297 [INFO] src.core.excel_parser: Note 21: Could not find date columns — falling back to columns 3 and 4
2026-06-09 13:48:46,307 [INFO] src.core.excel_parser: Date headers found: CY=2025 (col 9, row 68), PY=2024 (col 10, row 68)
2026-06-09 13:48:46,316 [INFO] src.core.excel_parser: Date headers found: CY=2025 (col 9, row 80), PY=2024 (col 10, row 80)
2026-06-09 13:48:46,327 [INFO] src.core.excel_parser: Date headers found: CY=2025 (col 9, row 122), PY=2024 (col 10, row 122)
2026-06-09 13:48:46,338 [INFO] src.core.excel_parser: Date headers found: CY=2025 (col 9, row 137), PY=2024 (col 10, row 137)
2026-06-09 13:48:46,354 [INFO] src.core.excel_parser: Date headers found: CY=2025 (col 9, row 165), PY=2024 (col 10, row 165)
2026-06-09 13:48:46,373 [INFO] src.core.excel_parser: Date headers found: CY=2025 (col 9, row 195), PY=2024 (col 10, row 195)
2026-06-09 13:48:46,389 [INFO] src.core.excel_parser: Date headers found: CY=2025 (col 9, row 223), PY=2024 (col 10, row 223)
2026-06-09 13:48:46,406 [INFO] src.core.excel_parser: Date headers found: CY=2025 (col 9, row 258), PY=2024 (col 2, row 258)
2026-06-09 13:48:46,418 [INFO] src.core.excel_parser: Date headers found: CY=2025 (col 9, row 277), PY=2024 (col 10, row 277)
2026-06-09 13:48:46,438 [INFO] src.core.excel_parser: Date headers found: CY=2025 (col 9, row 316), PY=2024 (col 2, row 316)
2026-06-09 13:48:46,442 [INFO] src.core.excel_parser: Parsed notes from 4 sheets
2026-06-09 13:48:46,452 [INFO] src.core.excel_parser: Found non-zero value for 'trade receivables' on row 'Trade receivables': CY=177.50, PY=143.00
2026-06-09 13:48:46,452 [INFO] src.core.excel_parser: BS Summary: total_ca=2583, total_cl=2570, debtors=178, equity=171
2026-06-09 13:48:46,453 [WARNING] src.core.excel_parser: Keyword 'revenue from operations' matched row 'Revenue from operations' but value is ZERO — may be a heading row; scanning further
2026-06-09 13:48:46,453 [INFO] src.core.excel_parser: Found non-zero value for 'software services' on row '- Software services': CY=875.40, PY=724.80
2026-06-09 13:48:46,453 [INFO] src.core.excel_parser: Found non-zero value for 'total income' on row 'Total income': CY=268.88, PY=509.46
2026-06-09 13:48:46,453 [INFO] src.core.excel_parser: PBT found: row='Profit / (Loss) before exceptional and extraordinary items and tax', CY=-29.56, PY=194.00
2026-06-09 13:48:46,454 [WARNING] src.core.excel_parser: PAT: Could not find Profit After Tax row — falling back to PBT (-29.56). Net Profit Ratio may be slightly overstated (ignores tax).
2026-06-09 13:48:46,454 [INFO] src.core.excel_parser: Found non-zero value for 'finance charge' on row 'Finance charges': CY=31.20, PY=28.40
2026-06-09 13:48:46,455 [INFO] src.core.excel_parser: PL Summary: revenue_ops=875, pbt=-30, pat=-30, finance_cost=31
2026-06-09 13:48:46,455 [INFO] src.core.cpp_bridge: Ratio inputs — revenue_ops: CY=875 PY=725 | pat: CY=-30 PY=194 | debtors: CY=178 PY=143 (avg_cy=160) | total_ca: CY=2583 PY=2488 | total_cl: CY=2570 PY=96
2026-06-09 13:48:46,455 [INFO] src.core.cpp_bridge: RATIO 'Debt Equity Ratio': CY=14.6327, PY=3.6661, Change=299.14%
2026-06-09 13:48:46,455 [INFO] src.core.cpp_bridge: RATIO 'Current Ratio': CY=1.0052, PY=25.9779, Change=-96.13%
2026-06-09 13:48:46,456 [INFO] src.core.cpp_bridge: RATIO 'GCA Days': CY=3506.3783, PY=1782.8157, Change=96.68%
2026-06-09 13:48:46,456 [INFO] src.core.cpp_bridge: RATIO 'Total Outside Liab. vs Total Equity': CY=15.0784, PY=3.7817, Change=298.72%
2026-06-09 13:48:46,456 [INFO] src.core.cpp_bridge: RATIO 'Net Profit Ratio': CY=-3.3767, PY=26.7660, Change=-112.62%
2026-06-09 13:48:46,456 [INFO] src.core.cpp_bridge: RATIO 'Return on Equity (ROE)': CY=-7.0972, PY=29.3149, Change=-124.21%
2026-06-09 13:48:46,456 [INFO] src.core.cpp_bridge: RATIO 'Return on Capital Employed (ROCE)': CY=0.0613, PY=7.2022, Change=-99.15%
2026-06-09 13:48:46,457 [INFO] src.core.cpp_bridge: RATIO 'Debtor Turnover Ratio': CY=5.4627, PY=5.0685, Change=7.78%
2026-06-09 13:48:46,461 [INFO] src.core.validation: VALIDATION PASS — ✓ Balance Sheet identity: Assets=2,753 ≈ Equity+Liabilities=2,753 (diff=0, within tolerance 3)
2026-06-09 13:48:46,462 [INFO] src.core.validation: VALIDATION PASS — ✓ Revenue from Operations > 0: Revenue = 875
2026-06-09 13:48:46,462 [INFO] src.core.validation: VALIDATION PASS — ✓ Average Trade Receivables > 0: CY=178, PY=143, Avg=160
2026-06-09 13:48:46,462 [INFO] src.core.validation: VALIDATION PASS — ✓ Ratio 'Current Ratio': CY=1.0052 (non-zero)
2026-06-09 13:48:46,463 [INFO] src.core.validation: VALIDATION PASS — ✓ Ratio 'Net Profit Ratio': CY=-3.3767 (non-zero)
2026-06-09 13:48:46,463 [INFO] src.core.validation: VALIDATION PASS — ✓ Ratio 'Return on Equity (ROE)': CY=-7.0972 (non-zero)
2026-06-09 13:48:46,463 [INFO] src.core.validation: VALIDATION PASS — ✓ Ratio 'Return on Capital Employed (ROCE)': CY=0.0613 (non-zero)
2026-06-09 13:48:46,463 [INFO] src.core.validation: VALIDATION PASS — ✓ Ratio 'Debtor Turnover Ratio': CY=5.4627 (non-zero)
2026-06-09 13:48:46,463 [INFO] src.core.validation: VALIDATION PASS — ✓ P&L mapping: Revenue from Operations: = 875
2026-06-09 13:48:46,464 [INFO] src.core.validation: VALIDATION PASS — ✓ P&L mapping: Profit Before Tax: = -30
2026-06-09 13:48:46,464 [INFO] src.core.validation: VALIDATION PASS — ✓ P&L mapping: Profit After Tax: = -30
2026-06-09 13:48:46,464 [INFO] src.core.validation: VALIDATION PASS — ✓ BS mapping: Total Current Assets: = 2,583
2026-06-09 13:48:46,464 [INFO] src.core.validation: VALIDATION PASS — ✓ BS mapping: Total Current Liabilities: = 2,570
2026-06-09 13:48:46,464 [INFO] src.core.validation: VALIDATION PASS — ✓ BS mapping: Total Equity: = 171
2026-06-09 13:48:46,465 [INFO] src.core.validation: VALIDATION PASS — ✓ BS mapping: Trade Receivables: = 178
2026-06-09 13:48:46,465 [INFO] src.core.validation: VALIDATION PASS — ✓ BS row count: 54 rows parsed
2026-06-09 13:48:46,465 [INFO] src.core.validation: VALIDATION PASS — ✓ P&L row count: 33 rows parsed
2026-06-09 13:48:46,466 [INFO] src.core.validation: Validation complete: 17 passed, 0 warnings, 0 failed, 0 auto-corrected
2026-06-09 13:48:46,466 [INFO] src.core.validation: ============================================================
FAR VALIDATION REPORT
============================================================

PASSED CHECKS:
  ✓ Balance Sheet identity: Assets=2,753 ≈ Equity+Liabilities=2,753 (diff=0, within tolerance 3)
  ✓ Revenue from Operations > 0: Revenue = 875
  ✓ Average Trade Receivables > 0: CY=178, PY=143, Avg=160
  ✓ Ratio 'Current Ratio': CY=1.0052 (non-zero)
  ✓ Ratio 'Net Profit Ratio': CY=-3.3767 (non-zero)
  ✓ Ratio 'Return on Equity (ROE)': CY=-7.0972 (non-zero)
  ✓ Ratio 'Return on Capital Employed (ROCE)': CY=0.0613 (non-zero)
  ✓ Ratio 'Debtor Turnover Ratio': CY=5.4627 (non-zero)
  ✓ P&L mapping: Revenue from Operations: = 875
  ✓ P&L mapping: Profit Before Tax: = -30
  ✓ P&L mapping: Profit After Tax: = -30
  ✓ BS mapping: Total Current Assets: = 2,583
  ✓ BS mapping: Total Current Liabilities: = 2,570
  ✓ BS mapping: Total Equity: = 171
  ✓ BS mapping: Trade Receivables: = 178
  ✓ BS row count: 54 rows parsed
  ✓ P&L row count: 33 rows parsed
============================================================
2026-06-09 13:48:47,258 [INFO] matplotlib.category: Using categorical units to plot a list of strings that are all parsable as floats or dates. If these strings should be plotted as numbers, cast to the appropriate data type before plotting.
2026-06-09 13:48:47,260 [INFO] matplotlib.category: Using categorical units to plot a list of strings that are all parsable as floats or dates. If these strings should be plotted as numbers, cast to the appropriate data type before plotting.
2026-06-09 13:48:47,261 [INFO] matplotlib.category: Using categorical units to plot a list of strings that are all parsable as floats or dates. If these strings should be plotted as numbers, cast to the appropriate data type before plotting.
2026-06-09 13:48:47,289 [INFO] matplotlib.category: Using categorical units to plot a list of strings that are all parsable as floats or dates. If these strings should be plotted as numbers, cast to the appropriate data type before plotting.
2026-06-09 13:48:47,290 [INFO] matplotlib.category: Using categorical units to plot a list of strings that are all parsable as floats or dates. If these strings should be plotted as numbers, cast to the appropriate data type before plotting.
2026-06-09 13:48:47,291 [INFO] matplotlib.category: Using categorical units to plot a list of strings that are all parsable as floats or dates. If these strings should be plotted as numbers, cast to the appropriate data type before plotting.
2026-06-09 13:48:47,292 [INFO] matplotlib.category: Using categorical units to plot a list of strings that are all parsable as floats or dates. If these strings should be plotted as numbers, cast to the appropriate data type before plotting.
2026-06-09 13:48:47,293 [INFO] matplotlib.category: Using categorical units to plot a list of strings that are all parsable as floats or dates. If these strings should be plotted as numbers, cast to the appropriate data type before plotting.
2026-06-09 13:48:47,294 [INFO] matplotlib.category: Using categorical units to plot a list of strings that are all parsable as floats or dates. If these strings should be plotted as numbers, cast to the appropriate data type before plotting.
2026-06-09 13:48:47,321 [INFO] matplotlib.category: Using categorical units to plot a list of strings that are all parsable as floats or dates. If these strings should be plotted as numbers, cast to the appropriate data type before plotting.
2026-06-09 13:48:47,322 [INFO] matplotlib.category: Using categorical units to plot a list of strings that are all parsable as floats or dates. If these strings should be plotted as numbers, cast to the appropriate data type before plotting.
2026-06-09 13:48:47,323 [INFO] matplotlib.category: Using categorical units to plot a list of strings that are all parsable as floats or dates. If these strings should be plotted as numbers, cast to the appropriate data type before plotting.
2026-06-09 13:48:47,323 [INFO] matplotlib.category: Using categorical units to plot a list of strings that are all parsable as floats or dates. If these strings should be plotted as numbers, cast to the appropriate data type before plotting.
2026-06-09 13:48:47,615 [INFO] src.gui.main_window: FAR generated: BS=54 rows, PL=33 rows, Ratios=8
2026-06-09 13:49:21,320 [INFO] matplotlib.category: Using categorical units to plot a list of strings that are all parsable as floats or dates. If these strings should be plotted as numbers, cast to the appropriate data type before plotting.
2026-06-09 13:49:21,321 [INFO] matplotlib.category: Using categorical units to plot a list of strings that are all parsable as floats or dates. If these strings should be plotted as numbers, cast to the appropriate data type before plotting.
2026-06-09 13:49:21,322 [INFO] matplotlib.category: Using categorical units to plot a list of strings that are all parsable as floats or dates. If these strings should be plotted as numbers, cast to the appropriate data type before plotting.
2026-06-09 13:49:21,354 [INFO] matplotlib.category: Using categorical units to plot a list of strings that are all parsable as floats or dates. If these strings should be plotted as numbers, cast to the appropriate data type before plotting.
2026-06-09 13:49:21,355 [INFO] matplotlib.category: Using categorical units to plot a list of strings that are all parsable as floats or dates. If these strings should be plotted as numbers, cast to the appropriate data type before plotting.
2026-06-09 13:49:21,356 [INFO] matplotlib.category: Using categorical units to plot a list of strings that are all parsable as floats or dates. If these strings should be plotted as numbers, cast to the appropriate data type before plotting.
2026-06-09 13:49:21,357 [INFO] matplotlib.category: Using categorical units to plot a list of strings that are all parsable as floats or dates. If these strings should be plotted as numbers, cast to the appropriate data type before plotting.
2026-06-09 13:49:21,357 [INFO] matplotlib.category: Using categorical units to plot a list of strings that are all parsable as floats or dates. If these strings should be plotted as numbers, cast to the appropriate data type before plotting.
2026-06-09 13:49:21,357 [INFO] matplotlib.category: Using categorical units to plot a list of strings that are all parsable as floats or dates. If these strings should be plotted as numbers, cast to the appropriate data type before plotting.
2026-06-09 13:49:21,383 [INFO] matplotlib.category: Using categorical units to plot a list of strings that are all parsable as floats or dates. If these strings should be plotted as numbers, cast to the appropriate data type before plotting.
2026-06-09 13:49:21,384 [INFO] matplotlib.category: Using categorical units to plot a list of strings that are all parsable as floats or dates. If these strings should be plotted as numbers, cast to the appropriate data type before plotting.
2026-06-09 13:49:21,384 [INFO] matplotlib.category: Using categorical units to plot a list of strings that are all parsable as floats or dates. If these strings should be plotted as numbers, cast to the appropriate data type before plotting.
2026-06-09 13:49:21,385 [INFO] matplotlib.category: Using categorical units to plot a list of strings that are all parsable as floats or dates. If these strings should be plotted as numbers, cast to the appropriate data type before plotting.
2026-06-09 13:49:21,400 [INFO] matplotlib.category: Using categorical units to plot a list of strings that are all parsable as floats or dates. If these strings should be plotted as numbers, cast to the appropriate data type before plotting.
2026-06-09 13:49:21,401 [INFO] matplotlib.category: Using categorical units to plot a list of strings that are all parsable as floats or dates. If these strings should be plotted as numbers, cast to the appropriate data type before plotting.
2026-06-09 13:49:21,402 [INFO] matplotlib.category: Using categorical units to plot a list of strings that are all parsable as floats or dates. If these strings should be plotted as numbers, cast to the appropriate data type before plotting.
2026-06-09 13:49:21,403 [INFO] matplotlib.category: Using categorical units to plot a list of strings that are all parsable as floats or dates. If these strings should be plotted as numbers, cast to the appropriate data type before plotting.
2026-06-09 13:49:21,403 [INFO] matplotlib.category: Using categorical units to plot a list of strings that are all parsable as floats or dates. If these strings should be plotted as numbers, cast to the appropriate data type before plotting.
2026-06-09 13:49:21,404 [INFO] matplotlib.category: Using categorical units to plot a list of strings that are all parsable as floats or dates. If these strings should be plotted as numbers, cast to the appropriate data type before plotting.
2026-06-09 13:49:21,442 [INFO] matplotlib.category: Using categorical units to plot a list of strings that are all parsable as floats or dates. If these strings should be plotted as numbers, cast to the appropriate data type before plotting.
2026-06-09 13:49:21,443 [INFO] matplotlib.category: Using categorical units to plot a list of strings that are all parsable as floats or dates. If these strings should be plotted as numbers, cast to the appropriate data type before plotting.
2026-06-09 13:49:21,445 [INFO] matplotlib.category: Using categorical units to plot a list of strings that are all parsable as floats or dates. If these strings should be plotted as numbers, cast to the appropriate data type before plotting.
2026-06-09 13:49:21,446 [INFO] matplotlib.category: Using categorical units to plot a list of strings that are all parsable as floats or dates. If these strings should be plotted as numbers, cast to the appropriate data type before plotting.
2026-06-09 13:49:22,621 [INFO] src.core.excel_export: FAR workbook saved to C:/Users/shuhb/Downloads/ShUBH_GT_FAR_2025-26.xlsx
2026-06-09 13:52:27,023 [INFO] matplotlib.category: Using categorical units to plot a list of strings that are all parsable as floats or dates. If these strings should be plotted as numbers, cast to the appropriate data type before plotting.
2026-06-09 13:52:27,025 [INFO] matplotlib.category: Using categorical units to plot a list of strings that are all parsable as floats or dates. If these strings should be plotted as numbers, cast to the appropriate data type before plotting.
2026-06-09 13:52:27,026 [INFO] matplotlib.category: Using categorical units to plot a list of strings that are all parsable as floats or dates. If these strings should be plotted as numbers, cast to the appropriate data type before plotting.
2026-06-09 13:52:27,061 [INFO] matplotlib.category: Using categorical units to plot a list of strings that are all parsable as floats or dates. If these strings should be plotted as numbers, cast to the appropriate data type before plotting.
2026-06-09 13:52:27,061 [INFO] matplotlib.category: Using categorical units to plot a list of strings that are all parsable as floats or dates. If these strings should be plotted as numbers, cast to the appropriate data type before plotting.
2026-06-09 13:52:27,062 [INFO] matplotlib.category: Using categorical units to plot a list of strings that are all parsable as floats or dates. If these strings should be plotted as numbers, cast to the appropriate data type before plotting.
2026-06-09 13:52:27,063 [INFO] matplotlib.category: Using categorical units to plot a list of strings that are all parsable as floats or dates. If these strings should be plotted as numbers, cast to the appropriate data type before plotting.
2026-06-09 13:52:27,063 [INFO] matplotlib.category: Using categorical units to plot a list of strings that are all parsable as floats or dates. If these strings should be plotted as numbers, cast to the appropriate data type before plotting.
2026-06-09 13:52:27,064 [INFO] matplotlib.category: Using categorical units to plot a list of strings that are all parsable as floats or dates. If these strings should be plotted as numbers, cast to the appropriate data type before plotting.
2026-06-09 13:52:27,215 [INFO] matplotlib.category: Using categorical units to plot a list of strings that are all parsable as floats or dates. If these strings should be plotted as numbers, cast to the appropriate data type before plotting.
2026-06-09 13:52:27,217 [INFO] matplotlib.category: Using categorical units to plot a list of strings that are all parsable as floats or dates. If these strings should be plotted as numbers, cast to the appropriate data type before plotting.
2026-06-09 13:52:27,219 [INFO] matplotlib.category: Using categorical units to plot a list of strings that are all parsable as floats or dates. If these strings should be plotted as numbers, cast to the appropriate data type before plotting.
2026-06-09 13:52:27,220 [INFO] matplotlib.category: Using categorical units to plot a list of strings that are all parsable as floats or dates. If these strings should be plotted as numbers, cast to the appropriate data type before plotting.
2026-06-09 13:52:27,238 [INFO] matplotlib.category: Using categorical units to plot a list of strings that are all parsable as floats or dates. If these strings should be plotted as numbers, cast to the appropriate data type before plotting.
2026-06-09 13:52:27,238 [INFO] matplotlib.category: Using categorical units to plot a list of strings that are all parsable as floats or dates. If these strings should be plotted as numbers, cast to the appropriate data type before plotting.
2026-06-09 13:52:27,239 [INFO] matplotlib.category: Using categorical units to plot a list of strings that are all parsable as floats or dates. If these strings should be plotted as numbers, cast to the appropriate data type before plotting.
2026-06-09 13:52:27,240 [INFO] matplotlib.category: Using categorical units to plot a list of strings that are all parsable as floats or dates. If these strings should be plotted as numbers, cast to the appropriate data type before plotting.
2026-06-09 13:52:27,241 [INFO] matplotlib.category: Using categorical units to plot a list of strings that are all parsable as floats or dates. If these strings should be plotted as numbers, cast to the appropriate data type before plotting.
2026-06-09 13:52:27,243 [INFO] matplotlib.category: Using categorical units to plot a list of strings that are all parsable as floats or dates. If these strings should be plotted as numbers, cast to the appropriate data type before plotting.
2026-06-09 13:52:27,284 [INFO] matplotlib.category: Using categorical units to plot a list of strings that are all parsable as floats or dates. If these strings should be plotted as numbers, cast to the appropriate data type before plotting.
2026-06-09 13:52:27,285 [INFO] matplotlib.category: Using categorical units to plot a list of strings that are all parsable as floats or dates. If these strings should be plotted as numbers, cast to the appropriate data type before plotting.
2026-06-09 13:52:27,286 [INFO] matplotlib.category: Using categorical units to plot a list of strings that are all parsable as floats or dates. If these strings should be plotted as numbers, cast to the appropriate data type before plotting.
2026-06-09 13:52:27,287 [INFO] matplotlib.category: Using categorical units to plot a list of strings that are all parsable as floats or dates. If these strings should be plotted as numbers, cast to the appropriate data type before plotting.
2026-06-09 13:52:28,924 [INFO] src.core.docx_export: FAR Word document saved to C:/Users/shuhb/Downloads/ShUBH_FAR_2025-26.docx
2026-06-09 14:46:18,091 [INFO] __main__: Application exiting with code 0
2026-06-09 14:46:27,649 [INFO] __main__: ============================================================
2026-06-09 14:46:27,652 [INFO] __main__: FAR Automation Tool started at 2026-06-09T14:46:27.652306
2026-06-09 14:46:27,656 [INFO] __main__: Python 3.10.11 (tags/v3.10.11:7d4cc5a, Apr  5 2023, 00:38:17) [MSC v.1929 64 bit (AMD64)]
2026-06-09 14:46:27,657 [INFO] __main__: Project root: E:\GT WORK @\GT Work\far-automation
2026-06-09 14:46:27,837 [INFO] __main__: Stylesheet loaded
2026-06-09 14:46:30,235 [INFO] __main__: Main window shown
2026-06-09 15:00:47,535 [INFO] __main__: Application exiting with code 0
2026-06-09 15:00:58,235 [INFO] __main__: ============================================================
2026-06-09 15:00:58,237 [INFO] __main__: FAR Automation Tool started at 2026-06-09T15:00:58.237517
2026-06-09 15:00:58,243 [INFO] __main__: Python 3.10.11 (tags/v3.10.11:7d4cc5a, Apr  5 2023, 00:38:17) [MSC v.1929 64 bit (AMD64)]
2026-06-09 15:00:58,243 [INFO] __main__: Project root: E:\GT WORK @\GT Work\far-automation
2026-06-09 15:00:58,420 [INFO] __main__: Stylesheet loaded
2026-06-09 15:01:00,481 [INFO] __main__: Main window shown
2026-06-09 15:01:22,846 [INFO] src.gui.input_form: Auto-filled client name from workbook: TechVenture Solutions Private Limited
2026-06-09 15:01:35,914 [INFO] src.core.excel_parser: Client name extracted from row 1: TechVenture Solutions Private Limited
2026-06-09 15:01:36,056 [INFO] src.core.excel_parser: Date headers found: CY=2025 (col 7, row 7), PY=2024 (col 9, row 7)
2026-06-09 15:01:47,112 [INFO] src.core.cpp_bridge: C++ DLL not found at E:\GT WORK @\GT Work\far-automation\cpp_engine\build\far_engine.dll — using Python fallback
2026-06-09 15:01:47,825 [INFO] src.core.excel_parser: Client name extracted from row 1: TechVenture Solutions Private Limited
2026-06-09 15:01:47,827 [INFO] src.core.excel_parser: Date headers found: CY=2025 (col 7, row 7), PY=2024 (col 9, row 7)
2026-06-09 15:01:47,828 [INFO] src.core.excel_parser: Parsed BS: 54 rows, CY=2025, PY=2024
2026-06-09 15:01:48,622 [INFO] src.core.excel_parser: Client name extracted from row 1: TechVenture Solutions Private Limited
2026-06-09 15:01:48,623 [INFO] src.core.excel_parser: Date headers found: CY=2025 (col 5, row 7), PY=2024 (col 7, row 7)
2026-06-09 15:01:48,624 [INFO] src.core.excel_parser: Parsed PL: 33 rows, CY=2025, PY=2024
2026-06-09 15:01:49,313 [WARNING] src.core.excel_parser: Could not find two date header columns, found: []
2026-06-09 15:01:49,313 [INFO] src.core.excel_parser: Note 3: Could not find date columns — falling back to columns 3 and 4
2026-06-09 15:01:49,317 [WARNING] src.core.excel_parser: Could not find two date header columns, found: [(56, 2, 2024)]
2026-06-09 15:01:49,318 [INFO] src.core.excel_parser: Note 3A: Could not find date columns — falling back to columns 3 and 4
2026-06-09 15:01:49,323 [INFO] src.core.excel_parser: Date headers found: CY=2025 (col 9, row 83), PY=2024 (col 10, row 83)
2026-06-09 15:01:49,326 [INFO] src.core.excel_parser: Date headers found: CY=2025 (col 10, row 8), PY=2024 (col 11, row 8)
2026-06-09 15:01:49,331 [INFO] src.core.excel_parser: Date headers found: CY=2025 (col 10, row 39), PY=2024 (col 11, row 39)
2026-06-09 15:01:49,335 [INFO] src.core.excel_parser: Date headers found: CY=2025 (col 10, row 61), PY=2024 (col 11, row 61)
2026-06-09 15:01:49,339 [INFO] src.core.excel_parser: Date headers found: CY=2025 (col 8, row 72), PY=2024 (col 10, row 72)
2026-06-09 15:01:49,343 [INFO] src.core.excel_parser: Date headers found: CY=2025 (col 10, row 82), PY=2024 (col 11, row 82)
2026-06-09 15:01:49,349 [INFO] src.core.excel_parser: Date headers found: CY=2025 (col 10, row 126), PY=2024 (col 11, row 126)
2026-06-09 15:01:49,353 [INFO] src.core.excel_parser: Date headers found: CY=2025 (col 10, row 139), PY=2024 (col 11, row 139)
2026-06-09 15:01:49,358 [INFO] src.core.excel_parser: Date headers found: CY=2025 (col 10, row 148), PY=2024 (col 11, row 148)
2026-06-09 15:01:49,365 [INFO] src.core.excel_parser: Date headers found: CY=2025 (col 10, row 161), PY=2025 (col 10, row 161)
2026-06-09 15:01:49,371 [INFO] src.core.excel_parser: Date headers found: CY=2025 (col 10, row 195), PY=2024 (col 11, row 195)
2026-06-09 15:01:49,376 [INFO] src.core.excel_parser: Date headers found: CY=2025 (col 10, row 10), PY=2024 (col 11, row 10)
2026-06-09 15:01:49,382 [WARNING] src.core.excel_parser: Could not find two date header columns, found: []
2026-06-09 15:01:49,382 [INFO] src.core.excel_parser: Note 11: Could not find date columns — falling back to columns 3 and 4
2026-06-09 15:01:49,388 [INFO] src.core.excel_parser: Date headers found: CY=2025 (col 10, row 135), PY=2024 (col 11, row 135)
2026-06-09 15:01:49,395 [WARNING] src.core.excel_parser: Could not find two date header columns, found: []
2026-06-09 15:01:49,395 [INFO] src.core.excel_parser: Note 12: Could not find date columns — falling back to columns 3 and 4
2026-06-09 15:01:49,401 [INFO] src.core.excel_parser: Date headers found: CY=2025 (col 10, row 213), PY=2024 (col 11, row 213)
2026-06-09 15:01:49,407 [INFO] src.core.excel_parser: Date headers found: CY=2025 (col 10, row 233), PY=2024 (col 11, row 233)
2026-06-09 15:01:49,413 [INFO] src.core.excel_parser: Date headers found: CY=2025 (col 10, row 263), PY=2024 (col 11, row 263)
2026-06-09 15:01:49,419 [INFO] src.core.excel_parser: Date headers found: CY=2025 (col 10, row 275), PY=2024 (col 11, row 275)
2026-06-09 15:01:49,426 [INFO] src.core.excel_parser: Date headers found: CY=2025 (col 10, row 293), PY=2024 (col 11, row 293)
2026-06-09 15:01:49,433 [INFO] src.core.excel_parser: Date headers found: CY=2025 (col 10, row 338), PY=2024 (col 11, row 338)
2026-06-09 15:01:49,441 [INFO] src.core.excel_parser: Date headers found: CY=2025 (col 10, row 356), PY=2024 (col 11, row 356)
2026-06-09 15:01:49,448 [INFO] src.core.excel_parser: Date headers found: CY=2025 (col 10, row 368), PY=2024 (col 11, row 368)
2026-06-09 15:01:49,461 [INFO] src.core.excel_parser: Date headers found: CY=2025 (col 9, row 9), PY=2024 (col 10, row 9)
2026-06-09 15:01:49,472 [INFO] src.core.excel_parser: Date headers found: CY=2025 (col 9, row 19), PY=2024 (col 10, row 19)
2026-06-09 15:01:49,483 [INFO] src.core.excel_parser: Date headers found: CY=2025 (col 9, row 38), PY=2024 (col 10, row 38)
2026-06-09 15:01:49,492 [WARNING] src.core.excel_parser: Could not find two date header columns, found: [(53, 10, 2025)]
2026-06-09 15:01:49,493 [INFO] src.core.excel_parser: Note 21: Could not find date columns — falling back to columns 3 and 4
2026-06-09 15:01:49,504 [INFO] src.core.excel_parser: Date headers found: CY=2025 (col 9, row 68), PY=2024 (col 10, row 68)
2026-06-09 15:01:49,514 [INFO] src.core.excel_parser: Date headers found: CY=2025 (col 9, row 80), PY=2024 (col 10, row 80)
2026-06-09 15:01:49,526 [INFO] src.core.excel_parser: Date headers found: CY=2025 (col 9, row 122), PY=2024 (col 10, row 122)
2026-06-09 15:01:49,539 [INFO] src.core.excel_parser: Date headers found: CY=2025 (col 9, row 137), PY=2024 (col 10, row 137)
2026-06-09 15:01:49,556 [INFO] src.core.excel_parser: Date headers found: CY=2025 (col 9, row 165), PY=2024 (col 10, row 165)
2026-06-09 15:01:49,568 [INFO] src.core.excel_parser: Date headers found: CY=2025 (col 9, row 195), PY=2024 (col 10, row 195)
2026-06-09 15:01:49,581 [INFO] src.core.excel_parser: Date headers found: CY=2025 (col 9, row 223), PY=2024 (col 10, row 223)
2026-06-09 15:01:49,596 [INFO] src.core.excel_parser: Date headers found: CY=2025 (col 9, row 258), PY=2024 (col 2, row 258)
2026-06-09 15:01:49,607 [INFO] src.core.excel_parser: Date headers found: CY=2025 (col 9, row 277), PY=2024 (col 10, row 277)
2026-06-09 15:01:49,622 [INFO] src.core.excel_parser: Date headers found: CY=2025 (col 9, row 316), PY=2024 (col 2, row 316)
2026-06-09 15:01:49,627 [INFO] src.core.excel_parser: Parsed notes from 4 sheets
2026-06-09 15:01:49,652 [INFO] src.core.excel_parser: Found non-zero value for 'trade receivables' on row 'Trade receivables': CY=177.50, PY=143.00
2026-06-09 15:01:49,652 [INFO] src.core.excel_parser: BS Summary: total_ca=2583, total_cl=2570, debtors=178, equity=171
2026-06-09 15:01:49,652 [WARNING] src.core.excel_parser: Keyword 'revenue from operations' matched row 'Revenue from operations' but value is ZERO — may be a heading row; scanning further
2026-06-09 15:01:49,653 [INFO] src.core.excel_parser: Found non-zero value for 'software services' on row '- Software services': CY=875.40, PY=724.80
2026-06-09 15:01:49,653 [INFO] src.core.excel_parser: Found non-zero value for 'total income' on row 'Total income': CY=268.88, PY=509.46
2026-06-09 15:01:49,653 [INFO] src.core.excel_parser: PBT found: row='Profit / (Loss) before exceptional and extraordinary items and tax', CY=-29.56, PY=194.00
2026-06-09 15:01:49,654 [WARNING] src.core.excel_parser: PAT: Could not find Profit After Tax row — falling back to PBT (-29.56). Net Profit Ratio may be slightly overstated (ignores tax).
2026-06-09 15:01:49,654 [INFO] src.core.excel_parser: Found non-zero value for 'finance charge' on row 'Finance charges': CY=31.20, PY=28.40
2026-06-09 15:01:49,655 [INFO] src.core.excel_parser: PL Summary: revenue_ops=875, pbt=-30, pat=-30, finance_cost=31
2026-06-09 15:01:49,655 [INFO] src.core.cpp_bridge: Ratio inputs — revenue_ops: CY=875 PY=725 | pat: CY=-30 PY=194 | debtors: CY=178 PY=143 (avg_cy=160) | total_ca: CY=2583 PY=2488 | total_cl: CY=2570 PY=96
2026-06-09 15:01:49,655 [INFO] src.core.cpp_bridge: RATIO 'Debt Equity Ratio': CY=14.6327, PY=3.6661, Change=299.14%
2026-06-09 15:01:49,655 [INFO] src.core.cpp_bridge: RATIO 'Current Ratio': CY=1.0052, PY=25.9779, Change=-96.13%
2026-06-09 15:01:49,656 [INFO] src.core.cpp_bridge: RATIO 'GCA Days': CY=3506.3783, PY=1782.8157, Change=96.68%
2026-06-09 15:01:49,656 [INFO] src.core.cpp_bridge: RATIO 'Total Outside Liab. vs Total Equity': CY=15.0784, PY=3.7817, Change=298.72%
2026-06-09 15:01:49,656 [INFO] src.core.cpp_bridge: RATIO 'Net Profit Ratio': CY=-3.3767, PY=26.7660, Change=-112.62%
2026-06-09 15:01:49,657 [INFO] src.core.cpp_bridge: RATIO 'Return on Equity (ROE)': CY=-7.0972, PY=29.3149, Change=-124.21%
2026-06-09 15:01:49,657 [INFO] src.core.cpp_bridge: RATIO 'Return on Capital Employed (ROCE)': CY=0.0613, PY=7.2022, Change=-99.15%
2026-06-09 15:01:49,657 [INFO] src.core.cpp_bridge: RATIO 'Debtor Turnover Ratio': CY=5.4627, PY=5.0685, Change=7.78%
2026-06-09 15:01:49,659 [INFO] src.core.validation: VALIDATION PASS — ✓ Balance Sheet identity: Assets=2,753 ≈ Equity+Liabilities=2,753 (diff=0, within tolerance 3)
2026-06-09 15:01:49,659 [INFO] src.core.validation: VALIDATION PASS — ✓ Revenue from Operations > 0: Revenue = 875
2026-06-09 15:01:49,660 [INFO] src.core.validation: VALIDATION PASS — ✓ Average Trade Receivables > 0: CY=178, PY=143, Avg=160
2026-06-09 15:01:49,660 [INFO] src.core.validation: VALIDATION PASS — ✓ Ratio 'Current Ratio': CY=1.0052 (non-zero)
2026-06-09 15:01:49,661 [INFO] src.core.validation: VALIDATION PASS — ✓ Ratio 'Net Profit Ratio': CY=-3.3767 (non-zero)
2026-06-09 15:01:49,661 [INFO] src.core.validation: VALIDATION PASS — ✓ Ratio 'Return on Equity (ROE)': CY=-7.0972 (non-zero)
2026-06-09 15:01:49,661 [INFO] src.core.validation: VALIDATION PASS — ✓ Ratio 'Return on Capital Employed (ROCE)': CY=0.0613 (non-zero)
2026-06-09 15:01:49,661 [INFO] src.core.validation: VALIDATION PASS — ✓ Ratio 'Debtor Turnover Ratio': CY=5.4627 (non-zero)
2026-06-09 15:01:49,662 [INFO] src.core.validation: VALIDATION PASS — ✓ P&L mapping: Revenue from Operations: = 875
2026-06-09 15:01:49,662 [INFO] src.core.validation: VALIDATION PASS — ✓ P&L mapping: Profit Before Tax: = -30
2026-06-09 15:01:49,662 [INFO] src.core.validation: VALIDATION PASS — ✓ P&L mapping: Profit After Tax: = -30
2026-06-09 15:01:49,663 [INFO] src.core.validation: VALIDATION PASS — ✓ BS mapping: Total Current Assets: = 2,583
2026-06-09 15:01:49,663 [INFO] src.core.validation: VALIDATION PASS — ✓ BS mapping: Total Current Liabilities: = 2,570
2026-06-09 15:01:49,663 [INFO] src.core.validation: VALIDATION PASS — ✓ BS mapping: Total Equity: = 171
2026-06-09 15:01:49,663 [INFO] src.core.validation: VALIDATION PASS — ✓ BS mapping: Trade Receivables: = 178
2026-06-09 15:01:49,664 [INFO] src.core.validation: VALIDATION PASS — ✓ BS row count: 54 rows parsed
2026-06-09 15:01:49,664 [INFO] src.core.validation: VALIDATION PASS — ✓ P&L row count: 33 rows parsed
2026-06-09 15:01:49,664 [INFO] src.core.validation: Validation complete: 17 passed, 0 warnings, 0 failed, 0 auto-corrected
2026-06-09 15:01:49,664 [INFO] src.core.validation: ============================================================
FAR VALIDATION REPORT
============================================================

PASSED CHECKS:
  ✓ Balance Sheet identity: Assets=2,753 ≈ Equity+Liabilities=2,753 (diff=0, within tolerance 3)
  ✓ Revenue from Operations > 0: Revenue = 875
  ✓ Average Trade Receivables > 0: CY=178, PY=143, Avg=160
  ✓ Ratio 'Current Ratio': CY=1.0052 (non-zero)
  ✓ Ratio 'Net Profit Ratio': CY=-3.3767 (non-zero)
  ✓ Ratio 'Return on Equity (ROE)': CY=-7.0972 (non-zero)
  ✓ Ratio 'Return on Capital Employed (ROCE)': CY=0.0613 (non-zero)
  ✓ Ratio 'Debtor Turnover Ratio': CY=5.4627 (non-zero)
  ✓ P&L mapping: Revenue from Operations: = 875
  ✓ P&L mapping: Profit Before Tax: = -30
  ✓ P&L mapping: Profit After Tax: = -30
  ✓ BS mapping: Total Current Assets: = 2,583
  ✓ BS mapping: Total Current Liabilities: = 2,570
  ✓ BS mapping: Total Equity: = 171
  ✓ BS mapping: Trade Receivables: = 178
  ✓ BS row count: 54 rows parsed
  ✓ P&L row count: 33 rows parsed
============================================================
2026-06-09 15:01:50,439 [INFO] matplotlib.category: Using categorical units to plot a list of strings that are all parsable as floats or dates. If these strings should be plotted as numbers, cast to the appropriate data type before plotting.
2026-06-09 15:01:50,441 [INFO] matplotlib.category: Using categorical units to plot a list of strings that are all parsable as floats or dates. If these strings should be plotted as numbers, cast to the appropriate data type before plotting.
2026-06-09 15:01:50,441 [INFO] matplotlib.category: Using categorical units to plot a list of strings that are all parsable as floats or dates. If these strings should be plotted as numbers, cast to the appropriate data type before plotting.
2026-06-09 15:01:50,470 [INFO] matplotlib.category: Using categorical units to plot a list of strings that are all parsable as floats or dates. If these strings should be plotted as numbers, cast to the appropriate data type before plotting.
2026-06-09 15:01:50,471 [INFO] matplotlib.category: Using categorical units to plot a list of strings that are all parsable as floats or dates. If these strings should be plotted as numbers, cast to the appropriate data type before plotting.
2026-06-09 15:01:50,472 [INFO] matplotlib.category: Using categorical units to plot a list of strings that are all parsable as floats or dates. If these strings should be plotted as numbers, cast to the appropriate data type before plotting.
2026-06-09 15:01:50,474 [INFO] matplotlib.category: Using categorical units to plot a list of strings that are all parsable as floats or dates. If these strings should be plotted as numbers, cast to the appropriate data type before plotting.
2026-06-09 15:01:50,475 [INFO] matplotlib.category: Using categorical units to plot a list of strings that are all parsable as floats or dates. If these strings should be plotted as numbers, cast to the appropriate data type before plotting.
2026-06-09 15:01:50,476 [INFO] matplotlib.category: Using categorical units to plot a list of strings that are all parsable as floats or dates. If these strings should be plotted as numbers, cast to the appropriate data type before plotting.
2026-06-09 15:01:50,503 [INFO] matplotlib.category: Using categorical units to plot a list of strings that are all parsable as floats or dates. If these strings should be plotted as numbers, cast to the appropriate data type before plotting.
2026-06-09 15:01:50,505 [INFO] matplotlib.category: Using categorical units to plot a list of strings that are all parsable as floats or dates. If these strings should be plotted as numbers, cast to the appropriate data type before plotting.
2026-06-09 15:01:50,506 [INFO] matplotlib.category: Using categorical units to plot a list of strings that are all parsable as floats or dates. If these strings should be plotted as numbers, cast to the appropriate data type before plotting.
2026-06-09 15:01:50,506 [INFO] matplotlib.category: Using categorical units to plot a list of strings that are all parsable as floats or dates. If these strings should be plotted as numbers, cast to the appropriate data type before plotting.
2026-06-09 15:01:50,801 [INFO] src.gui.main_window: FAR generated: BS=54 rows, PL=33 rows, Ratios=8
2026-06-09 15:02:06,024 [INFO] src.core.excel_parser: Client name extracted from row 1: TechVenture Solutions Private Limited
2026-06-09 15:02:06,025 [INFO] src.core.excel_parser: Date headers found: CY=2025 (col 7, row 7), PY=2024 (col 9, row 7)
2026-06-09 15:02:06,026 [INFO] src.core.excel_parser: Parsed BS: 54 rows, CY=2025, PY=2024
2026-06-09 15:02:06,746 [INFO] src.core.excel_parser: Client name extracted from row 1: TechVenture Solutions Private Limited
2026-06-09 15:02:06,748 [INFO] src.core.excel_parser: Date headers found: CY=2025 (col 5, row 7), PY=2024 (col 7, row 7)
2026-06-09 15:02:06,749 [INFO] src.core.excel_parser: Parsed PL: 33 rows, CY=2025, PY=2024
2026-06-09 15:02:07,489 [WARNING] src.core.excel_parser: Could not find two date header columns, found: []
2026-06-09 15:02:07,490 [INFO] src.core.excel_parser: Note 3: Could not find date columns — falling back to columns 3 and 4
2026-06-09 15:02:07,492 [WARNING] src.core.excel_parser: Could not find two date header columns, found: [(56, 2, 2024)]
2026-06-09 15:02:07,492 [INFO] src.core.excel_parser: Note 3A: Could not find date columns — falling back to columns 3 and 4
2026-06-09 15:02:07,494 [INFO] src.core.excel_parser: Date headers found: CY=2025 (col 9, row 83), PY=2024 (col 10, row 83)
2026-06-09 15:02:07,497 [INFO] src.core.excel_parser: Date headers found: CY=2025 (col 10, row 8), PY=2024 (col 11, row 8)
2026-06-09 15:02:07,500 [INFO] src.core.excel_parser: Date headers found: CY=2025 (col 10, row 39), PY=2024 (col 11, row 39)
2026-06-09 15:02:07,504 [INFO] src.core.excel_parser: Date headers found: CY=2025 (col 10, row 61), PY=2024 (col 11, row 61)
2026-06-09 15:02:07,507 [INFO] src.core.excel_parser: Date headers found: CY=2025 (col 8, row 72), PY=2024 (col 10, row 72)
2026-06-09 15:02:07,511 [INFO] src.core.excel_parser: Date headers found: CY=2025 (col 10, row 82), PY=2024 (col 11, row 82)
2026-06-09 15:02:07,518 [INFO] src.core.excel_parser: Date headers found: CY=2025 (col 10, row 126), PY=2024 (col 11, row 126)
2026-06-09 15:02:07,526 [INFO] src.core.excel_parser: Date headers found: CY=2025 (col 10, row 139), PY=2024 (col 11, row 139)
2026-06-09 15:02:07,534 [INFO] src.core.excel_parser: Date headers found: CY=2025 (col 10, row 148), PY=2024 (col 11, row 148)
2026-06-09 15:02:07,545 [INFO] src.core.excel_parser: Date headers found: CY=2025 (col 10, row 161), PY=2025 (col 10, row 161)
2026-06-09 15:02:07,554 [INFO] src.core.excel_parser: Date headers found: CY=2025 (col 10, row 195), PY=2024 (col 11, row 195)
2026-06-09 15:02:07,563 [INFO] src.core.excel_parser: Date headers found: CY=2025 (col 10, row 10), PY=2024 (col 11, row 10)
2026-06-09 15:02:07,572 [WARNING] src.core.excel_parser: Could not find two date header columns, found: []
2026-06-09 15:02:07,573 [INFO] src.core.excel_parser: Note 11: Could not find date columns — falling back to columns 3 and 4
2026-06-09 15:02:07,580 [INFO] src.core.excel_parser: Date headers found: CY=2025 (col 10, row 135), PY=2024 (col 11, row 135)
2026-06-09 15:02:07,586 [WARNING] src.core.excel_parser: Could not find two date header columns, found: []
2026-06-09 15:02:07,586 [INFO] src.core.excel_parser: Note 12: Could not find date columns — falling back to columns 3 and 4
2026-06-09 15:02:07,594 [INFO] src.core.excel_parser: Date headers found: CY=2025 (col 10, row 213), PY=2024 (col 11, row 213)
2026-06-09 15:02:07,604 [INFO] src.core.excel_parser: Date headers found: CY=2025 (col 10, row 233), PY=2024 (col 11, row 233)
2026-06-09 15:02:07,609 [INFO] src.core.excel_parser: Date headers found: CY=2025 (col 10, row 263), PY=2024 (col 11, row 263)
2026-06-09 15:02:07,614 [INFO] src.core.excel_parser: Date headers found: CY=2025 (col 10, row 275), PY=2024 (col 11, row 275)
2026-06-09 15:02:07,619 [INFO] src.core.excel_parser: Date headers found: CY=2025 (col 10, row 293), PY=2024 (col 11, row 293)
2026-06-09 15:02:07,624 [INFO] src.core.excel_parser: Date headers found: CY=2025 (col 10, row 338), PY=2024 (col 11, row 338)
2026-06-09 15:02:07,630 [INFO] src.core.excel_parser: Date headers found: CY=2025 (col 10, row 356), PY=2024 (col 11, row 356)
2026-06-09 15:02:07,636 [INFO] src.core.excel_parser: Date headers found: CY=2025 (col 10, row 368), PY=2024 (col 11, row 368)
2026-06-09 15:02:07,645 [INFO] src.core.excel_parser: Date headers found: CY=2025 (col 9, row 9), PY=2024 (col 10, row 9)
2026-06-09 15:02:07,652 [INFO] src.core.excel_parser: Date headers found: CY=2025 (col 9, row 19), PY=2024 (col 10, row 19)
2026-06-09 15:02:07,662 [INFO] src.core.excel_parser: Date headers found: CY=2025 (col 9, row 38), PY=2024 (col 10, row 38)
2026-06-09 15:02:07,670 [WARNING] src.core.excel_parser: Could not find two date header columns, found: [(53, 10, 2025)]
2026-06-09 15:02:07,670 [INFO] src.core.excel_parser: Note 21: Could not find date columns — falling back to columns 3 and 4
2026-06-09 15:02:07,679 [INFO] src.core.excel_parser: Date headers found: CY=2025 (col 9, row 68), PY=2024 (col 10, row 68)
2026-06-09 15:02:07,688 [INFO] src.core.excel_parser: Date headers found: CY=2025 (col 9, row 80), PY=2024 (col 10, row 80)
2026-06-09 15:02:07,699 [INFO] src.core.excel_parser: Date headers found: CY=2025 (col 9, row 122), PY=2024 (col 10, row 122)
2026-06-09 15:02:07,710 [INFO] src.core.excel_parser: Date headers found: CY=2025 (col 9, row 137), PY=2024 (col 10, row 137)
2026-06-09 15:02:07,721 [INFO] src.core.excel_parser: Date headers found: CY=2025 (col 9, row 165), PY=2024 (col 10, row 165)
2026-06-09 15:02:07,734 [INFO] src.core.excel_parser: Date headers found: CY=2025 (col 9, row 195), PY=2024 (col 10, row 195)
2026-06-09 15:02:07,746 [INFO] src.core.excel_parser: Date headers found: CY=2025 (col 9, row 223), PY=2024 (col 10, row 223)
2026-06-09 15:02:07,760 [INFO] src.core.excel_parser: Date headers found: CY=2025 (col 9, row 258), PY=2024 (col 2, row 258)
2026-06-09 15:02:07,772 [INFO] src.core.excel_parser: Date headers found: CY=2025 (col 9, row 277), PY=2024 (col 10, row 277)
2026-06-09 15:02:07,786 [INFO] src.core.excel_parser: Date headers found: CY=2025 (col 9, row 316), PY=2024 (col 2, row 316)
2026-06-09 15:02:07,790 [INFO] src.core.excel_parser: Parsed notes from 4 sheets
2026-06-09 15:02:07,794 [INFO] src.core.excel_parser: Found non-zero value for 'trade receivables' on row 'Trade receivables': CY=17750000.00, PY=14300000.00
2026-06-09 15:02:07,794 [INFO] src.core.excel_parser: BS Summary: total_ca=258300405, total_cl=256966044, debtors=17750000, equity=17122765
2026-06-09 15:02:07,796 [WARNING] src.core.excel_parser: Keyword 'revenue from operations' matched row 'Revenue from operations' but value is ZERO — may be a heading row; scanning further
2026-06-09 15:02:07,796 [INFO] src.core.excel_parser: Found non-zero value for 'software services' on row '- Software services': CY=87540000.00, PY=72480000.00
2026-06-09 15:02:07,796 [INFO] src.core.excel_parser: Found non-zero value for 'total income' on row 'Total income': CY=26887946.00, PY=50946209.00
2026-06-09 15:02:07,797 [INFO] src.core.excel_parser: PBT found: row='Profit / (Loss) before exceptional and extraordinary items and tax', CY=-2956284.00, PY=19400000.00
2026-06-09 15:02:07,797 [WARNING] src.core.excel_parser: PAT: Could not find Profit After Tax row — falling back to PBT (-2956284.00). Net Profit Ratio may be slightly overstated (ignores tax).
2026-06-09 15:02:07,797 [INFO] src.core.excel_parser: Found non-zero value for 'finance charge' on row 'Finance charges': CY=3120000.00, PY=2840000.00
2026-06-09 15:02:07,797 [INFO] src.core.excel_parser: PL Summary: revenue_ops=87540000, pbt=-2956284, pat=-2956284, finance_cost=3120000
2026-06-09 15:02:07,797 [INFO] src.core.cpp_bridge: Ratio inputs — revenue_ops: CY=87540000 PY=72480000 | pat: CY=-2956284 PY=19400000 | debtors: CY=17750000 PY=14300000 (avg_cy=16025000) | total_ca: CY=258300405 PY=248841999 | total_cl: CY=256966044 PY=9579438
2026-06-09 15:02:07,798 [INFO] src.core.cpp_bridge: RATIO 'Debt Equity Ratio': CY=14.6329, PY=3.6661, Change=299.14%
2026-06-09 15:02:07,798 [INFO] src.core.cpp_bridge: RATIO 'Current Ratio': CY=1.0052, PY=25.9767, Change=-96.13%
2026-06-09 15:02:07,798 [INFO] src.core.cpp_bridge: RATIO 'GCA Days': CY=3506.3909, PY=1782.8084, Change=96.68%
2026-06-09 15:02:07,798 [INFO] src.core.cpp_bridge: RATIO 'Total Outside Liab. vs Total Equity': CY=15.0787, PY=3.7817, Change=298.73%
2026-06-09 15:02:07,798 [INFO] src.core.cpp_bridge: RATIO 'Net Profit Ratio': CY=-3.3771, PY=26.7660, Change=-112.62%
2026-06-09 15:02:07,798 [INFO] src.core.cpp_bridge: RATIO 'Return on Equity (ROE)': CY=-7.0978, PY=29.3147, Change=-124.21%
2026-06-09 15:02:07,799 [INFO] src.core.cpp_bridge: RATIO 'Return on Capital Employed (ROCE)': CY=0.0612, PY=7.2022, Change=-99.15%
2026-06-09 15:02:07,799 [INFO] src.core.cpp_bridge: RATIO 'Debtor Turnover Ratio': CY=5.4627, PY=5.0685, Change=7.78%
2026-06-09 15:02:07,804 [INFO] src.core.validation: VALIDATION PASS — ✓ Balance Sheet identity: Assets=275,311,308 ≈ Equity+Liabilities=275,311,308 (diff=0, within tolerance 275,311)
2026-06-09 15:02:07,804 [INFO] src.core.validation: VALIDATION PASS — ✓ Revenue from Operations > 0: Revenue = 87,540,000
2026-06-09 15:02:07,804 [INFO] src.core.validation: VALIDATION PASS — ✓ Average Trade Receivables > 0: CY=17,750,000, PY=14,300,000, Avg=16,025,000
2026-06-09 15:02:07,804 [INFO] src.core.validation: VALIDATION PASS — ✓ Ratio 'Current Ratio': CY=1.0052 (non-zero)
2026-06-09 15:02:07,804 [INFO] src.core.validation: VALIDATION PASS — ✓ Ratio 'Net Profit Ratio': CY=-3.3771 (non-zero)
2026-06-09 15:02:07,805 [INFO] src.core.validation: VALIDATION PASS — ✓ Ratio 'Return on Equity (ROE)': CY=-7.0978 (non-zero)
2026-06-09 15:02:07,805 [INFO] src.core.validation: VALIDATION PASS — ✓ Ratio 'Return on Capital Employed (ROCE)': CY=0.0612 (non-zero)
2026-06-09 15:02:07,805 [INFO] src.core.validation: VALIDATION PASS — ✓ Ratio 'Debtor Turnover Ratio': CY=5.4627 (non-zero)
2026-06-09 15:02:07,805 [INFO] src.core.validation: VALIDATION PASS — ✓ P&L mapping: Revenue from Operations: = 87,540,000
2026-06-09 15:02:07,805 [INFO] src.core.validation: VALIDATION PASS — ✓ P&L mapping: Profit Before Tax: = -2,956,284
2026-06-09 15:02:07,805 [INFO] src.core.validation: VALIDATION PASS — ✓ P&L mapping: Profit After Tax: = -2,956,284
2026-06-09 15:02:07,806 [INFO] src.core.validation: VALIDATION PASS — ✓ BS mapping: Total Current Assets: = 258,300,405
2026-06-09 15:02:07,806 [INFO] src.core.validation: VALIDATION PASS — ✓ BS mapping: Total Current Liabilities: = 256,966,044
2026-06-09 15:02:07,806 [INFO] src.core.validation: VALIDATION PASS — ✓ BS mapping: Total Equity: = 17,122,765
2026-06-09 15:02:07,807 [INFO] src.core.validation: VALIDATION PASS — ✓ BS mapping: Trade Receivables: = 17,750,000
2026-06-09 15:02:07,807 [INFO] src.core.validation: VALIDATION PASS — ✓ BS row count: 54 rows parsed
2026-06-09 15:02:07,807 [INFO] src.core.validation: VALIDATION PASS — ✓ P&L row count: 33 rows parsed
2026-06-09 15:02:07,807 [INFO] src.core.validation: Validation complete: 17 passed, 0 warnings, 0 failed, 0 auto-corrected
2026-06-09 15:02:07,808 [INFO] src.core.validation: ============================================================
FAR VALIDATION REPORT
============================================================

PASSED CHECKS:
  ✓ Balance Sheet identity: Assets=275,311,308 ≈ Equity+Liabilities=275,311,308 (diff=0, within tolerance 275,311)
  ✓ Revenue from Operations > 0: Revenue = 87,540,000
  ✓ Average Trade Receivables > 0: CY=17,750,000, PY=14,300,000, Avg=16,025,000
  ✓ Ratio 'Current Ratio': CY=1.0052 (non-zero)
  ✓ Ratio 'Net Profit Ratio': CY=-3.3771 (non-zero)
  ✓ Ratio 'Return on Equity (ROE)': CY=-7.0978 (non-zero)
  ✓ Ratio 'Return on Capital Employed (ROCE)': CY=0.0612 (non-zero)
  ✓ Ratio 'Debtor Turnover Ratio': CY=5.4627 (non-zero)
  ✓ P&L mapping: Revenue from Operations: = 87,540,000
  ✓ P&L mapping: Profit Before Tax: = -2,956,284
  ✓ P&L mapping: Profit After Tax: = -2,956,284
  ✓ BS mapping: Total Current Assets: = 258,300,405
  ✓ BS mapping: Total Current Liabilities: = 256,966,044
  ✓ BS mapping: Total Equity: = 17,122,765
  ✓ BS mapping: Trade Receivables: = 17,750,000
  ✓ BS row count: 54 rows parsed
  ✓ P&L row count: 33 rows parsed
============================================================
2026-06-09 15:02:08,500 [INFO] matplotlib.category: Using categorical units to plot a list of strings that are all parsable as floats or dates. If these strings should be plotted as numbers, cast to the appropriate data type before plotting.
2026-06-09 15:02:08,502 [INFO] matplotlib.category: Using categorical units to plot a list of strings that are all parsable as floats or dates. If these strings should be plotted as numbers, cast to the appropriate data type before plotting.
2026-06-09 15:02:08,502 [INFO] matplotlib.category: Using categorical units to plot a list of strings that are all parsable as floats or dates. If these strings should be plotted as numbers, cast to the appropriate data type before plotting.
2026-06-09 15:02:08,520 [INFO] matplotlib.category: Using categorical units to plot a list of strings that are all parsable as floats or dates. If these strings should be plotted as numbers, cast to the appropriate data type before plotting.
2026-06-09 15:02:08,521 [INFO] matplotlib.category: Using categorical units to plot a list of strings that are all parsable as floats or dates. If these strings should be plotted as numbers, cast to the appropriate data type before plotting.
2026-06-09 15:02:08,523 [INFO] matplotlib.category: Using categorical units to plot a list of strings that are all parsable as floats or dates. If these strings should be plotted as numbers, cast to the appropriate data type before plotting.
2026-06-09 15:02:08,524 [INFO] matplotlib.category: Using categorical units to plot a list of strings that are all parsable as floats or dates. If these strings should be plotted as numbers, cast to the appropriate data type before plotting.
2026-06-09 15:02:08,525 [INFO] matplotlib.category: Using categorical units to plot a list of strings that are all parsable as floats or dates. If these strings should be plotted as numbers, cast to the appropriate data type before plotting.
2026-06-09 15:02:08,525 [INFO] matplotlib.category: Using categorical units to plot a list of strings that are all parsable as floats or dates. If these strings should be plotted as numbers, cast to the appropriate data type before plotting.
2026-06-09 15:02:08,556 [INFO] matplotlib.category: Using categorical units to plot a list of strings that are all parsable as floats or dates. If these strings should be plotted as numbers, cast to the appropriate data type before plotting.
2026-06-09 15:02:08,557 [INFO] matplotlib.category: Using categorical units to plot a list of strings that are all parsable as floats or dates. If these strings should be plotted as numbers, cast to the appropriate data type before plotting.
2026-06-09 15:02:08,559 [INFO] matplotlib.category: Using categorical units to plot a list of strings that are all parsable as floats or dates. If these strings should be plotted as numbers, cast to the appropriate data type before plotting.
2026-06-09 15:02:08,560 [INFO] matplotlib.category: Using categorical units to plot a list of strings that are all parsable as floats or dates. If these strings should be plotted as numbers, cast to the appropriate data type before plotting.
2026-06-09 15:02:08,947 [INFO] src.gui.main_window: FAR generated: BS=54 rows, PL=33 rows, Ratios=8
2026-06-09 15:02:33,758 [INFO] matplotlib.category: Using categorical units to plot a list of strings that are all parsable as floats or dates. If these strings should be plotted as numbers, cast to the appropriate data type before plotting.
2026-06-09 15:02:33,759 [INFO] matplotlib.category: Using categorical units to plot a list of strings that are all parsable as floats or dates. If these strings should be plotted as numbers, cast to the appropriate data type before plotting.
2026-06-09 15:02:33,760 [INFO] matplotlib.category: Using categorical units to plot a list of strings that are all parsable as floats or dates. If these strings should be plotted as numbers, cast to the appropriate data type before plotting.
2026-06-09 15:02:33,790 [INFO] matplotlib.category: Using categorical units to plot a list of strings that are all parsable as floats or dates. If these strings should be plotted as numbers, cast to the appropriate data type before plotting.
2026-06-09 15:02:33,792 [INFO] matplotlib.category: Using categorical units to plot a list of strings that are all parsable as floats or dates. If these strings should be plotted as numbers, cast to the appropriate data type before plotting.
2026-06-09 15:02:33,793 [INFO] matplotlib.category: Using categorical units to plot a list of strings that are all parsable as floats or dates. If these strings should be plotted as numbers, cast to the appropriate data type before plotting.
2026-06-09 15:02:33,795 [INFO] matplotlib.category: Using categorical units to plot a list of strings that are all parsable as floats or dates. If these strings should be plotted as numbers, cast to the appropriate data type before plotting.
2026-06-09 15:02:33,795 [INFO] matplotlib.category: Using categorical units to plot a list of strings that are all parsable as floats or dates. If these strings should be plotted as numbers, cast to the appropriate data type before plotting.
2026-06-09 15:02:33,795 [INFO] matplotlib.category: Using categorical units to plot a list of strings that are all parsable as floats or dates. If these strings should be plotted as numbers, cast to the appropriate data type before plotting.
2026-06-09 15:02:33,825 [INFO] matplotlib.category: Using categorical units to plot a list of strings that are all parsable as floats or dates. If these strings should be plotted as numbers, cast to the appropriate data type before plotting.
2026-06-09 15:02:33,826 [INFO] matplotlib.category: Using categorical units to plot a list of strings that are all parsable as floats or dates. If these strings should be plotted as numbers, cast to the appropriate data type before plotting.
2026-06-09 15:02:33,827 [INFO] matplotlib.category: Using categorical units to plot a list of strings that are all parsable as floats or dates. If these strings should be plotted as numbers, cast to the appropriate data type before plotting.
2026-06-09 15:02:33,827 [INFO] matplotlib.category: Using categorical units to plot a list of strings that are all parsable as floats or dates. If these strings should be plotted as numbers, cast to the appropriate data type before plotting.
2026-06-09 15:02:33,844 [INFO] matplotlib.category: Using categorical units to plot a list of strings that are all parsable as floats or dates. If these strings should be plotted as numbers, cast to the appropriate data type before plotting.
2026-06-09 15:02:33,844 [INFO] matplotlib.category: Using categorical units to plot a list of strings that are all parsable as floats or dates. If these strings should be plotted as numbers, cast to the appropriate data type before plotting.
2026-06-09 15:02:33,845 [INFO] matplotlib.category: Using categorical units to plot a list of strings that are all parsable as floats or dates. If these strings should be plotted as numbers, cast to the appropriate data type before plotting.
2026-06-09 15:02:33,847 [INFO] matplotlib.category: Using categorical units to plot a list of strings that are all parsable as floats or dates. If these strings should be plotted as numbers, cast to the appropriate data type before plotting.
2026-06-09 15:02:33,847 [INFO] matplotlib.category: Using categorical units to plot a list of strings that are all parsable as floats or dates. If these strings should be plotted as numbers, cast to the appropriate data type before plotting.
2026-06-09 15:02:33,848 [INFO] matplotlib.category: Using categorical units to plot a list of strings that are all parsable as floats or dates. If these strings should be plotted as numbers, cast to the appropriate data type before plotting.
2026-06-09 15:02:33,887 [INFO] matplotlib.category: Using categorical units to plot a list of strings that are all parsable as floats or dates. If these strings should be plotted as numbers, cast to the appropriate data type before plotting.
2026-06-09 15:02:33,888 [INFO] matplotlib.category: Using categorical units to plot a list of strings that are all parsable as floats or dates. If these strings should be plotted as numbers, cast to the appropriate data type before plotting.
2026-06-09 15:02:33,891 [INFO] matplotlib.category: Using categorical units to plot a list of strings that are all parsable as floats or dates. If these strings should be plotted as numbers, cast to the appropriate data type before plotting.
2026-06-09 15:02:33,892 [INFO] matplotlib.category: Using categorical units to plot a list of strings that are all parsable as floats or dates. If these strings should be plotted as numbers, cast to the appropriate data type before plotting.
2026-06-09 15:02:35,055 [INFO] src.core.excel_export: FAR workbook saved to C:/Users/shuhb/Downloads/TechVenture_Solutions_Private_Limited_FAR_2024-25.xlsx
2026-06-09 15:07:36,915 [INFO] __main__: Application exiting with code 0
2026-06-09 15:12:02,774 [INFO] __main__: ============================================================
2026-06-09 15:12:02,777 [INFO] __main__: FAR Automation Tool started at 2026-06-09T15:12:02.777450
2026-06-09 15:12:02,781 [INFO] __main__: Python 3.10.11 (tags/v3.10.11:7d4cc5a, Apr  5 2023, 00:38:17) [MSC v.1929 64 bit (AMD64)]
2026-06-09 15:12:02,782 [INFO] __main__: Project root: E:\GT WORK @\GT Work\far-automation
2026-06-09 15:12:02,947 [INFO] __main__: Stylesheet loaded
2026-06-09 15:12:04,640 [INFO] __main__: Main window shown
2026-06-09 15:12:21,320 [INFO] src.gui.input_form: Auto-filled client name from workbook: TechVenture Solutions Private Limited
2026-06-09 15:12:33,240 [INFO] src.core.excel_parser: Client name extracted from row 1: TechVenture Solutions Private Limited
2026-06-09 15:12:33,362 [INFO] src.core.excel_parser: Date headers found: CY=2025 (col 7, row 7), PY=2024 (col 9, row 7)
2026-06-09 15:12:59,990 [INFO] src.core.cpp_bridge: C++ DLL not found at E:\GT WORK @\GT Work\far-automation\cpp_engine\build\far_engine.dll — using Python fallback
2026-06-09 15:13:00,626 [INFO] src.core.excel_parser: Client name extracted from row 1: TechVenture Solutions Private Limited
2026-06-09 15:13:00,627 [INFO] src.core.excel_parser: Date headers found: CY=2025 (col 7, row 7), PY=2024 (col 9, row 7)
2026-06-09 15:13:00,628 [INFO] src.core.excel_parser: Parsed BS: 54 rows, CY=2025, PY=2024
2026-06-09 15:13:01,270 [INFO] src.core.excel_parser: Client name extracted from row 1: TechVenture Solutions Private Limited
2026-06-09 15:13:01,272 [INFO] src.core.excel_parser: Date headers found: CY=2025 (col 5, row 7), PY=2024 (col 7, row 7)
2026-06-09 15:13:01,273 [INFO] src.core.excel_parser: Parsed PL: 33 rows, CY=2025, PY=2024
2026-06-09 15:13:01,865 [WARNING] src.core.excel_parser: Could not find two date header columns, found: []
2026-06-09 15:13:01,866 [INFO] src.core.excel_parser: Note 3: Could not find date columns — falling back to columns 3 and 4
2026-06-09 15:13:01,868 [WARNING] src.core.excel_parser: Could not find two date header columns, found: [(56, 2, 2024)]
2026-06-09 15:13:01,868 [INFO] src.core.excel_parser: Note 3A: Could not find date columns — falling back to columns 3 and 4
2026-06-09 15:13:01,871 [INFO] src.core.excel_parser: Date headers found: CY=2025 (col 9, row 83), PY=2024 (col 10, row 83)
2026-06-09 15:13:01,874 [INFO] src.core.excel_parser: Date headers found: CY=2025 (col 10, row 8), PY=2024 (col 11, row 8)
2026-06-09 15:13:01,877 [INFO] src.core.excel_parser: Date headers found: CY=2025 (col 10, row 39), PY=2024 (col 11, row 39)
2026-06-09 15:13:01,881 [INFO] src.core.excel_parser: Date headers found: CY=2025 (col 10, row 61), PY=2024 (col 11, row 61)
2026-06-09 15:13:01,883 [INFO] src.core.excel_parser: Date headers found: CY=2025 (col 8, row 72), PY=2024 (col 10, row 72)
2026-06-09 15:13:01,889 [INFO] src.core.excel_parser: Date headers found: CY=2025 (col 10, row 82), PY=2024 (col 11, row 82)
2026-06-09 15:13:01,896 [INFO] src.core.excel_parser: Date headers found: CY=2025 (col 10, row 126), PY=2024 (col 11, row 126)
2026-06-09 15:13:01,901 [INFO] src.core.excel_parser: Date headers found: CY=2025 (col 10, row 139), PY=2024 (col 11, row 139)
2026-06-09 15:13:01,907 [INFO] src.core.excel_parser: Date headers found: CY=2025 (col 10, row 148), PY=2024 (col 11, row 148)
2026-06-09 15:13:01,916 [INFO] src.core.excel_parser: Date headers found: CY=2025 (col 10, row 161), PY=2025 (col 10, row 161)
2026-06-09 15:13:01,923 [INFO] src.core.excel_parser: Date headers found: CY=2025 (col 10, row 195), PY=2024 (col 11, row 195)
2026-06-09 15:13:01,930 [INFO] src.core.excel_parser: Date headers found: CY=2025 (col 10, row 10), PY=2024 (col 11, row 10)
2026-06-09 15:13:01,935 [WARNING] src.core.excel_parser: Could not find two date header columns, found: []
2026-06-09 15:13:01,935 [INFO] src.core.excel_parser: Note 11: Could not find date columns — falling back to columns 3 and 4
2026-06-09 15:13:01,942 [INFO] src.core.excel_parser: Date headers found: CY=2025 (col 10, row 135), PY=2024 (col 11, row 135)
2026-06-09 15:13:01,948 [WARNING] src.core.excel_parser: Could not find two date header columns, found: []
2026-06-09 15:13:01,948 [INFO] src.core.excel_parser: Note 12: Could not find date columns — falling back to columns 3 and 4
2026-06-09 15:13:01,958 [INFO] src.core.excel_parser: Date headers found: CY=2025 (col 10, row 213), PY=2024 (col 11, row 213)
2026-06-09 15:13:01,965 [INFO] src.core.excel_parser: Date headers found: CY=2025 (col 10, row 233), PY=2024 (col 11, row 233)
2026-06-09 15:13:01,971 [INFO] src.core.excel_parser: Date headers found: CY=2025 (col 10, row 263), PY=2024 (col 11, row 263)
2026-06-09 15:13:01,976 [INFO] src.core.excel_parser: Date headers found: CY=2025 (col 10, row 275), PY=2024 (col 11, row 275)
2026-06-09 15:13:01,982 [INFO] src.core.excel_parser: Date headers found: CY=2025 (col 10, row 293), PY=2024 (col 11, row 293)
2026-06-09 15:13:01,990 [INFO] src.core.excel_parser: Date headers found: CY=2025 (col 10, row 338), PY=2024 (col 11, row 338)
2026-06-09 15:13:01,996 [INFO] src.core.excel_parser: Date headers found: CY=2025 (col 10, row 356), PY=2024 (col 11, row 356)
2026-06-09 15:13:02,003 [INFO] src.core.excel_parser: Date headers found: CY=2025 (col 10, row 368), PY=2024 (col 11, row 368)
2026-06-09 15:13:02,015 [INFO] src.core.excel_parser: Date headers found: CY=2025 (col 9, row 9), PY=2024 (col 10, row 9)
2026-06-09 15:13:02,023 [INFO] src.core.excel_parser: Date headers found: CY=2025 (col 9, row 19), PY=2024 (col 10, row 19)
2026-06-09 15:13:02,032 [INFO] src.core.excel_parser: Date headers found: CY=2025 (col 9, row 38), PY=2024 (col 10, row 38)
2026-06-09 15:13:02,041 [WARNING] src.core.excel_parser: Could not find two date header columns, found: [(53, 10, 2025)]
2026-06-09 15:13:02,041 [INFO] src.core.excel_parser: Note 21: Could not find date columns — falling back to columns 3 and 4
2026-06-09 15:13:02,051 [INFO] src.core.excel_parser: Date headers found: CY=2025 (col 9, row 68), PY=2024 (col 10, row 68)
2026-06-09 15:13:02,061 [INFO] src.core.excel_parser: Date headers found: CY=2025 (col 9, row 80), PY=2024 (col 10, row 80)
2026-06-09 15:13:02,072 [INFO] src.core.excel_parser: Date headers found: CY=2025 (col 9, row 122), PY=2024 (col 10, row 122)
2026-06-09 15:13:02,083 [INFO] src.core.excel_parser: Date headers found: CY=2025 (col 9, row 137), PY=2024 (col 10, row 137)
2026-06-09 15:13:02,095 [INFO] src.core.excel_parser: Date headers found: CY=2025 (col 9, row 165), PY=2024 (col 10, row 165)
2026-06-09 15:13:02,105 [INFO] src.core.excel_parser: Date headers found: CY=2025 (col 9, row 195), PY=2024 (col 10, row 195)
2026-06-09 15:13:02,116 [INFO] src.core.excel_parser: Date headers found: CY=2025 (col 9, row 223), PY=2024 (col 10, row 223)
2026-06-09 15:13:02,130 [INFO] src.core.excel_parser: Date headers found: CY=2025 (col 9, row 258), PY=2024 (col 2, row 258)
2026-06-09 15:13:02,141 [INFO] src.core.excel_parser: Date headers found: CY=2025 (col 9, row 277), PY=2024 (col 10, row 277)
2026-06-09 15:13:02,156 [INFO] src.core.excel_parser: Date headers found: CY=2025 (col 9, row 316), PY=2024 (col 2, row 316)
2026-06-09 15:13:02,161 [INFO] src.core.excel_parser: Parsed notes from 4 sheets
2026-06-09 15:13:02,171 [INFO] src.core.excel_parser: Found non-zero value for 'trade receivables' on row 'Trade receivables': CY=177.50, PY=143.00
2026-06-09 15:13:02,171 [INFO] src.core.excel_parser: BS Summary: total_ca=2583, total_cl=2570, debtors=178, equity=171
2026-06-09 15:13:02,172 [WARNING] src.core.excel_parser: Keyword 'revenue from operations' matched row 'Revenue from operations' but value is ZERO — may be a heading row; scanning further
2026-06-09 15:13:02,172 [INFO] src.core.excel_parser: Found non-zero value for 'software services' on row '- Software services': CY=875.40, PY=724.80
2026-06-09 15:13:02,172 [INFO] src.core.excel_parser: Found non-zero value for 'total income' on row 'Total income': CY=268.88, PY=509.46
2026-06-09 15:13:02,173 [INFO] src.core.excel_parser: PBT found: row='Profit / (Loss) before exceptional and extraordinary items and tax', CY=-29.56, PY=194.00
2026-06-09 15:13:02,173 [WARNING] src.core.excel_parser: PAT: Could not find Profit After Tax row — falling back to PBT (-29.56). Net Profit Ratio may be slightly overstated (ignores tax).
2026-06-09 15:13:02,173 [INFO] src.core.excel_parser: Found non-zero value for 'finance charge' on row 'Finance charges': CY=31.20, PY=28.40
2026-06-09 15:13:02,173 [INFO] src.core.excel_parser: PL Summary: revenue_ops=875, pbt=-30, pat=-30, finance_cost=31
2026-06-09 15:13:02,174 [INFO] src.core.cpp_bridge: Ratio inputs — revenue_ops: CY=875 PY=725 | pat: CY=-30 PY=194 | debtors: CY=178 PY=143 (avg_cy=160) | total_ca: CY=2583 PY=2488 | total_cl: CY=2570 PY=96
2026-06-09 15:13:02,174 [INFO] src.core.cpp_bridge: RATIO 'Debt Equity Ratio': CY=14.6327, PY=3.6661, Change=299.14%
2026-06-09 15:13:02,174 [INFO] src.core.cpp_bridge: RATIO 'Current Ratio': CY=1.0052, PY=25.9779, Change=-96.13%
2026-06-09 15:13:02,174 [INFO] src.core.cpp_bridge: RATIO 'GCA Days': CY=3506.3783, PY=1782.8157, Change=96.68%
2026-06-09 15:13:02,174 [INFO] src.core.cpp_bridge: RATIO 'Total Outside Liab. vs Total Equity': CY=15.0784, PY=3.7817, Change=298.72%
2026-06-09 15:13:02,175 [INFO] src.core.cpp_bridge: RATIO 'Net Profit Ratio': CY=-3.3767, PY=26.7660, Change=-112.62%
2026-06-09 15:13:02,175 [INFO] src.core.cpp_bridge: RATIO 'Return on Equity (ROE)': CY=-7.0972, PY=29.3149, Change=-124.21%
2026-06-09 15:13:02,175 [INFO] src.core.cpp_bridge: RATIO 'Return on Capital Employed (ROCE)': CY=0.0613, PY=7.2022, Change=-99.15%
2026-06-09 15:13:02,175 [INFO] src.core.cpp_bridge: RATIO 'Debtor Turnover Ratio': CY=5.4627, PY=5.0685, Change=7.78%
2026-06-09 15:13:02,180 [INFO] src.core.validation: VALIDATION PASS — ✓ Balance Sheet identity: Assets=2,753 ≈ Equity+Liabilities=2,753 (diff=0, within tolerance 3)
2026-06-09 15:13:02,180 [INFO] src.core.validation: VALIDATION PASS — ✓ Revenue from Operations > 0: Revenue = 875
2026-06-09 15:13:02,181 [INFO] src.core.validation: VALIDATION PASS — ✓ Average Trade Receivables > 0: CY=178, PY=143, Avg=160
2026-06-09 15:13:02,181 [INFO] src.core.validation: VALIDATION PASS — ✓ Ratio 'Current Ratio': CY=1.0052 (non-zero)
2026-06-09 15:13:02,181 [INFO] src.core.validation: VALIDATION PASS — ✓ Ratio 'Net Profit Ratio': CY=-3.3767 (non-zero)
2026-06-09 15:13:02,181 [INFO] src.core.validation: VALIDATION PASS — ✓ Ratio 'Return on Equity (ROE)': CY=-7.0972 (non-zero)
2026-06-09 15:13:02,181 [INFO] src.core.validation: VALIDATION PASS — ✓ Ratio 'Return on Capital Employed (ROCE)': CY=0.0613 (non-zero)
2026-06-09 15:13:02,182 [INFO] src.core.validation: VALIDATION PASS — ✓ Ratio 'Debtor Turnover Ratio': CY=5.4627 (non-zero)
2026-06-09 15:13:02,182 [INFO] src.core.validation: VALIDATION PASS — ✓ P&L mapping: Revenue from Operations: = 875
2026-06-09 15:13:02,182 [INFO] src.core.validation: VALIDATION PASS — ✓ P&L mapping: Profit Before Tax: = -30
2026-06-09 15:13:02,182 [INFO] src.core.validation: VALIDATION PASS — ✓ P&L mapping: Profit After Tax: = -30
2026-06-09 15:13:02,182 [INFO] src.core.validation: VALIDATION PASS — ✓ BS mapping: Total Current Assets: = 2,583
2026-06-09 15:13:02,183 [INFO] src.core.validation: VALIDATION PASS — ✓ BS mapping: Total Current Liabilities: = 2,570
2026-06-09 15:13:02,183 [INFO] src.core.validation: VALIDATION PASS — ✓ BS mapping: Total Equity: = 171
2026-06-09 15:13:02,183 [INFO] src.core.validation: VALIDATION PASS — ✓ BS mapping: Trade Receivables: = 178
2026-06-09 15:13:02,183 [INFO] src.core.validation: VALIDATION PASS — ✓ BS row count: 54 rows parsed
2026-06-09 15:13:02,183 [INFO] src.core.validation: VALIDATION PASS — ✓ P&L row count: 33 rows parsed
2026-06-09 15:13:02,183 [INFO] src.core.validation: Validation complete: 17 passed, 0 warnings, 0 failed, 0 auto-corrected
2026-06-09 15:13:02,183 [INFO] src.core.validation: ============================================================
FAR VALIDATION REPORT
============================================================

PASSED CHECKS:
  ✓ Balance Sheet identity: Assets=2,753 ≈ Equity+Liabilities=2,753 (diff=0, within tolerance 3)
  ✓ Revenue from Operations > 0: Revenue = 875
  ✓ Average Trade Receivables > 0: CY=178, PY=143, Avg=160
  ✓ Ratio 'Current Ratio': CY=1.0052 (non-zero)
  ✓ Ratio 'Net Profit Ratio': CY=-3.3767 (non-zero)
  ✓ Ratio 'Return on Equity (ROE)': CY=-7.0972 (non-zero)
  ✓ Ratio 'Return on Capital Employed (ROCE)': CY=0.0613 (non-zero)
  ✓ Ratio 'Debtor Turnover Ratio': CY=5.4627 (non-zero)
  ✓ P&L mapping: Revenue from Operations: = 875
  ✓ P&L mapping: Profit Before Tax: = -30
  ✓ P&L mapping: Profit After Tax: = -30
  ✓ BS mapping: Total Current Assets: = 2,583
  ✓ BS mapping: Total Current Liabilities: = 2,570
  ✓ BS mapping: Total Equity: = 171
  ✓ BS mapping: Trade Receivables: = 178
  ✓ BS row count: 54 rows parsed
  ✓ P&L row count: 33 rows parsed
============================================================
2026-06-09 15:13:02,841 [INFO] matplotlib.category: Using categorical units to plot a list of strings that are all parsable as floats or dates. If these strings should be plotted as numbers, cast to the appropriate data type before plotting.
2026-06-09 15:13:02,842 [INFO] matplotlib.category: Using categorical units to plot a list of strings that are all parsable as floats or dates. If these strings should be plotted as numbers, cast to the appropriate data type before plotting.
2026-06-09 15:13:02,843 [INFO] matplotlib.category: Using categorical units to plot a list of strings that are all parsable as floats or dates. If these strings should be plotted as numbers, cast to the appropriate data type before plotting.
2026-06-09 15:13:02,868 [INFO] matplotlib.category: Using categorical units to plot a list of strings that are all parsable as floats or dates. If these strings should be plotted as numbers, cast to the appropriate data type before plotting.
2026-06-09 15:13:02,869 [INFO] matplotlib.category: Using categorical units to plot a list of strings that are all parsable as floats or dates. If these strings should be plotted as numbers, cast to the appropriate data type before plotting.
2026-06-09 15:13:02,870 [INFO] matplotlib.category: Using categorical units to plot a list of strings that are all parsable as floats or dates. If these strings should be plotted as numbers, cast to the appropriate data type before plotting.
2026-06-09 15:13:02,871 [INFO] matplotlib.category: Using categorical units to plot a list of strings that are all parsable as floats or dates. If these strings should be plotted as numbers, cast to the appropriate data type before plotting.
2026-06-09 15:13:02,872 [INFO] matplotlib.category: Using categorical units to plot a list of strings that are all parsable as floats or dates. If these strings should be plotted as numbers, cast to the appropriate data type before plotting.
2026-06-09 15:13:02,872 [INFO] matplotlib.category: Using categorical units to plot a list of strings that are all parsable as floats or dates. If these strings should be plotted as numbers, cast to the appropriate data type before plotting.
2026-06-09 15:13:02,898 [INFO] matplotlib.category: Using categorical units to plot a list of strings that are all parsable as floats or dates. If these strings should be plotted as numbers, cast to the appropriate data type before plotting.
2026-06-09 15:13:02,899 [INFO] matplotlib.category: Using categorical units to plot a list of strings that are all parsable as floats or dates. If these strings should be plotted as numbers, cast to the appropriate data type before plotting.
2026-06-09 15:13:02,900 [INFO] matplotlib.category: Using categorical units to plot a list of strings that are all parsable as floats or dates. If these strings should be plotted as numbers, cast to the appropriate data type before plotting.
2026-06-09 15:13:02,901 [INFO] matplotlib.category: Using categorical units to plot a list of strings that are all parsable as floats or dates. If these strings should be plotted as numbers, cast to the appropriate data type before plotting.
2026-06-09 15:13:03,160 [INFO] src.gui.main_window: FAR generated: BS=54 rows, PL=33 rows, Ratios=8
2026-06-09 15:13:30,874 [INFO] matplotlib.category: Using categorical units to plot a list of strings that are all parsable as floats or dates. If these strings should be plotted as numbers, cast to the appropriate data type before plotting.
2026-06-09 15:13:30,875 [INFO] matplotlib.category: Using categorical units to plot a list of strings that are all parsable as floats or dates. If these strings should be plotted as numbers, cast to the appropriate data type before plotting.
2026-06-09 15:13:30,877 [INFO] matplotlib.category: Using categorical units to plot a list of strings that are all parsable as floats or dates. If these strings should be plotted as numbers, cast to the appropriate data type before plotting.
2026-06-09 15:13:30,877 [INFO] matplotlib.category: Using categorical units to plot a list of strings that are all parsable as floats or dates. If these strings should be plotted as numbers, cast to the appropriate data type before plotting.
2026-06-09 15:13:57,733 [INFO] matplotlib.category: Using categorical units to plot a list of strings that are all parsable as floats or dates. If these strings should be plotted as numbers, cast to the appropriate data type before plotting.
2026-06-09 15:13:57,734 [INFO] matplotlib.category: Using categorical units to plot a list of strings that are all parsable as floats or dates. If these strings should be plotted as numbers, cast to the appropriate data type before plotting.
2026-06-09 15:13:57,734 [INFO] matplotlib.category: Using categorical units to plot a list of strings that are all parsable as floats or dates. If these strings should be plotted as numbers, cast to the appropriate data type before plotting.
2026-06-09 15:13:57,766 [INFO] matplotlib.category: Using categorical units to plot a list of strings that are all parsable as floats or dates. If these strings should be plotted as numbers, cast to the appropriate data type before plotting.
2026-06-09 15:13:57,767 [INFO] matplotlib.category: Using categorical units to plot a list of strings that are all parsable as floats or dates. If these strings should be plotted as numbers, cast to the appropriate data type before plotting.
2026-06-09 15:13:57,768 [INFO] matplotlib.category: Using categorical units to plot a list of strings that are all parsable as floats or dates. If these strings should be plotted as numbers, cast to the appropriate data type before plotting.
2026-06-09 15:13:57,770 [INFO] matplotlib.category: Using categorical units to plot a list of strings that are all parsable as floats or dates. If these strings should be plotted as numbers, cast to the appropriate data type before plotting.
2026-06-09 15:13:57,770 [INFO] matplotlib.category: Using categorical units to plot a list of strings that are all parsable as floats or dates. If these strings should be plotted as numbers, cast to the appropriate data type before plotting.
2026-06-09 15:13:57,771 [INFO] matplotlib.category: Using categorical units to plot a list of strings that are all parsable as floats or dates. If these strings should be plotted as numbers, cast to the appropriate data type before plotting.
2026-06-09 15:13:57,797 [INFO] matplotlib.category: Using categorical units to plot a list of strings that are all parsable as floats or dates. If these strings should be plotted as numbers, cast to the appropriate data type before plotting.
2026-06-09 15:13:57,798 [INFO] matplotlib.category: Using categorical units to plot a list of strings that are all parsable as floats or dates. If these strings should be plotted as numbers, cast to the appropriate data type before plotting.
2026-06-09 15:13:57,800 [INFO] matplotlib.category: Using categorical units to plot a list of strings that are all parsable as floats or dates. If these strings should be plotted as numbers, cast to the appropriate data type before plotting.
2026-06-09 15:13:57,800 [INFO] matplotlib.category: Using categorical units to plot a list of strings that are all parsable as floats or dates. If these strings should be plotted as numbers, cast to the appropriate data type before plotting.
2026-06-09 15:13:57,817 [INFO] matplotlib.category: Using categorical units to plot a list of strings that are all parsable as floats or dates. If these strings should be plotted as numbers, cast to the appropriate data type before plotting.
2026-06-09 15:13:57,818 [INFO] matplotlib.category: Using categorical units to plot a list of strings that are all parsable as floats or dates. If these strings should be plotted as numbers, cast to the appropriate data type before plotting.
2026-06-09 15:13:57,819 [INFO] matplotlib.category: Using categorical units to plot a list of strings that are all parsable as floats or dates. If these strings should be plotted as numbers, cast to the appropriate data type before plotting.
2026-06-09 15:13:57,820 [INFO] matplotlib.category: Using categorical units to plot a list of strings that are all parsable as floats or dates. If these strings should be plotted as numbers, cast to the appropriate data type before plotting.
2026-06-09 15:13:57,820 [INFO] matplotlib.category: Using categorical units to plot a list of strings that are all parsable as floats or dates. If these strings should be plotted as numbers, cast to the appropriate data type before plotting.
2026-06-09 15:13:57,821 [INFO] matplotlib.category: Using categorical units to plot a list of strings that are all parsable as floats or dates. If these strings should be plotted as numbers, cast to the appropriate data type before plotting.
2026-06-09 15:13:57,862 [INFO] matplotlib.category: Using categorical units to plot a list of strings that are all parsable as floats or dates. If these strings should be plotted as numbers, cast to the appropriate data type before plotting.
2026-06-09 15:13:57,863 [INFO] matplotlib.category: Using categorical units to plot a list of strings that are all parsable as floats or dates. If these strings should be plotted as numbers, cast to the appropriate data type before plotting.
2026-06-09 15:13:57,865 [INFO] matplotlib.category: Using categorical units to plot a list of strings that are all parsable as floats or dates. If these strings should be plotted as numbers, cast to the appropriate data type before plotting.
2026-06-09 15:13:57,866 [INFO] matplotlib.category: Using categorical units to plot a list of strings that are all parsable as floats or dates. If these strings should be plotted as numbers, cast to the appropriate data type before plotting.
2026-06-09 15:13:58,982 [INFO] src.core.excel_export: FAR workbook saved to C:/Users/shuhb/Downloads/TechVenture_1Solutions_Private_Limited_FAR_2024-25.xlsx
2026-06-09 15:15:51,054 [INFO] src.core.excel_parser: Client name extracted from row 1: TechVenture Solutions Private Limited
2026-06-09 15:15:51,055 [INFO] src.core.excel_parser: Date headers found: CY=2025 (col 7, row 7), PY=2024 (col 9, row 7)
2026-06-09 15:15:51,055 [INFO] src.core.excel_parser: Parsed BS: 54 rows, CY=2025, PY=2024
2026-06-09 15:15:51,689 [INFO] src.core.excel_parser: Client name extracted from row 1: TechVenture Solutions Private Limited
2026-06-09 15:15:51,690 [INFO] src.core.excel_parser: Date headers found: CY=2025 (col 5, row 7), PY=2024 (col 7, row 7)
2026-06-09 15:15:51,690 [INFO] src.core.excel_parser: Parsed PL: 33 rows, CY=2025, PY=2024
2026-06-09 15:15:52,307 [WARNING] src.core.excel_parser: Could not find two date header columns, found: []
2026-06-09 15:15:52,307 [INFO] src.core.excel_parser: Note 3: Could not find date columns — falling back to columns 3 and 4
2026-06-09 15:15:52,309 [WARNING] src.core.excel_parser: Could not find two date header columns, found: [(56, 2, 2024)]
2026-06-09 15:15:52,310 [INFO] src.core.excel_parser: Note 3A: Could not find date columns — falling back to columns 3 and 4
2026-06-09 15:15:52,312 [INFO] src.core.excel_parser: Date headers found: CY=2025 (col 9, row 83), PY=2024 (col 10, row 83)
2026-06-09 15:15:52,315 [INFO] src.core.excel_parser: Date headers found: CY=2025 (col 10, row 8), PY=2024 (col 11, row 8)
2026-06-09 15:15:52,319 [INFO] src.core.excel_parser: Date headers found: CY=2025 (col 10, row 39), PY=2024 (col 11, row 39)
2026-06-09 15:15:52,324 [INFO] src.core.excel_parser: Date headers found: CY=2025 (col 10, row 61), PY=2024 (col 11, row 61)
2026-06-09 15:15:52,328 [INFO] src.core.excel_parser: Date headers found: CY=2025 (col 8, row 72), PY=2024 (col 10, row 72)
2026-06-09 15:15:52,332 [INFO] src.core.excel_parser: Date headers found: CY=2025 (col 10, row 82), PY=2024 (col 11, row 82)
2026-06-09 15:15:52,337 [INFO] src.core.excel_parser: Date headers found: CY=2025 (col 10, row 126), PY=2024 (col 11, row 126)
2026-06-09 15:15:52,343 [INFO] src.core.excel_parser: Date headers found: CY=2025 (col 10, row 139), PY=2024 (col 11, row 139)
2026-06-09 15:15:52,348 [INFO] src.core.excel_parser: Date headers found: CY=2025 (col 10, row 148), PY=2024 (col 11, row 148)
2026-06-09 15:15:52,355 [INFO] src.core.excel_parser: Date headers found: CY=2025 (col 10, row 161), PY=2025 (col 10, row 161)
2026-06-09 15:15:52,361 [INFO] src.core.excel_parser: Date headers found: CY=2025 (col 10, row 195), PY=2024 (col 11, row 195)
2026-06-09 15:15:52,366 [INFO] src.core.excel_parser: Date headers found: CY=2025 (col 10, row 10), PY=2024 (col 11, row 10)
2026-06-09 15:15:52,373 [WARNING] src.core.excel_parser: Could not find two date header columns, found: []
2026-06-09 15:15:52,373 [INFO] src.core.excel_parser: Note 11: Could not find date columns — falling back to columns 3 and 4
2026-06-09 15:15:52,381 [INFO] src.core.excel_parser: Date headers found: CY=2025 (col 10, row 135), PY=2024 (col 11, row 135)
2026-06-09 15:15:52,387 [WARNING] src.core.excel_parser: Could not find two date header columns, found: []
2026-06-09 15:15:52,387 [INFO] src.core.excel_parser: Note 12: Could not find date columns — falling back to columns 3 and 4
2026-06-09 15:15:52,392 [INFO] src.core.excel_parser: Date headers found: CY=2025 (col 10, row 213), PY=2024 (col 11, row 213)
2026-06-09 15:15:52,398 [INFO] src.core.excel_parser: Date headers found: CY=2025 (col 10, row 233), PY=2024 (col 11, row 233)
2026-06-09 15:15:52,405 [INFO] src.core.excel_parser: Date headers found: CY=2025 (col 10, row 263), PY=2024 (col 11, row 263)
2026-06-09 15:15:52,410 [INFO] src.core.excel_parser: Date headers found: CY=2025 (col 10, row 275), PY=2024 (col 11, row 275)
2026-06-09 15:15:52,418 [INFO] src.core.excel_parser: Date headers found: CY=2025 (col 10, row 293), PY=2024 (col 11, row 293)
2026-06-09 15:15:52,425 [INFO] src.core.excel_parser: Date headers found: CY=2025 (col 10, row 338), PY=2024 (col 11, row 338)
2026-06-09 15:15:52,431 [INFO] src.core.excel_parser: Date headers found: CY=2025 (col 10, row 356), PY=2024 (col 11, row 356)
2026-06-09 15:15:52,438 [INFO] src.core.excel_parser: Date headers found: CY=2025 (col 10, row 368), PY=2024 (col 11, row 368)
2026-06-09 15:15:52,446 [INFO] src.core.excel_parser: Date headers found: CY=2025 (col 9, row 9), PY=2024 (col 10, row 9)
2026-06-09 15:15:52,454 [INFO] src.core.excel_parser: Date headers found: CY=2025 (col 9, row 19), PY=2024 (col 10, row 19)
2026-06-09 15:15:52,462 [INFO] src.core.excel_parser: Date headers found: CY=2025 (col 9, row 38), PY=2024 (col 10, row 38)
2026-06-09 15:15:52,471 [WARNING] src.core.excel_parser: Could not find two date header columns, found: [(53, 10, 2025)]
2026-06-09 15:15:52,472 [INFO] src.core.excel_parser: Note 21: Could not find date columns — falling back to columns 3 and 4
2026-06-09 15:15:52,482 [INFO] src.core.excel_parser: Date headers found: CY=2025 (col 9, row 68), PY=2024 (col 10, row 68)
2026-06-09 15:15:52,491 [INFO] src.core.excel_parser: Date headers found: CY=2025 (col 9, row 80), PY=2024 (col 10, row 80)
2026-06-09 15:15:52,503 [INFO] src.core.excel_parser: Date headers found: CY=2025 (col 9, row 122), PY=2024 (col 10, row 122)
2026-06-09 15:15:52,513 [INFO] src.core.excel_parser: Date headers found: CY=2025 (col 9, row 137), PY=2024 (col 10, row 137)
2026-06-09 15:15:52,524 [INFO] src.core.excel_parser: Date headers found: CY=2025 (col 9, row 165), PY=2024 (col 10, row 165)
2026-06-09 15:15:52,533 [INFO] src.core.excel_parser: Date headers found: CY=2025 (col 9, row 195), PY=2024 (col 10, row 195)
2026-06-09 15:15:52,544 [INFO] src.core.excel_parser: Date headers found: CY=2025 (col 9, row 223), PY=2024 (col 10, row 223)
2026-06-09 15:15:52,556 [INFO] src.core.excel_parser: Date headers found: CY=2025 (col 9, row 258), PY=2024 (col 2, row 258)
2026-06-09 15:15:52,566 [INFO] src.core.excel_parser: Date headers found: CY=2025 (col 9, row 277), PY=2024 (col 10, row 277)
2026-06-09 15:15:52,581 [INFO] src.core.excel_parser: Date headers found: CY=2025 (col 9, row 316), PY=2024 (col 2, row 316)
2026-06-09 15:15:52,585 [INFO] src.core.excel_parser: Parsed notes from 4 sheets
2026-06-09 15:15:52,591 [INFO] src.core.excel_parser: Found non-zero value for 'trade receivables' on row 'Trade receivables': CY=17750000.00, PY=14300000.00
2026-06-09 15:15:52,591 [INFO] src.core.excel_parser: BS Summary: total_ca=258300405, total_cl=256966044, debtors=17750000, equity=17122765
2026-06-09 15:15:52,592 [WARNING] src.core.excel_parser: Keyword 'revenue from operations' matched row 'Revenue from operations' but value is ZERO — may be a heading row; scanning further
2026-06-09 15:15:52,592 [INFO] src.core.excel_parser: Found non-zero value for 'software services' on row '- Software services': CY=87540000.00, PY=72480000.00
2026-06-09 15:15:52,592 [INFO] src.core.excel_parser: Found non-zero value for 'total income' on row 'Total income': CY=26887946.00, PY=50946209.00
2026-06-09 15:15:52,592 [INFO] src.core.excel_parser: PBT found: row='Profit / (Loss) before exceptional and extraordinary items and tax', CY=-2956284.00, PY=19400000.00
2026-06-09 15:15:52,593 [WARNING] src.core.excel_parser: PAT: Could not find Profit After Tax row — falling back to PBT (-2956284.00). Net Profit Ratio may be slightly overstated (ignores tax).
2026-06-09 15:15:52,593 [INFO] src.core.excel_parser: Found non-zero value for 'finance charge' on row 'Finance charges': CY=3120000.00, PY=2840000.00
2026-06-09 15:15:52,593 [INFO] src.core.excel_parser: PL Summary: revenue_ops=87540000, pbt=-2956284, pat=-2956284, finance_cost=3120000
2026-06-09 15:15:52,593 [INFO] src.core.cpp_bridge: Ratio inputs — revenue_ops: CY=87540000 PY=72480000 | pat: CY=-2956284 PY=19400000 | debtors: CY=17750000 PY=14300000 (avg_cy=16025000) | total_ca: CY=258300405 PY=248841999 | total_cl: CY=256966044 PY=9579438
2026-06-09 15:15:52,594 [INFO] src.core.cpp_bridge: RATIO 'Debt Equity Ratio': CY=14.6329, PY=3.6661, Change=299.14%
2026-06-09 15:15:52,594 [INFO] src.core.cpp_bridge: RATIO 'Current Ratio': CY=1.0052, PY=25.9767, Change=-96.13%
2026-06-09 15:15:52,594 [INFO] src.core.cpp_bridge: RATIO 'GCA Days': CY=3506.3909, PY=1782.8084, Change=96.68%
2026-06-09 15:15:52,594 [INFO] src.core.cpp_bridge: RATIO 'Total Outside Liab. vs Total Equity': CY=15.0787, PY=3.7817, Change=298.73%
2026-06-09 15:15:52,594 [INFO] src.core.cpp_bridge: RATIO 'Net Profit Ratio': CY=-3.3771, PY=26.7660, Change=-112.62%
2026-06-09 15:15:52,595 [INFO] src.core.cpp_bridge: RATIO 'Return on Equity (ROE)': CY=-7.0978, PY=29.3147, Change=-124.21%
2026-06-09 15:15:52,595 [INFO] src.core.cpp_bridge: RATIO 'Return on Capital Employed (ROCE)': CY=0.0612, PY=7.2022, Change=-99.15%
2026-06-09 15:15:52,595 [INFO] src.core.cpp_bridge: RATIO 'Debtor Turnover Ratio': CY=5.4627, PY=5.0685, Change=7.78%
2026-06-09 15:15:52,597 [INFO] src.core.validation: VALIDATION PASS — ✓ Balance Sheet identity: Assets=275,311,308 ≈ Equity+Liabilities=275,311,308 (diff=0, within tolerance 275,311)
2026-06-09 15:15:52,597 [INFO] src.core.validation: VALIDATION PASS — ✓ Revenue from Operations > 0: Revenue = 87,540,000
2026-06-09 15:15:52,597 [INFO] src.core.validation: VALIDATION PASS — ✓ Average Trade Receivables > 0: CY=17,750,000, PY=14,300,000, Avg=16,025,000
2026-06-09 15:15:52,598 [INFO] src.core.validation: VALIDATION PASS — ✓ Ratio 'Current Ratio': CY=1.0052 (non-zero)
2026-06-09 15:15:52,598 [INFO] src.core.validation: VALIDATION PASS — ✓ Ratio 'Net Profit Ratio': CY=-3.3771 (non-zero)
2026-06-09 15:15:52,598 [INFO] src.core.validation: VALIDATION PASS — ✓ Ratio 'Return on Equity (ROE)': CY=-7.0978 (non-zero)
2026-06-09 15:15:52,598 [INFO] src.core.validation: VALIDATION PASS — ✓ Ratio 'Return on Capital Employed (ROCE)': CY=0.0612 (non-zero)
2026-06-09 15:15:52,599 [INFO] src.core.validation: VALIDATION PASS — ✓ Ratio 'Debtor Turnover Ratio': CY=5.4627 (non-zero)
2026-06-09 15:15:52,599 [INFO] src.core.validation: VALIDATION PASS — ✓ P&L mapping: Revenue from Operations: = 87,540,000
2026-06-09 15:15:52,599 [INFO] src.core.validation: VALIDATION PASS — ✓ P&L mapping: Profit Before Tax: = -2,956,284
2026-06-09 15:15:52,599 [INFO] src.core.validation: VALIDATION PASS — ✓ P&L mapping: Profit After Tax: = -2,956,284
2026-06-09 15:15:52,599 [INFO] src.core.validation: VALIDATION PASS — ✓ BS mapping: Total Current Assets: = 258,300,405
2026-06-09 15:15:52,600 [INFO] src.core.validation: VALIDATION PASS — ✓ BS mapping: Total Current Liabilities: = 256,966,044
2026-06-09 15:15:52,600 [INFO] src.core.validation: VALIDATION PASS — ✓ BS mapping: Total Equity: = 17,122,765
2026-06-09 15:15:52,600 [INFO] src.core.validation: VALIDATION PASS — ✓ BS mapping: Trade Receivables: = 17,750,000
2026-06-09 15:15:52,600 [INFO] src.core.validation: VALIDATION PASS — ✓ BS row count: 54 rows parsed
2026-06-09 15:15:52,601 [INFO] src.core.validation: VALIDATION PASS — ✓ P&L row count: 33 rows parsed
2026-06-09 15:15:52,601 [INFO] src.core.validation: Validation complete: 17 passed, 0 warnings, 0 failed, 0 auto-corrected
2026-06-09 15:15:52,601 [INFO] src.core.validation: ============================================================
FAR VALIDATION REPORT
============================================================

PASSED CHECKS:
  ✓ Balance Sheet identity: Assets=275,311,308 ≈ Equity+Liabilities=275,311,308 (diff=0, within tolerance 275,311)
  ✓ Revenue from Operations > 0: Revenue = 87,540,000
  ✓ Average Trade Receivables > 0: CY=17,750,000, PY=14,300,000, Avg=16,025,000
  ✓ Ratio 'Current Ratio': CY=1.0052 (non-zero)
  ✓ Ratio 'Net Profit Ratio': CY=-3.3771 (non-zero)
  ✓ Ratio 'Return on Equity (ROE)': CY=-7.0978 (non-zero)
  ✓ Ratio 'Return on Capital Employed (ROCE)': CY=0.0612 (non-zero)
  ✓ Ratio 'Debtor Turnover Ratio': CY=5.4627 (non-zero)
  ✓ P&L mapping: Revenue from Operations: = 87,540,000
  ✓ P&L mapping: Profit Before Tax: = -2,956,284
  ✓ P&L mapping: Profit After Tax: = -2,956,284
  ✓ BS mapping: Total Current Assets: = 258,300,405
  ✓ BS mapping: Total Current Liabilities: = 256,966,044
  ✓ BS mapping: Total Equity: = 17,122,765
  ✓ BS mapping: Trade Receivables: = 17,750,000
  ✓ BS row count: 54 rows parsed
  ✓ P&L row count: 33 rows parsed
============================================================
2026-06-09 15:15:53,296 [INFO] matplotlib.category: Using categorical units to plot a list of strings that are all parsable as floats or dates. If these strings should be plotted as numbers, cast to the appropriate data type before plotting.
2026-06-09 15:15:53,297 [INFO] matplotlib.category: Using categorical units to plot a list of strings that are all parsable as floats or dates. If these strings should be plotted as numbers, cast to the appropriate data type before plotting.
2026-06-09 15:15:53,297 [INFO] matplotlib.category: Using categorical units to plot a list of strings that are all parsable as floats or dates. If these strings should be plotted as numbers, cast to the appropriate data type before plotting.
2026-06-09 15:15:53,312 [INFO] matplotlib.category: Using categorical units to plot a list of strings that are all parsable as floats or dates. If these strings should be plotted as numbers, cast to the appropriate data type before plotting.
2026-06-09 15:15:53,313 [INFO] matplotlib.category: Using categorical units to plot a list of strings that are all parsable as floats or dates. If these strings should be plotted as numbers, cast to the appropriate data type before plotting.
2026-06-09 15:15:53,313 [INFO] matplotlib.category: Using categorical units to plot a list of strings that are all parsable as floats or dates. If these strings should be plotted as numbers, cast to the appropriate data type before plotting.
2026-06-09 15:15:53,315 [INFO] matplotlib.category: Using categorical units to plot a list of strings that are all parsable as floats or dates. If these strings should be plotted as numbers, cast to the appropriate data type before plotting.
2026-06-09 15:15:53,315 [INFO] matplotlib.category: Using categorical units to plot a list of strings that are all parsable as floats or dates. If these strings should be plotted as numbers, cast to the appropriate data type before plotting.
2026-06-09 15:15:53,316 [INFO] matplotlib.category: Using categorical units to plot a list of strings that are all parsable as floats or dates. If these strings should be plotted as numbers, cast to the appropriate data type before plotting.
2026-06-09 15:15:53,335 [INFO] matplotlib.category: Using categorical units to plot a list of strings that are all parsable as floats or dates. If these strings should be plotted as numbers, cast to the appropriate data type before plotting.
2026-06-09 15:15:53,336 [INFO] matplotlib.category: Using categorical units to plot a list of strings that are all parsable as floats or dates. If these strings should be plotted as numbers, cast to the appropriate data type before plotting.
2026-06-09 15:15:53,339 [INFO] matplotlib.category: Using categorical units to plot a list of strings that are all parsable as floats or dates. If these strings should be plotted as numbers, cast to the appropriate data type before plotting.
2026-06-09 15:15:53,340 [INFO] matplotlib.category: Using categorical units to plot a list of strings that are all parsable as floats or dates. If these strings should be plotted as numbers, cast to the appropriate data type before plotting.
2026-06-09 15:15:53,585 [INFO] src.gui.main_window: FAR generated: BS=54 rows, PL=33 rows, Ratios=8
2026-06-09 15:16:02,730 [INFO] matplotlib.category: Using categorical units to plot a list of strings that are all parsable as floats or dates. If these strings should be plotted as numbers, cast to the appropriate data type before plotting.
2026-06-09 15:16:02,731 [INFO] matplotlib.category: Using categorical units to plot a list of strings that are all parsable as floats or dates. If these strings should be plotted as numbers, cast to the appropriate data type before plotting.
2026-06-09 15:16:02,732 [INFO] matplotlib.category: Using categorical units to plot a list of strings that are all parsable as floats or dates. If these strings should be plotted as numbers, cast to the appropriate data type before plotting.
2026-06-09 15:16:02,761 [INFO] matplotlib.category: Using categorical units to plot a list of strings that are all parsable as floats or dates. If these strings should be plotted as numbers, cast to the appropriate data type before plotting.
2026-06-09 15:16:02,761 [INFO] matplotlib.category: Using categorical units to plot a list of strings that are all parsable as floats or dates. If these strings should be plotted as numbers, cast to the appropriate data type before plotting.
2026-06-09 15:16:02,762 [INFO] matplotlib.category: Using categorical units to plot a list of strings that are all parsable as floats or dates. If these strings should be plotted as numbers, cast to the appropriate data type before plotting.
2026-06-09 15:16:02,763 [INFO] matplotlib.category: Using categorical units to plot a list of strings that are all parsable as floats or dates. If these strings should be plotted as numbers, cast to the appropriate data type before plotting.
2026-06-09 15:16:02,764 [INFO] matplotlib.category: Using categorical units to plot a list of strings that are all parsable as floats or dates. If these strings should be plotted as numbers, cast to the appropriate data type before plotting.
2026-06-09 15:16:02,764 [INFO] matplotlib.category: Using categorical units to plot a list of strings that are all parsable as floats or dates. If these strings should be plotted as numbers, cast to the appropriate data type before plotting.
2026-06-09 15:16:02,795 [INFO] matplotlib.category: Using categorical units to plot a list of strings that are all parsable as floats or dates. If these strings should be plotted as numbers, cast to the appropriate data type before plotting.
2026-06-09 15:16:02,795 [INFO] matplotlib.category: Using categorical units to plot a list of strings that are all parsable as floats or dates. If these strings should be plotted as numbers, cast to the appropriate data type before plotting.
2026-06-09 15:16:02,796 [INFO] matplotlib.category: Using categorical units to plot a list of strings that are all parsable as floats or dates. If these strings should be plotted as numbers, cast to the appropriate data type before plotting.
2026-06-09 15:16:02,799 [INFO] matplotlib.category: Using categorical units to plot a list of strings that are all parsable as floats or dates. If these strings should be plotted as numbers, cast to the appropriate data type before plotting.
2026-06-09 15:16:02,820 [INFO] matplotlib.category: Using categorical units to plot a list of strings that are all parsable as floats or dates. If these strings should be plotted as numbers, cast to the appropriate data type before plotting.
2026-06-09 15:16:02,821 [INFO] matplotlib.category: Using categorical units to plot a list of strings that are all parsable as floats or dates. If these strings should be plotted as numbers, cast to the appropriate data type before plotting.
2026-06-09 15:16:02,822 [INFO] matplotlib.category: Using categorical units to plot a list of strings that are all parsable as floats or dates. If these strings should be plotted as numbers, cast to the appropriate data type before plotting.
2026-06-09 15:16:02,822 [INFO] matplotlib.category: Using categorical units to plot a list of strings that are all parsable as floats or dates. If these strings should be plotted as numbers, cast to the appropriate data type before plotting.
2026-06-09 15:16:02,823 [INFO] matplotlib.category: Using categorical units to plot a list of strings that are all parsable as floats or dates. If these strings should be plotted as numbers, cast to the appropriate data type before plotting.
2026-06-09 15:16:02,823 [INFO] matplotlib.category: Using categorical units to plot a list of strings that are all parsable as floats or dates. If these strings should be plotted as numbers, cast to the appropriate data type before plotting.
2026-06-09 15:16:02,870 [INFO] matplotlib.category: Using categorical units to plot a list of strings that are all parsable as floats or dates. If these strings should be plotted as numbers, cast to the appropriate data type before plotting.
2026-06-09 15:16:02,871 [INFO] matplotlib.category: Using categorical units to plot a list of strings that are all parsable as floats or dates. If these strings should be plotted as numbers, cast to the appropriate data type before plotting.
2026-06-09 15:16:02,873 [INFO] matplotlib.category: Using categorical units to plot a list of strings that are all parsable as floats or dates. If these strings should be plotted as numbers, cast to the appropriate data type before plotting.
2026-06-09 15:16:02,874 [INFO] matplotlib.category: Using categorical units to plot a list of strings that are all parsable as floats or dates. If these strings should be plotted as numbers, cast to the appropriate data type before plotting.
2026-06-09 15:16:03,988 [INFO] src.core.excel_export: FAR workbook saved to C:/Users/shuhb/Downloads/TechVenture_2Solutions_Private_Limited_FAR_2024-25.xlsx
2026-06-09 15:35:34,148 [INFO] __main__: Application exiting with code 0
2026-06-09 15:35:39,518 [INFO] __main__: ============================================================
2026-06-09 15:35:39,520 [INFO] __main__: FAR Automation Tool started at 2026-06-09T15:35:39.520569
2026-06-09 15:35:39,524 [INFO] __main__: Python 3.10.11 (tags/v3.10.11:7d4cc5a, Apr  5 2023, 00:38:17) [MSC v.1929 64 bit (AMD64)]
2026-06-09 15:35:39,524 [INFO] __main__: Project root: E:\GT WORK @\GT Work\far-automation
2026-06-09 15:35:39,691 [INFO] __main__: Stylesheet loaded
2026-06-09 15:35:41,371 [INFO] __main__: Main window shown
2026-06-09 15:35:55,964 [INFO] src.gui.input_form: Auto-filled client name from workbook: TechVenture Solutions Private Limited
2026-06-09 15:36:11,023 [INFO] src.core.excel_parser: Client name extracted from row 1: TechVenture Solutions Private Limited
2026-06-09 15:36:11,131 [INFO] src.core.excel_parser: Date headers found: CY=2025 (col 7, row 7), PY=2024 (col 9, row 7)
2026-06-09 15:36:21,551 [INFO] src.core.cpp_bridge: C++ DLL not found at E:\GT WORK @\GT Work\far-automation\cpp_engine\build\far_engine.dll — using Python fallback
2026-06-09 15:36:22,147 [INFO] src.core.excel_parser: Client name extracted from row 1: TechVenture Solutions Private Limited
2026-06-09 15:36:22,148 [INFO] src.core.excel_parser: Date headers found: CY=2025 (col 7, row 7), PY=2024 (col 9, row 7)
2026-06-09 15:36:22,148 [INFO] src.core.excel_parser: Parsed BS: 54 rows, CY=2025, PY=2024
2026-06-09 15:36:22,760 [INFO] src.core.excel_parser: Client name extracted from row 1: TechVenture Solutions Private Limited
2026-06-09 15:36:22,761 [INFO] src.core.excel_parser: Date headers found: CY=2025 (col 5, row 7), PY=2024 (col 7, row 7)
2026-06-09 15:36:22,762 [INFO] src.core.excel_parser: Parsed PL: 33 rows, CY=2025, PY=2024
2026-06-09 15:36:23,342 [WARNING] src.core.excel_parser: Could not find two date header columns, found: [(14, 2, 2023)]
2026-06-09 15:36:23,343 [INFO] src.core.excel_parser: Note 3: Could not find date columns — falling back to columns 3 and 4
2026-06-09 15:36:23,345 [WARNING] src.core.excel_parser: No single row had at least two date headers.
2026-06-09 15:36:23,345 [INFO] src.core.excel_parser: Note 3A: Could not find date columns — falling back to columns 3 and 4
2026-06-09 15:36:23,348 [INFO] src.core.excel_parser: Date headers found: CY=2025 (col 9, row 83), PY=2024 (col 10, row 83)
2026-06-09 15:36:23,351 [INFO] src.core.excel_parser: Date headers found: CY=2025 (col 10, row 8), PY=2024 (col 11, row 8)
2026-06-09 15:36:23,354 [INFO] src.core.excel_parser: Date headers found: CY=2025 (col 10, row 39), PY=2024 (col 11, row 39)
2026-06-09 15:36:23,358 [INFO] src.core.excel_parser: Date headers found: CY=2025 (col 10, row 61), PY=2024 (col 11, row 61)
2026-06-09 15:36:23,364 [INFO] src.core.excel_parser: Date headers found: CY=2025 (col 8, row 72), PY=2024 (col 10, row 72)
2026-06-09 15:36:23,371 [INFO] src.core.excel_parser: Date headers found: CY=2025 (col 10, row 82), PY=2024 (col 11, row 82)
2026-06-09 15:36:23,378 [INFO] src.core.excel_parser: Date headers found: CY=2025 (col 10, row 126), PY=2024 (col 11, row 126)
2026-06-09 15:36:23,384 [INFO] src.core.excel_parser: Date headers found: CY=2025 (col 10, row 139), PY=2024 (col 11, row 139)
2026-06-09 15:36:23,389 [INFO] src.core.excel_parser: Date headers found: CY=2025 (col 10, row 148), PY=2024 (col 11, row 148)
2026-06-09 15:36:23,395 [INFO] src.core.excel_parser: Date headers found: CY=2025 (col 10, row 161), PY=2024 (col 11, row 161)
2026-06-09 15:36:23,399 [INFO] src.core.excel_parser: Date headers found: CY=2025 (col 10, row 195), PY=2024 (col 11, row 195)
2026-06-09 15:36:23,406 [INFO] src.core.excel_parser: Date headers found: CY=2025 (col 10, row 10), PY=2024 (col 11, row 10)
2026-06-09 15:36:23,413 [WARNING] src.core.excel_parser: Could not find two date header columns, found: [(81, 10, 2018)]
2026-06-09 15:36:23,414 [INFO] src.core.excel_parser: Note 11: Could not find date columns — falling back to columns 3 and 4
2026-06-09 15:36:23,420 [INFO] src.core.excel_parser: Date headers found: CY=2025 (col 10, row 135), PY=2024 (col 11, row 135)
2026-06-09 15:36:23,425 [WARNING] src.core.excel_parser: Could not find two date header columns, found: [(158, 2, 2023)]
2026-06-09 15:36:23,426 [INFO] src.core.excel_parser: Note 12: Could not find date columns — falling back to columns 3 and 4
2026-06-09 15:36:23,431 [INFO] src.core.excel_parser: Date headers found: CY=2025 (col 10, row 213), PY=2024 (col 11, row 213)
2026-06-09 15:36:23,436 [INFO] src.core.excel_parser: Date headers found: CY=2025 (col 10, row 233), PY=2024 (col 11, row 233)
2026-06-09 15:36:23,442 [INFO] src.core.excel_parser: Date headers found: CY=2025 (col 10, row 263), PY=2024 (col 11, row 263)
2026-06-09 15:36:23,448 [INFO] src.core.excel_parser: Date headers found: CY=2025 (col 10, row 275), PY=2024 (col 11, row 275)
2026-06-09 15:36:23,454 [INFO] src.core.excel_parser: Date headers found: CY=2025 (col 10, row 293), PY=2024 (col 11, row 293)
2026-06-09 15:36:23,464 [INFO] src.core.excel_parser: Date headers found: CY=2025 (col 10, row 338), PY=2024 (col 11, row 338)
2026-06-09 15:36:23,485 [INFO] src.core.excel_parser: Date headers found: CY=2025 (col 10, row 356), PY=2024 (col 11, row 356)
2026-06-09 15:36:23,499 [INFO] src.core.excel_parser: Date headers found: CY=2025 (col 10, row 368), PY=2024 (col 11, row 368)
2026-06-09 15:36:23,517 [INFO] src.core.excel_parser: Date headers found: CY=2025 (col 9, row 9), PY=2024 (col 10, row 9)
2026-06-09 15:36:23,532 [INFO] src.core.excel_parser: Date headers found: CY=2025 (col 9, row 19), PY=2024 (col 10, row 19)
2026-06-09 15:36:23,546 [INFO] src.core.excel_parser: Date headers found: CY=2025 (col 9, row 38), PY=2024 (col 10, row 38)
2026-06-09 15:36:23,560 [WARNING] src.core.excel_parser: Could not find two date header columns, found: [(53, 10, 2025)]
2026-06-09 15:36:23,560 [INFO] src.core.excel_parser: Note 21: Could not find date columns — falling back to columns 3 and 4
2026-06-09 15:36:23,568 [INFO] src.core.excel_parser: Date headers found: CY=2025 (col 9, row 68), PY=2024 (col 10, row 68)
2026-06-09 15:36:23,586 [INFO] src.core.excel_parser: Date headers found: CY=2025 (col 9, row 80), PY=2024 (col 10, row 80)
2026-06-09 15:36:23,595 [INFO] src.core.excel_parser: Date headers found: CY=2025 (col 9, row 122), PY=2024 (col 10, row 122)
2026-06-09 15:36:23,608 [INFO] src.core.excel_parser: Date headers found: CY=2025 (col 9, row 137), PY=2024 (col 10, row 137)
2026-06-09 15:36:23,619 [INFO] src.core.excel_parser: Date headers found: CY=2025 (col 9, row 165), PY=2024 (col 10, row 165)
2026-06-09 15:36:23,628 [INFO] src.core.excel_parser: Date headers found: CY=2025 (col 9, row 195), PY=2024 (col 10, row 195)
2026-06-09 15:36:23,636 [INFO] src.core.excel_parser: Date headers found: CY=2025 (col 9, row 223), PY=2024 (col 10, row 223)
2026-06-09 15:36:23,647 [INFO] src.core.excel_parser: Date headers found: CY=2025 (col 9, row 258), PY=2024 (col 10, row 258)
2026-06-09 15:36:23,656 [INFO] src.core.excel_parser: Date headers found: CY=2025 (col 9, row 277), PY=2024 (col 10, row 277)
2026-06-09 15:36:23,670 [INFO] src.core.excel_parser: Date headers found: CY=2025 (col 9, row 316), PY=2024 (col 10, row 316)
2026-06-09 15:36:23,674 [INFO] src.core.excel_parser: Parsed notes from 4 sheets
2026-06-09 15:36:23,684 [INFO] src.core.excel_parser: Found non-zero value for 'trade receivables' on row 'Trade receivables': CY=17750000.00, PY=14300000.00
2026-06-09 15:36:23,685 [INFO] src.core.excel_parser: BS Summary: total_ca=258300405, total_cl=256966044, debtors=17750000, equity=17122765
2026-06-09 15:36:23,685 [WARNING] src.core.excel_parser: Keyword 'revenue from operations' matched row 'Revenue from operations' but value is ZERO — may be a heading row; scanning further
2026-06-09 15:36:23,686 [INFO] src.core.excel_parser: Found non-zero value for 'software services' on row '- Software services': CY=87540000.00, PY=72480000.00
2026-06-09 15:36:23,686 [INFO] src.core.excel_parser: Found non-zero value for 'total income' on row 'Total income': CY=26887946.00, PY=50946209.00
2026-06-09 15:36:23,686 [INFO] src.core.excel_parser: PBT found: row='Profit / (Loss) before exceptional and extraordinary items and tax', CY=-2956284.00, PY=19400000.00
2026-06-09 15:36:23,686 [WARNING] src.core.excel_parser: PAT: Could not find Profit After Tax row — falling back to PBT (-2956284.00). Net Profit Ratio may be slightly overstated (ignores tax).
2026-06-09 15:36:23,686 [INFO] src.core.excel_parser: Found non-zero value for 'finance charge' on row 'Finance charges': CY=3120000.00, PY=2840000.00
2026-06-09 15:36:23,686 [INFO] src.core.excel_parser: PL Summary: revenue_ops=87540000, pbt=-2956284, pat=-2956284, finance_cost=3120000
2026-06-09 15:36:23,686 [INFO] src.core.cpp_bridge: Ratio inputs — revenue_ops: CY=87540000 PY=72480000 | pat: CY=-2956284 PY=19400000 | debtors: CY=17750000 PY=14300000 (avg_cy=16025000) | total_ca: CY=258300405 PY=248841999 | total_cl: CY=256966044 PY=9579438
2026-06-09 15:36:23,687 [INFO] src.core.cpp_bridge: RATIO 'Debt Equity Ratio': CY=14.6329, PY=3.6661, Change=299.14%
2026-06-09 15:36:23,687 [INFO] src.core.cpp_bridge: RATIO 'Current Ratio': CY=1.0052, PY=25.9767, Change=-96.13%
2026-06-09 15:36:23,687 [INFO] src.core.cpp_bridge: RATIO 'GCA Days': CY=3506.3909, PY=1782.8084, Change=96.68%
2026-06-09 15:36:23,687 [INFO] src.core.cpp_bridge: RATIO 'Total Outside Liab. vs Total Equity': CY=15.0787, PY=3.7817, Change=298.73%
2026-06-09 15:36:23,687 [INFO] src.core.cpp_bridge: RATIO 'Net Profit Ratio': CY=-3.3771, PY=26.7660, Change=-112.62%
2026-06-09 15:36:23,688 [INFO] src.core.cpp_bridge: RATIO 'Return on Equity (ROE)': CY=-7.0978, PY=29.3147, Change=-124.21%
2026-06-09 15:36:23,688 [INFO] src.core.cpp_bridge: RATIO 'Return on Capital Employed (ROCE)': CY=0.0612, PY=7.2022, Change=-99.15%
2026-06-09 15:36:23,688 [INFO] src.core.cpp_bridge: RATIO 'Debtor Turnover Ratio': CY=5.4627, PY=5.0685, Change=7.78%
2026-06-09 15:36:23,692 [INFO] src.core.validation: VALIDATION PASS — ✓ Balance Sheet identity: Assets=275,311,308 ≈ Equity+Liabilities=275,311,308 (diff=0, within tolerance 275,311)
2026-06-09 15:36:23,693 [INFO] src.core.validation: VALIDATION PASS — ✓ Revenue from Operations > 0: Revenue = 87,540,000
2026-06-09 15:36:23,693 [INFO] src.core.validation: VALIDATION PASS — ✓ Average Trade Receivables > 0: CY=17,750,000, PY=14,300,000, Avg=16,025,000
2026-06-09 15:36:23,693 [INFO] src.core.validation: VALIDATION PASS — ✓ Ratio 'Current Ratio': CY=1.0052 (non-zero)
2026-06-09 15:36:23,693 [INFO] src.core.validation: VALIDATION PASS — ✓ Ratio 'Net Profit Ratio': CY=-3.3771 (non-zero)
2026-06-09 15:36:23,694 [INFO] src.core.validation: VALIDATION PASS — ✓ Ratio 'Return on Equity (ROE)': CY=-7.0978 (non-zero)
2026-06-09 15:36:23,694 [INFO] src.core.validation: VALIDATION PASS — ✓ Ratio 'Return on Capital Employed (ROCE)': CY=0.0612 (non-zero)
2026-06-09 15:36:23,694 [INFO] src.core.validation: VALIDATION PASS — ✓ Ratio 'Debtor Turnover Ratio': CY=5.4627 (non-zero)
2026-06-09 15:36:23,694 [INFO] src.core.validation: VALIDATION PASS — ✓ P&L mapping: Revenue from Operations: = 87,540,000
2026-06-09 15:36:23,695 [INFO] src.core.validation: VALIDATION PASS — ✓ P&L mapping: Profit Before Tax: = -2,956,284
2026-06-09 15:36:23,695 [INFO] src.core.validation: VALIDATION PASS — ✓ P&L mapping: Profit After Tax: = -2,956,284
2026-06-09 15:36:23,695 [INFO] src.core.validation: VALIDATION PASS — ✓ BS mapping: Total Current Assets: = 258,300,405
2026-06-09 15:36:23,696 [INFO] src.core.validation: VALIDATION PASS — ✓ BS mapping: Total Current Liabilities: = 256,966,044
2026-06-09 15:36:23,696 [INFO] src.core.validation: VALIDATION PASS — ✓ BS mapping: Total Equity: = 17,122,765
2026-06-09 15:36:23,697 [INFO] src.core.validation: VALIDATION PASS — ✓ BS mapping: Trade Receivables: = 17,750,000
2026-06-09 15:36:23,697 [INFO] src.core.validation: VALIDATION PASS — ✓ BS row count: 54 rows parsed
2026-06-09 15:36:23,697 [INFO] src.core.validation: VALIDATION PASS — ✓ P&L row count: 33 rows parsed
2026-06-09 15:36:23,697 [INFO] src.core.validation: Validation complete: 17 passed, 0 warnings, 0 failed, 0 auto-corrected
2026-06-09 15:36:23,698 [INFO] src.core.validation: ============================================================
FAR VALIDATION REPORT
============================================================

PASSED CHECKS:
  ✓ Balance Sheet identity: Assets=275,311,308 ≈ Equity+Liabilities=275,311,308 (diff=0, within tolerance 275,311)
  ✓ Revenue from Operations > 0: Revenue = 87,540,000
  ✓ Average Trade Receivables > 0: CY=17,750,000, PY=14,300,000, Avg=16,025,000
  ✓ Ratio 'Current Ratio': CY=1.0052 (non-zero)
  ✓ Ratio 'Net Profit Ratio': CY=-3.3771 (non-zero)
  ✓ Ratio 'Return on Equity (ROE)': CY=-7.0978 (non-zero)
  ✓ Ratio 'Return on Capital Employed (ROCE)': CY=0.0612 (non-zero)
  ✓ Ratio 'Debtor Turnover Ratio': CY=5.4627 (non-zero)
  ✓ P&L mapping: Revenue from Operations: = 87,540,000
  ✓ P&L mapping: Profit Before Tax: = -2,956,284
  ✓ P&L mapping: Profit After Tax: = -2,956,284
  ✓ BS mapping: Total Current Assets: = 258,300,405
  ✓ BS mapping: Total Current Liabilities: = 256,966,044
  ✓ BS mapping: Total Equity: = 17,122,765
  ✓ BS mapping: Trade Receivables: = 17,750,000
  ✓ BS row count: 54 rows parsed
  ✓ P&L row count: 33 rows parsed
============================================================
2026-06-09 15:36:24,319 [INFO] matplotlib.category: Using categorical units to plot a list of strings that are all parsable as floats or dates. If these strings should be plotted as numbers, cast to the appropriate data type before plotting.
2026-06-09 15:36:24,321 [INFO] matplotlib.category: Using categorical units to plot a list of strings that are all parsable as floats or dates. If these strings should be plotted as numbers, cast to the appropriate data type before plotting.
2026-06-09 15:36:24,321 [INFO] matplotlib.category: Using categorical units to plot a list of strings that are all parsable as floats or dates. If these strings should be plotted as numbers, cast to the appropriate data type before plotting.
2026-06-09 15:36:24,346 [INFO] matplotlib.category: Using categorical units to plot a list of strings that are all parsable as floats or dates. If these strings should be plotted as numbers, cast to the appropriate data type before plotting.
2026-06-09 15:36:24,346 [INFO] matplotlib.category: Using categorical units to plot a list of strings that are all parsable as floats or dates. If these strings should be plotted as numbers, cast to the appropriate data type before plotting.
2026-06-09 15:36:24,347 [INFO] matplotlib.category: Using categorical units to plot a list of strings that are all parsable as floats or dates. If these strings should be plotted as numbers, cast to the appropriate data type before plotting.
2026-06-09 15:36:24,348 [INFO] matplotlib.category: Using categorical units to plot a list of strings that are all parsable as floats or dates. If these strings should be plotted as numbers, cast to the appropriate data type before plotting.
2026-06-09 15:36:24,349 [INFO] matplotlib.category: Using categorical units to plot a list of strings that are all parsable as floats or dates. If these strings should be plotted as numbers, cast to the appropriate data type before plotting.
2026-06-09 15:36:24,350 [INFO] matplotlib.category: Using categorical units to plot a list of strings that are all parsable as floats or dates. If these strings should be plotted as numbers, cast to the appropriate data type before plotting.
2026-06-09 15:36:24,384 [INFO] matplotlib.category: Using categorical units to plot a list of strings that are all parsable as floats or dates. If these strings should be plotted as numbers, cast to the appropriate data type before plotting.
2026-06-09 15:36:24,385 [INFO] matplotlib.category: Using categorical units to plot a list of strings that are all parsable as floats or dates. If these strings should be plotted as numbers, cast to the appropriate data type before plotting.
2026-06-09 15:36:24,386 [INFO] matplotlib.category: Using categorical units to plot a list of strings that are all parsable as floats or dates. If these strings should be plotted as numbers, cast to the appropriate data type before plotting.
2026-06-09 15:36:24,386 [INFO] matplotlib.category: Using categorical units to plot a list of strings that are all parsable as floats or dates. If these strings should be plotted as numbers, cast to the appropriate data type before plotting.
2026-06-09 15:36:24,619 [INFO] src.gui.main_window: FAR generated: BS=54 rows, PL=33 rows, Ratios=8
2026-06-09 15:36:40,867 [INFO] matplotlib.category: Using categorical units to plot a list of strings that are all parsable as floats or dates. If these strings should be plotted as numbers, cast to the appropriate data type before plotting.
2026-06-09 15:36:40,869 [INFO] matplotlib.category: Using categorical units to plot a list of strings that are all parsable as floats or dates. If these strings should be plotted as numbers, cast to the appropriate data type before plotting.
2026-06-09 15:36:40,870 [INFO] matplotlib.category: Using categorical units to plot a list of strings that are all parsable as floats or dates. If these strings should be plotted as numbers, cast to the appropriate data type before plotting.
2026-06-09 15:36:40,902 [INFO] matplotlib.category: Using categorical units to plot a list of strings that are all parsable as floats or dates. If these strings should be plotted as numbers, cast to the appropriate data type before plotting.
2026-06-09 15:36:40,902 [INFO] matplotlib.category: Using categorical units to plot a list of strings that are all parsable as floats or dates. If these strings should be plotted as numbers, cast to the appropriate data type before plotting.
2026-06-09 15:36:40,903 [INFO] matplotlib.category: Using categorical units to plot a list of strings that are all parsable as floats or dates. If these strings should be plotted as numbers, cast to the appropriate data type before plotting.
2026-06-09 15:36:40,905 [INFO] matplotlib.category: Using categorical units to plot a list of strings that are all parsable as floats or dates. If these strings should be plotted as numbers, cast to the appropriate data type before plotting.
2026-06-09 15:36:40,905 [INFO] matplotlib.category: Using categorical units to plot a list of strings that are all parsable as floats or dates. If these strings should be plotted as numbers, cast to the appropriate data type before plotting.
2026-06-09 15:36:40,906 [INFO] matplotlib.category: Using categorical units to plot a list of strings that are all parsable as floats or dates. If these strings should be plotted as numbers, cast to the appropriate data type before plotting.
2026-06-09 15:36:40,938 [INFO] matplotlib.category: Using categorical units to plot a list of strings that are all parsable as floats or dates. If these strings should be plotted as numbers, cast to the appropriate data type before plotting.
2026-06-09 15:36:40,939 [INFO] matplotlib.category: Using categorical units to plot a list of strings that are all parsable as floats or dates. If these strings should be plotted as numbers, cast to the appropriate data type before plotting.
2026-06-09 15:36:40,940 [INFO] matplotlib.category: Using categorical units to plot a list of strings that are all parsable as floats or dates. If these strings should be plotted as numbers, cast to the appropriate data type before plotting.
2026-06-09 15:36:40,941 [INFO] matplotlib.category: Using categorical units to plot a list of strings that are all parsable as floats or dates. If these strings should be plotted as numbers, cast to the appropriate data type before plotting.
2026-06-09 15:36:40,959 [INFO] matplotlib.category: Using categorical units to plot a list of strings that are all parsable as floats or dates. If these strings should be plotted as numbers, cast to the appropriate data type before plotting.
2026-06-09 15:36:40,960 [INFO] matplotlib.category: Using categorical units to plot a list of strings that are all parsable as floats or dates. If these strings should be plotted as numbers, cast to the appropriate data type before plotting.
2026-06-09 15:36:40,960 [INFO] matplotlib.category: Using categorical units to plot a list of strings that are all parsable as floats or dates. If these strings should be plotted as numbers, cast to the appropriate data type before plotting.
2026-06-09 15:36:40,961 [INFO] matplotlib.category: Using categorical units to plot a list of strings that are all parsable as floats or dates. If these strings should be plotted as numbers, cast to the appropriate data type before plotting.
2026-06-09 15:36:40,962 [INFO] matplotlib.category: Using categorical units to plot a list of strings that are all parsable as floats or dates. If these strings should be plotted as numbers, cast to the appropriate data type before plotting.
2026-06-09 15:36:40,962 [INFO] matplotlib.category: Using categorical units to plot a list of strings that are all parsable as floats or dates. If these strings should be plotted as numbers, cast to the appropriate data type before plotting.
2026-06-09 15:36:41,001 [INFO] matplotlib.category: Using categorical units to plot a list of strings that are all parsable as floats or dates. If these strings should be plotted as numbers, cast to the appropriate data type before plotting.
2026-06-09 15:36:41,002 [INFO] matplotlib.category: Using categorical units to plot a list of strings that are all parsable as floats or dates. If these strings should be plotted as numbers, cast to the appropriate data type before plotting.
2026-06-09 15:36:41,005 [INFO] matplotlib.category: Using categorical units to plot a list of strings that are all parsable as floats or dates. If these strings should be plotted as numbers, cast to the appropriate data type before plotting.
2026-06-09 15:36:41,005 [INFO] matplotlib.category: Using categorical units to plot a list of strings that are all parsable as floats or dates. If these strings should be plotted as numbers, cast to the appropriate data type before plotting.
2026-06-09 15:36:42,191 [INFO] src.core.excel_export: FAR workbook saved to C:/Users/shuhb/Downloads/1212312FAR_2020-21.xlsx
2026-06-09 15:46:07,232 [INFO] __main__: Application exiting with code 0
2026-06-09 15:46:12,297 [INFO] __main__: ============================================================
2026-06-09 15:46:12,299 [INFO] __main__: FAR Automation Tool started at 2026-06-09T15:46:12.299911
2026-06-09 15:46:12,304 [INFO] __main__: Python 3.10.11 (tags/v3.10.11:7d4cc5a, Apr  5 2023, 00:38:17) [MSC v.1929 64 bit (AMD64)]
2026-06-09 15:46:12,304 [INFO] __main__: Project root: E:\GT WORK @\GT Work\far-automation
2026-06-09 15:46:12,469 [INFO] __main__: Stylesheet loaded
2026-06-09 15:46:14,166 [INFO] __main__: Main window shown
2026-06-09 15:46:30,406 [INFO] src.gui.input_form: Auto-filled client name from workbook: TechVenture Solutions Private Limited
2026-06-09 15:46:44,795 [INFO] src.core.cpp_bridge: C++ DLL not found at E:\GT WORK @\GT Work\far-automation\cpp_engine\build\far_engine.dll — using Python fallback
2026-06-09 15:46:45,399 [INFO] src.core.excel_parser: Client name extracted from row 1: TechVenture Solutions Private Limited
2026-06-09 15:46:45,400 [INFO] src.core.excel_parser: Date headers found: CY=2025 (col 7, row 7), PY=2024 (col 9, row 7)
2026-06-09 15:46:45,401 [INFO] src.core.excel_parser: Parsed BS: 54 rows, CY=2025, PY=2024
2026-06-09 15:46:46,037 [INFO] src.core.excel_parser: Client name extracted from row 1: TechVenture Solutions Private Limited
2026-06-09 15:46:46,038 [INFO] src.core.excel_parser: Date headers found: CY=2025 (col 5, row 7), PY=2024 (col 7, row 7)
2026-06-09 15:46:46,039 [INFO] src.core.excel_parser: Parsed PL: 33 rows, CY=2025, PY=2024
2026-06-09 15:46:46,656 [WARNING] src.core.excel_parser: Could not find two date header columns, found: [(14, 2, 2023)]
2026-06-09 15:46:46,657 [INFO] src.core.excel_parser: Note 3: Found 'Total' column at col 8 for Asset note
2026-06-09 15:46:46,660 [WARNING] src.core.excel_parser: No single row had at least two date headers.
2026-06-09 15:46:46,660 [INFO] src.core.excel_parser: Note 3A: Found 'Total' column at col 10 for Asset note
2026-06-09 15:46:46,663 [INFO] src.core.excel_parser: Date headers found: CY=2025 (col 9, row 83), PY=2024 (col 10, row 83)
2026-06-09 15:46:46,666 [INFO] src.core.excel_parser: Date headers found: CY=2025 (col 10, row 8), PY=2024 (col 11, row 8)
2026-06-09 15:46:46,669 [INFO] src.core.excel_parser: Date headers found: CY=2025 (col 10, row 39), PY=2024 (col 11, row 39)
2026-06-09 15:46:46,673 [INFO] src.core.excel_parser: Date headers found: CY=2025 (col 10, row 61), PY=2024 (col 11, row 61)
2026-06-09 15:46:46,680 [INFO] src.core.excel_parser: Date headers found: CY=2025 (col 8, row 72), PY=2024 (col 10, row 72)
2026-06-09 15:46:46,687 [INFO] src.core.excel_parser: Date headers found: CY=2025 (col 10, row 82), PY=2024 (col 11, row 82)
2026-06-09 15:46:46,696 [INFO] src.core.excel_parser: Date headers found: CY=2025 (col 10, row 126), PY=2024 (col 11, row 126)
2026-06-09 15:46:46,700 [INFO] src.core.excel_parser: Date headers found: CY=2025 (col 10, row 139), PY=2024 (col 11, row 139)
2026-06-09 15:46:46,704 [INFO] src.core.excel_parser: Date headers found: CY=2025 (col 10, row 148), PY=2024 (col 11, row 148)
2026-06-09 15:46:46,713 [INFO] src.core.excel_parser: Date headers found: CY=2025 (col 10, row 161), PY=2024 (col 11, row 161)
2026-06-09 15:46:46,722 [INFO] src.core.excel_parser: Date headers found: CY=2025 (col 10, row 195), PY=2024 (col 11, row 195)
2026-06-09 15:46:46,731 [INFO] src.core.excel_parser: Date headers found: CY=2025 (col 10, row 10), PY=2024 (col 11, row 10)
2026-06-09 15:46:46,738 [WARNING] src.core.excel_parser: Could not find two date header columns, found: [(81, 10, 2018)]
2026-06-09 15:46:46,739 [INFO] src.core.excel_parser: Note 11: Could not find date columns — falling back to columns 3 and 4
2026-06-09 15:46:46,750 [INFO] src.core.excel_parser: Date headers found: CY=2025 (col 10, row 135), PY=2024 (col 11, row 135)
2026-06-09 15:46:46,768 [WARNING] src.core.excel_parser: Could not find two date header columns, found: [(158, 2, 2023)]
2026-06-09 15:46:46,773 [INFO] src.core.excel_parser: Note 12: Could not find date columns — falling back to columns 3 and 4
2026-06-09 15:46:46,781 [INFO] src.core.excel_parser: Date headers found: CY=2025 (col 10, row 213), PY=2024 (col 11, row 213)
2026-06-09 15:46:46,789 [INFO] src.core.excel_parser: Date headers found: CY=2025 (col 10, row 233), PY=2024 (col 11, row 233)
2026-06-09 15:46:46,800 [INFO] src.core.excel_parser: Date headers found: CY=2025 (col 10, row 263), PY=2024 (col 11, row 263)
2026-06-09 15:46:46,809 [INFO] src.core.excel_parser: Date headers found: CY=2025 (col 10, row 275), PY=2024 (col 11, row 275)
2026-06-09 15:46:46,818 [INFO] src.core.excel_parser: Date headers found: CY=2025 (col 10, row 293), PY=2024 (col 11, row 293)
2026-06-09 15:46:46,831 [INFO] src.core.excel_parser: Date headers found: CY=2025 (col 10, row 338), PY=2024 (col 11, row 338)
2026-06-09 15:46:46,841 [INFO] src.core.excel_parser: Date headers found: CY=2025 (col 10, row 356), PY=2024 (col 11, row 356)
2026-06-09 15:46:46,851 [INFO] src.core.excel_parser: Date headers found: CY=2025 (col 10, row 368), PY=2024 (col 11, row 368)
2026-06-09 15:46:46,862 [INFO] src.core.excel_parser: Date headers found: CY=2025 (col 9, row 9), PY=2024 (col 10, row 9)
2026-06-09 15:46:46,869 [INFO] src.core.excel_parser: Date headers found: CY=2025 (col 9, row 19), PY=2024 (col 10, row 19)
2026-06-09 15:46:46,890 [INFO] src.core.excel_parser: Date headers found: CY=2025 (col 9, row 38), PY=2024 (col 10, row 38)
2026-06-09 15:46:46,899 [WARNING] src.core.excel_parser: Could not find two date header columns, found: [(53, 10, 2025)]
2026-06-09 15:46:46,899 [INFO] src.core.excel_parser: Note 21: Could not find date columns — falling back to columns 3 and 4
2026-06-09 15:46:46,907 [INFO] src.core.excel_parser: Date headers found: CY=2025 (col 9, row 68), PY=2024 (col 10, row 68)
2026-06-09 15:46:46,914 [INFO] src.core.excel_parser: Date headers found: CY=2025 (col 9, row 80), PY=2024 (col 10, row 80)
2026-06-09 15:46:46,924 [INFO] src.core.excel_parser: Date headers found: CY=2025 (col 9, row 122), PY=2024 (col 10, row 122)
2026-06-09 15:46:46,933 [INFO] src.core.excel_parser: Date headers found: CY=2025 (col 9, row 137), PY=2024 (col 10, row 137)
2026-06-09 15:46:46,946 [INFO] src.core.excel_parser: Date headers found: CY=2025 (col 9, row 165), PY=2024 (col 10, row 165)
2026-06-09 15:46:46,954 [INFO] src.core.excel_parser: Date headers found: CY=2025 (col 9, row 195), PY=2024 (col 10, row 195)
2026-06-09 15:46:46,965 [INFO] src.core.excel_parser: Date headers found: CY=2025 (col 9, row 223), PY=2024 (col 10, row 223)
2026-06-09 15:46:46,977 [INFO] src.core.excel_parser: Date headers found: CY=2025 (col 9, row 258), PY=2024 (col 10, row 258)
2026-06-09 15:46:46,987 [INFO] src.core.excel_parser: Date headers found: CY=2025 (col 9, row 277), PY=2024 (col 10, row 277)
2026-06-09 15:46:46,999 [INFO] src.core.excel_parser: Date headers found: CY=2025 (col 9, row 316), PY=2024 (col 10, row 316)
2026-06-09 15:46:47,003 [INFO] src.core.excel_parser: Parsed notes from 4 sheets
2026-06-09 15:46:47,013 [INFO] src.core.excel_parser: Found non-zero value for 'trade receivables' on row 'Trade receivables': CY=177.50, PY=143.00
2026-06-09 15:46:47,013 [INFO] src.core.excel_parser: BS Summary: total_ca=2583, total_cl=2570, debtors=178, equity=171
2026-06-09 15:46:47,014 [WARNING] src.core.excel_parser: Keyword 'revenue from operations' matched row 'Revenue from operations' but value is ZERO — may be a heading row; scanning further
2026-06-09 15:46:47,014 [INFO] src.core.excel_parser: Found non-zero value for 'software services' on row '- Software services': CY=875.40, PY=724.80
2026-06-09 15:46:47,014 [INFO] src.core.excel_parser: Found non-zero value for 'total income' on row 'Total income': CY=268.88, PY=509.46
2026-06-09 15:46:47,015 [INFO] src.core.excel_parser: PBT found: row='Profit / (Loss) before exceptional and extraordinary items and tax', CY=-29.56, PY=194.00
2026-06-09 15:46:47,016 [WARNING] src.core.excel_parser: PAT: Could not find Profit After Tax row — falling back to PBT (-29.56). Net Profit Ratio may be slightly overstated (ignores tax).
2026-06-09 15:46:47,016 [INFO] src.core.excel_parser: Found non-zero value for 'finance charge' on row 'Finance charges': CY=31.20, PY=28.40
2026-06-09 15:46:47,016 [INFO] src.core.excel_parser: PL Summary: revenue_ops=875, pbt=-30, pat=-30, finance_cost=31
2026-06-09 15:46:47,016 [INFO] src.core.cpp_bridge: Ratio inputs — revenue_ops: CY=875 PY=725 | pat: CY=-30 PY=194 | debtors: CY=178 PY=143 (avg_cy=160) | total_ca: CY=2583 PY=2488 | total_cl: CY=2570 PY=96
2026-06-09 15:46:47,017 [INFO] src.core.cpp_bridge: RATIO 'Debt Equity Ratio': CY=14.6327, PY=3.6661, Change=299.14%
2026-06-09 15:46:47,017 [INFO] src.core.cpp_bridge: RATIO 'Current Ratio': CY=1.0052, PY=25.9779, Change=-96.13%
2026-06-09 15:46:47,017 [INFO] src.core.cpp_bridge: RATIO 'GCA Days': CY=3506.3783, PY=1782.8157, Change=96.68%
2026-06-09 15:46:47,017 [INFO] src.core.cpp_bridge: RATIO 'Total Outside Liab. vs Total Equity': CY=15.0784, PY=3.7817, Change=298.72%
2026-06-09 15:46:47,018 [INFO] src.core.cpp_bridge: RATIO 'Net Profit Ratio': CY=-3.3767, PY=26.7660, Change=-112.62%
2026-06-09 15:46:47,018 [INFO] src.core.cpp_bridge: RATIO 'Return on Equity (ROE)': CY=-7.0972, PY=29.3149, Change=-124.21%
2026-06-09 15:46:47,018 [INFO] src.core.cpp_bridge: RATIO 'Return on Capital Employed (ROCE)': CY=0.0613, PY=7.2022, Change=-99.15%
2026-06-09 15:46:47,018 [INFO] src.core.cpp_bridge: RATIO 'Debtor Turnover Ratio': CY=5.4627, PY=5.0685, Change=7.78%
2026-06-09 15:46:47,022 [INFO] src.core.validation: VALIDATION PASS — ✓ Balance Sheet identity: Assets=2,753 ≈ Equity+Liabilities=2,753 (diff=0, within tolerance 3)
2026-06-09 15:46:47,022 [INFO] src.core.validation: VALIDATION PASS — ✓ Revenue from Operations > 0: Revenue = 875
2026-06-09 15:46:47,022 [INFO] src.core.validation: VALIDATION PASS — ✓ Average Trade Receivables > 0: CY=178, PY=143, Avg=160
2026-06-09 15:46:47,022 [INFO] src.core.validation: VALIDATION PASS — ✓ Ratio 'Current Ratio': CY=1.0052 (non-zero)
2026-06-09 15:46:47,023 [INFO] src.core.validation: VALIDATION PASS — ✓ Ratio 'Net Profit Ratio': CY=-3.3767 (non-zero)
2026-06-09 15:46:47,023 [INFO] src.core.validation: VALIDATION PASS — ✓ Ratio 'Return on Equity (ROE)': CY=-7.0972 (non-zero)
2026-06-09 15:46:47,023 [INFO] src.core.validation: VALIDATION PASS — ✓ Ratio 'Return on Capital Employed (ROCE)': CY=0.0613 (non-zero)
2026-06-09 15:46:47,023 [INFO] src.core.validation: VALIDATION PASS — ✓ Ratio 'Debtor Turnover Ratio': CY=5.4627 (non-zero)
2026-06-09 15:46:47,023 [INFO] src.core.validation: VALIDATION PASS — ✓ P&L mapping: Revenue from Operations: = 875
2026-06-09 15:46:47,024 [INFO] src.core.validation: VALIDATION PASS — ✓ P&L mapping: Profit Before Tax: = -30
2026-06-09 15:46:47,024 [INFO] src.core.validation: VALIDATION PASS — ✓ P&L mapping: Profit After Tax: = -30
2026-06-09 15:46:47,024 [INFO] src.core.validation: VALIDATION PASS — ✓ BS mapping: Total Current Assets: = 2,583
2026-06-09 15:46:47,024 [INFO] src.core.validation: VALIDATION PASS — ✓ BS mapping: Total Current Liabilities: = 2,570
2026-06-09 15:46:47,024 [INFO] src.core.validation: VALIDATION PASS — ✓ BS mapping: Total Equity: = 171
2026-06-09 15:46:47,024 [INFO] src.core.validation: VALIDATION PASS — ✓ BS mapping: Trade Receivables: = 178
2026-06-09 15:46:47,024 [INFO] src.core.validation: VALIDATION PASS — ✓ BS row count: 54 rows parsed
2026-06-09 15:46:47,024 [INFO] src.core.validation: VALIDATION PASS — ✓ P&L row count: 33 rows parsed
2026-06-09 15:46:47,024 [INFO] src.core.validation: Validation complete: 17 passed, 0 warnings, 0 failed, 0 auto-corrected
2026-06-09 15:46:47,024 [INFO] src.core.validation: ============================================================
FAR VALIDATION REPORT
============================================================

PASSED CHECKS:
  ✓ Balance Sheet identity: Assets=2,753 ≈ Equity+Liabilities=2,753 (diff=0, within tolerance 3)
  ✓ Revenue from Operations > 0: Revenue = 875
  ✓ Average Trade Receivables > 0: CY=178, PY=143, Avg=160
  ✓ Ratio 'Current Ratio': CY=1.0052 (non-zero)
  ✓ Ratio 'Net Profit Ratio': CY=-3.3767 (non-zero)
  ✓ Ratio 'Return on Equity (ROE)': CY=-7.0972 (non-zero)
  ✓ Ratio 'Return on Capital Employed (ROCE)': CY=0.0613 (non-zero)
  ✓ Ratio 'Debtor Turnover Ratio': CY=5.4627 (non-zero)
  ✓ P&L mapping: Revenue from Operations: = 875
  ✓ P&L mapping: Profit Before Tax: = -30
  ✓ P&L mapping: Profit After Tax: = -30
  ✓ BS mapping: Total Current Assets: = 2,583
  ✓ BS mapping: Total Current Liabilities: = 2,570
  ✓ BS mapping: Total Equity: = 171
  ✓ BS mapping: Trade Receivables: = 178
  ✓ BS row count: 54 rows parsed
  ✓ P&L row count: 33 rows parsed
============================================================
2026-06-09 15:46:47,754 [INFO] matplotlib.category: Using categorical units to plot a list of strings that are all parsable as floats or dates. If these strings should be plotted as numbers, cast to the appropriate data type before plotting.
2026-06-09 15:46:47,755 [INFO] matplotlib.category: Using categorical units to plot a list of strings that are all parsable as floats or dates. If these strings should be plotted as numbers, cast to the appropriate data type before plotting.
2026-06-09 15:46:47,756 [INFO] matplotlib.category: Using categorical units to plot a list of strings that are all parsable as floats or dates. If these strings should be plotted as numbers, cast to the appropriate data type before plotting.
2026-06-09 15:46:47,775 [INFO] matplotlib.category: Using categorical units to plot a list of strings that are all parsable as floats or dates. If these strings should be plotted as numbers, cast to the appropriate data type before plotting.
2026-06-09 15:46:47,776 [INFO] matplotlib.category: Using categorical units to plot a list of strings that are all parsable as floats or dates. If these strings should be plotted as numbers, cast to the appropriate data type before plotting.
2026-06-09 15:46:47,777 [INFO] matplotlib.category: Using categorical units to plot a list of strings that are all parsable as floats or dates. If these strings should be plotted as numbers, cast to the appropriate data type before plotting.
2026-06-09 15:46:47,778 [INFO] matplotlib.category: Using categorical units to plot a list of strings that are all parsable as floats or dates. If these strings should be plotted as numbers, cast to the appropriate data type before plotting.
2026-06-09 15:46:47,778 [INFO] matplotlib.category: Using categorical units to plot a list of strings that are all parsable as floats or dates. If these strings should be plotted as numbers, cast to the appropriate data type before plotting.
2026-06-09 15:46:47,779 [INFO] matplotlib.category: Using categorical units to plot a list of strings that are all parsable as floats or dates. If these strings should be plotted as numbers, cast to the appropriate data type before plotting.
2026-06-09 15:46:47,809 [INFO] matplotlib.category: Using categorical units to plot a list of strings that are all parsable as floats or dates. If these strings should be plotted as numbers, cast to the appropriate data type before plotting.
2026-06-09 15:46:47,811 [INFO] matplotlib.category: Using categorical units to plot a list of strings that are all parsable as floats or dates. If these strings should be plotted as numbers, cast to the appropriate data type before plotting.
2026-06-09 15:46:47,813 [INFO] matplotlib.category: Using categorical units to plot a list of strings that are all parsable as floats or dates. If these strings should be plotted as numbers, cast to the appropriate data type before plotting.
2026-06-09 15:46:47,814 [INFO] matplotlib.category: Using categorical units to plot a list of strings that are all parsable as floats or dates. If these strings should be plotted as numbers, cast to the appropriate data type before plotting.
2026-06-09 15:46:48,062 [INFO] src.gui.main_window: FAR generated: BS=54 rows, PL=33 rows, Ratios=8
2026-06-09 15:47:38,542 [INFO] src.core.excel_parser: Client name extracted from row 1: TechVenture Solutions Private Limited
2026-06-09 15:47:38,542 [INFO] src.core.excel_parser: Date headers found: CY=2025 (col 7, row 7), PY=2024 (col 9, row 7)
2026-06-09 15:47:38,543 [INFO] src.core.excel_parser: Parsed BS: 54 rows, CY=2025, PY=2024
2026-06-09 15:47:39,234 [INFO] src.core.excel_parser: Client name extracted from row 1: TechVenture Solutions Private Limited
2026-06-09 15:47:39,236 [INFO] src.core.excel_parser: Date headers found: CY=2025 (col 5, row 7), PY=2024 (col 7, row 7)
2026-06-09 15:47:39,236 [INFO] src.core.excel_parser: Parsed PL: 33 rows, CY=2025, PY=2024
2026-06-09 15:47:39,917 [WARNING] src.core.excel_parser: Could not find two date header columns, found: [(14, 2, 2023)]
2026-06-09 15:47:39,918 [INFO] src.core.excel_parser: Note 3: Found 'Total' column at col 8 for Asset note
2026-06-09 15:47:39,920 [WARNING] src.core.excel_parser: No single row had at least two date headers.
2026-06-09 15:47:39,921 [INFO] src.core.excel_parser: Note 3A: Found 'Total' column at col 10 for Asset note
2026-06-09 15:47:39,922 [INFO] src.core.excel_parser: Date headers found: CY=2025 (col 9, row 83), PY=2024 (col 10, row 83)
2026-06-09 15:47:39,926 [INFO] src.core.excel_parser: Date headers found: CY=2025 (col 10, row 8), PY=2024 (col 11, row 8)
2026-06-09 15:47:39,931 [INFO] src.core.excel_parser: Date headers found: CY=2025 (col 10, row 39), PY=2024 (col 11, row 39)
2026-06-09 15:47:39,935 [INFO] src.core.excel_parser: Date headers found: CY=2025 (col 10, row 61), PY=2024 (col 11, row 61)
2026-06-09 15:47:39,940 [INFO] src.core.excel_parser: Date headers found: CY=2025 (col 8, row 72), PY=2024 (col 10, row 72)
2026-06-09 15:47:39,947 [INFO] src.core.excel_parser: Date headers found: CY=2025 (col 10, row 82), PY=2024 (col 11, row 82)
2026-06-09 15:47:39,956 [INFO] src.core.excel_parser: Date headers found: CY=2025 (col 10, row 126), PY=2024 (col 11, row 126)
2026-06-09 15:47:39,960 [INFO] src.core.excel_parser: Date headers found: CY=2025 (col 10, row 139), PY=2024 (col 11, row 139)
2026-06-09 15:47:39,965 [INFO] src.core.excel_parser: Date headers found: CY=2025 (col 10, row 148), PY=2024 (col 11, row 148)
2026-06-09 15:47:39,970 [INFO] src.core.excel_parser: Date headers found: CY=2025 (col 10, row 161), PY=2024 (col 11, row 161)
2026-06-09 15:47:39,976 [INFO] src.core.excel_parser: Date headers found: CY=2025 (col 10, row 195), PY=2024 (col 11, row 195)
2026-06-09 15:47:39,982 [INFO] src.core.excel_parser: Date headers found: CY=2025 (col 10, row 10), PY=2024 (col 11, row 10)
2026-06-09 15:47:39,987 [WARNING] src.core.excel_parser: Could not find two date header columns, found: [(81, 10, 2018)]
2026-06-09 15:47:39,987 [INFO] src.core.excel_parser: Note 11: Could not find date columns — falling back to columns 3 and 4
2026-06-09 15:47:39,995 [INFO] src.core.excel_parser: Date headers found: CY=2025 (col 10, row 135), PY=2024 (col 11, row 135)
2026-06-09 15:47:40,002 [WARNING] src.core.excel_parser: Could not find two date header columns, found: [(158, 2, 2023)]
2026-06-09 15:47:40,002 [INFO] src.core.excel_parser: Note 12: Could not find date columns — falling back to columns 3 and 4
2026-06-09 15:47:40,009 [INFO] src.core.excel_parser: Date headers found: CY=2025 (col 10, row 213), PY=2024 (col 11, row 213)
2026-06-09 15:47:40,016 [INFO] src.core.excel_parser: Date headers found: CY=2025 (col 10, row 233), PY=2024 (col 11, row 233)
2026-06-09 15:47:40,023 [INFO] src.core.excel_parser: Date headers found: CY=2025 (col 10, row 263), PY=2024 (col 11, row 263)
2026-06-09 15:47:40,029 [INFO] src.core.excel_parser: Date headers found: CY=2025 (col 10, row 275), PY=2024 (col 11, row 275)
2026-06-09 15:47:40,035 [INFO] src.core.excel_parser: Date headers found: CY=2025 (col 10, row 293), PY=2024 (col 11, row 293)
2026-06-09 15:47:40,043 [INFO] src.core.excel_parser: Date headers found: CY=2025 (col 10, row 338), PY=2024 (col 11, row 338)
2026-06-09 15:47:40,049 [INFO] src.core.excel_parser: Date headers found: CY=2025 (col 10, row 356), PY=2024 (col 11, row 356)
2026-06-09 15:47:40,055 [INFO] src.core.excel_parser: Date headers found: CY=2025 (col 10, row 368), PY=2024 (col 11, row 368)
2026-06-09 15:47:40,064 [INFO] src.core.excel_parser: Date headers found: CY=2025 (col 9, row 9), PY=2024 (col 10, row 9)
2026-06-09 15:47:40,071 [INFO] src.core.excel_parser: Date headers found: CY=2025 (col 9, row 19), PY=2024 (col 10, row 19)
2026-06-09 15:47:40,079 [INFO] src.core.excel_parser: Date headers found: CY=2025 (col 9, row 38), PY=2024 (col 10, row 38)
2026-06-09 15:47:40,091 [WARNING] src.core.excel_parser: Could not find two date header columns, found: [(53, 10, 2025)]
2026-06-09 15:47:40,091 [INFO] src.core.excel_parser: Note 21: Could not find date columns — falling back to columns 3 and 4
2026-06-09 15:47:40,103 [INFO] src.core.excel_parser: Date headers found: CY=2025 (col 9, row 68), PY=2024 (col 10, row 68)
2026-06-09 15:47:40,113 [INFO] src.core.excel_parser: Date headers found: CY=2025 (col 9, row 80), PY=2024 (col 10, row 80)
2026-06-09 15:47:40,124 [INFO] src.core.excel_parser: Date headers found: CY=2025 (col 9, row 122), PY=2024 (col 10, row 122)
2026-06-09 15:47:40,134 [INFO] src.core.excel_parser: Date headers found: CY=2025 (col 9, row 137), PY=2024 (col 10, row 137)
2026-06-09 15:47:40,145 [INFO] src.core.excel_parser: Date headers found: CY=2025 (col 9, row 165), PY=2024 (col 10, row 165)
2026-06-09 15:47:40,156 [INFO] src.core.excel_parser: Date headers found: CY=2025 (col 9, row 195), PY=2024 (col 10, row 195)
2026-06-09 15:47:40,166 [INFO] src.core.excel_parser: Date headers found: CY=2025 (col 9, row 223), PY=2024 (col 10, row 223)
2026-06-09 15:47:40,176 [INFO] src.core.excel_parser: Date headers found: CY=2025 (col 9, row 258), PY=2024 (col 10, row 258)
2026-06-09 15:47:40,185 [INFO] src.core.excel_parser: Date headers found: CY=2025 (col 9, row 277), PY=2024 (col 10, row 277)
2026-06-09 15:47:40,199 [INFO] src.core.excel_parser: Date headers found: CY=2025 (col 9, row 316), PY=2024 (col 10, row 316)
2026-06-09 15:47:40,204 [INFO] src.core.excel_parser: Parsed notes from 4 sheets
2026-06-09 15:47:40,208 [INFO] src.core.excel_parser: Found non-zero value for 'trade receivables' on row 'Trade receivables': CY=17750000.00, PY=14300000.00
2026-06-09 15:47:40,208 [INFO] src.core.excel_parser: BS Summary: total_ca=258300405, total_cl=256966044, debtors=17750000, equity=17122765
2026-06-09 15:47:40,208 [WARNING] src.core.excel_parser: Keyword 'revenue from operations' matched row 'Revenue from operations' but value is ZERO — may be a heading row; scanning further
2026-06-09 15:47:40,209 [INFO] src.core.excel_parser: Found non-zero value for 'software services' on row '- Software services': CY=87540000.00, PY=72480000.00
2026-06-09 15:47:40,209 [INFO] src.core.excel_parser: Found non-zero value for 'total income' on row 'Total income': CY=26887946.00, PY=50946209.00
2026-06-09 15:47:40,209 [INFO] src.core.excel_parser: PBT found: row='Profit / (Loss) before exceptional and extraordinary items and tax', CY=-2956284.00, PY=19400000.00
2026-06-09 15:47:40,210 [WARNING] src.core.excel_parser: PAT: Could not find Profit After Tax row — falling back to PBT (-2956284.00). Net Profit Ratio may be slightly overstated (ignores tax).
2026-06-09 15:47:40,210 [INFO] src.core.excel_parser: Found non-zero value for 'finance charge' on row 'Finance charges': CY=3120000.00, PY=2840000.00
2026-06-09 15:47:40,211 [INFO] src.core.excel_parser: PL Summary: revenue_ops=87540000, pbt=-2956284, pat=-2956284, finance_cost=3120000
2026-06-09 15:47:40,211 [INFO] src.core.cpp_bridge: Ratio inputs — revenue_ops: CY=87540000 PY=72480000 | pat: CY=-2956284 PY=19400000 | debtors: CY=17750000 PY=14300000 (avg_cy=16025000) | total_ca: CY=258300405 PY=248841999 | total_cl: CY=256966044 PY=9579438
2026-06-09 15:47:40,211 [INFO] src.core.cpp_bridge: RATIO 'Debt Equity Ratio': CY=14.6329, PY=3.6661, Change=299.14%
2026-06-09 15:47:40,211 [INFO] src.core.cpp_bridge: RATIO 'Current Ratio': CY=1.0052, PY=25.9767, Change=-96.13%
2026-06-09 15:47:40,211 [INFO] src.core.cpp_bridge: RATIO 'GCA Days': CY=3506.3909, PY=1782.8084, Change=96.68%
2026-06-09 15:47:40,212 [INFO] src.core.cpp_bridge: RATIO 'Total Outside Liab. vs Total Equity': CY=15.0787, PY=3.7817, Change=298.73%
2026-06-09 15:47:40,212 [INFO] src.core.cpp_bridge: RATIO 'Net Profit Ratio': CY=-3.3771, PY=26.7660, Change=-112.62%
2026-06-09 15:47:40,212 [INFO] src.core.cpp_bridge: RATIO 'Return on Equity (ROE)': CY=-7.0978, PY=29.3147, Change=-124.21%
2026-06-09 15:47:40,212 [INFO] src.core.cpp_bridge: RATIO 'Return on Capital Employed (ROCE)': CY=0.0612, PY=7.2022, Change=-99.15%
2026-06-09 15:47:40,213 [INFO] src.core.cpp_bridge: RATIO 'Debtor Turnover Ratio': CY=5.4627, PY=5.0685, Change=7.78%
2026-06-09 15:47:40,214 [INFO] src.core.validation: VALIDATION PASS — ✓ Balance Sheet identity: Assets=275,311,308 ≈ Equity+Liabilities=275,311,308 (diff=0, within tolerance 275,311)
2026-06-09 15:47:40,215 [INFO] src.core.validation: VALIDATION PASS — ✓ Revenue from Operations > 0: Revenue = 87,540,000
2026-06-09 15:47:40,215 [INFO] src.core.validation: VALIDATION PASS — ✓ Average Trade Receivables > 0: CY=17,750,000, PY=14,300,000, Avg=16,025,000
2026-06-09 15:47:40,215 [INFO] src.core.validation: VALIDATION PASS — ✓ Ratio 'Current Ratio': CY=1.0052 (non-zero)
2026-06-09 15:47:40,215 [INFO] src.core.validation: VALIDATION PASS — ✓ Ratio 'Net Profit Ratio': CY=-3.3771 (non-zero)
2026-06-09 15:47:40,216 [INFO] src.core.validation: VALIDATION PASS — ✓ Ratio 'Return on Equity (ROE)': CY=-7.0978 (non-zero)
2026-06-09 15:47:40,216 [INFO] src.core.validation: VALIDATION PASS — ✓ Ratio 'Return on Capital Employed (ROCE)': CY=0.0612 (non-zero)
2026-06-09 15:47:40,216 [INFO] src.core.validation: VALIDATION PASS — ✓ Ratio 'Debtor Turnover Ratio': CY=5.4627 (non-zero)
2026-06-09 15:47:40,216 [INFO] src.core.validation: VALIDATION PASS — ✓ P&L mapping: Revenue from Operations: = 87,540,000
2026-06-09 15:47:40,217 [INFO] src.core.validation: VALIDATION PASS — ✓ P&L mapping: Profit Before Tax: = -2,956,284
2026-06-09 15:47:40,217 [INFO] src.core.validation: VALIDATION PASS — ✓ P&L mapping: Profit After Tax: = -2,956,284
2026-06-09 15:47:40,217 [INFO] src.core.validation: VALIDATION PASS — ✓ BS mapping: Total Current Assets: = 258,300,405
2026-06-09 15:47:40,217 [INFO] src.core.validation: VALIDATION PASS — ✓ BS mapping: Total Current Liabilities: = 256,966,044
2026-06-09 15:47:40,217 [INFO] src.core.validation: VALIDATION PASS — ✓ BS mapping: Total Equity: = 17,122,765
2026-06-09 15:47:40,218 [INFO] src.core.validation: VALIDATION PASS — ✓ BS mapping: Trade Receivables: = 17,750,000
2026-06-09 15:47:40,218 [INFO] src.core.validation: VALIDATION PASS — ✓ BS row count: 54 rows parsed
2026-06-09 15:47:40,218 [INFO] src.core.validation: VALIDATION PASS — ✓ P&L row count: 33 rows parsed
2026-06-09 15:47:40,218 [INFO] src.core.validation: Validation complete: 17 passed, 0 warnings, 0 failed, 0 auto-corrected
2026-06-09 15:47:40,218 [INFO] src.core.validation: ============================================================
FAR VALIDATION REPORT
============================================================

PASSED CHECKS:
  ✓ Balance Sheet identity: Assets=275,311,308 ≈ Equity+Liabilities=275,311,308 (diff=0, within tolerance 275,311)
  ✓ Revenue from Operations > 0: Revenue = 87,540,000
  ✓ Average Trade Receivables > 0: CY=17,750,000, PY=14,300,000, Avg=16,025,000
  ✓ Ratio 'Current Ratio': CY=1.0052 (non-zero)
  ✓ Ratio 'Net Profit Ratio': CY=-3.3771 (non-zero)
  ✓ Ratio 'Return on Equity (ROE)': CY=-7.0978 (non-zero)
  ✓ Ratio 'Return on Capital Employed (ROCE)': CY=0.0612 (non-zero)
  ✓ Ratio 'Debtor Turnover Ratio': CY=5.4627 (non-zero)
  ✓ P&L mapping: Revenue from Operations: = 87,540,000
  ✓ P&L mapping: Profit Before Tax: = -2,956,284
  ✓ P&L mapping: Profit After Tax: = -2,956,284
  ✓ BS mapping: Total Current Assets: = 258,300,405
  ✓ BS mapping: Total Current Liabilities: = 256,966,044
  ✓ BS mapping: Total Equity: = 17,122,765
  ✓ BS mapping: Trade Receivables: = 17,750,000
  ✓ BS row count: 54 rows parsed
  ✓ P&L row count: 33 rows parsed
============================================================
2026-06-09 15:47:40,871 [INFO] matplotlib.category: Using categorical units to plot a list of strings that are all parsable as floats or dates. If these strings should be plotted as numbers, cast to the appropriate data type before plotting.
2026-06-09 15:47:40,873 [INFO] matplotlib.category: Using categorical units to plot a list of strings that are all parsable as floats or dates. If these strings should be plotted as numbers, cast to the appropriate data type before plotting.
2026-06-09 15:47:40,873 [INFO] matplotlib.category: Using categorical units to plot a list of strings that are all parsable as floats or dates. If these strings should be plotted as numbers, cast to the appropriate data type before plotting.
2026-06-09 15:47:40,898 [INFO] matplotlib.category: Using categorical units to plot a list of strings that are all parsable as floats or dates. If these strings should be plotted as numbers, cast to the appropriate data type before plotting.
2026-06-09 15:47:40,900 [INFO] matplotlib.category: Using categorical units to plot a list of strings that are all parsable as floats or dates. If these strings should be plotted as numbers, cast to the appropriate data type before plotting.
2026-06-09 15:47:40,901 [INFO] matplotlib.category: Using categorical units to plot a list of strings that are all parsable as floats or dates. If these strings should be plotted as numbers, cast to the appropriate data type before plotting.
2026-06-09 15:47:40,902 [INFO] matplotlib.category: Using categorical units to plot a list of strings that are all parsable as floats or dates. If these strings should be plotted as numbers, cast to the appropriate data type before plotting.
2026-06-09 15:47:40,903 [INFO] matplotlib.category: Using categorical units to plot a list of strings that are all parsable as floats or dates. If these strings should be plotted as numbers, cast to the appropriate data type before plotting.
2026-06-09 15:47:40,903 [INFO] matplotlib.category: Using categorical units to plot a list of strings that are all parsable as floats or dates. If these strings should be plotted as numbers, cast to the appropriate data type before plotting.
2026-06-09 15:47:40,937 [INFO] matplotlib.category: Using categorical units to plot a list of strings that are all parsable as floats or dates. If these strings should be plotted as numbers, cast to the appropriate data type before plotting.
2026-06-09 15:47:40,937 [INFO] matplotlib.category: Using categorical units to plot a list of strings that are all parsable as floats or dates. If these strings should be plotted as numbers, cast to the appropriate data type before plotting.
2026-06-09 15:47:40,939 [INFO] matplotlib.category: Using categorical units to plot a list of strings that are all parsable as floats or dates. If these strings should be plotted as numbers, cast to the appropriate data type before plotting.
2026-06-09 15:47:40,940 [INFO] matplotlib.category: Using categorical units to plot a list of strings that are all parsable as floats or dates. If these strings should be plotted as numbers, cast to the appropriate data type before plotting.
2026-06-09 15:47:41,195 [INFO] src.gui.main_window: FAR generated: BS=54 rows, PL=33 rows, Ratios=8
2026-06-09 16:10:49,296 [INFO] __main__: Application exiting with code 0
2026-06-09 16:10:52,260 [INFO] __main__: ============================================================
2026-06-09 16:10:52,262 [INFO] __main__: FAR Automation Tool started at 2026-06-09T16:10:52.262772
2026-06-09 16:10:52,267 [INFO] __main__: Python 3.10.11 (tags/v3.10.11:7d4cc5a, Apr  5 2023, 00:38:17) [MSC v.1929 64 bit (AMD64)]
2026-06-09 16:10:52,267 [INFO] __main__: Project root: E:\GT WORK @\GT Work\far-automation
2026-06-09 16:10:52,445 [INFO] __main__: Stylesheet loaded
2026-06-09 16:10:54,029 [INFO] __main__: Main window shown
2026-06-09 16:11:07,349 [INFO] src.gui.input_form: Auto-filled client name from workbook: TechVenture Solutions Private Limited
2026-06-09 16:11:22,652 [INFO] src.core.cpp_bridge: C++ DLL not found at E:\GT WORK @\GT Work\far-automation\cpp_engine\build\far_engine.dll — using Python fallback
2026-06-09 16:11:23,287 [INFO] src.core.excel_parser: Client name extracted from row 1: TechVenture Solutions Private Limited
2026-06-09 16:11:23,288 [INFO] src.core.excel_parser: Date headers found: CY=2025 (col 7, row 7), PY=2024 (col 9, row 7)
2026-06-09 16:11:23,289 [INFO] src.core.excel_parser: Parsed BS: 54 rows, CY=2025, PY=2024
2026-06-09 16:11:23,865 [INFO] src.core.excel_parser: Client name extracted from row 1: TechVenture Solutions Private Limited
2026-06-09 16:11:23,866 [INFO] src.core.excel_parser: Date headers found: CY=2025 (col 5, row 7), PY=2024 (col 7, row 7)
2026-06-09 16:11:23,867 [INFO] src.core.excel_parser: Parsed PL: 33 rows, CY=2025, PY=2024
2026-06-09 16:11:24,453 [WARNING] src.core.excel_parser: Could not find two date header columns, found: [(14, 2, 2023)]
2026-06-09 16:11:24,453 [INFO] src.core.excel_parser: Note 3: Found 'Total' column at col 8 for Asset note
2026-06-09 16:11:24,456 [WARNING] src.core.excel_parser: No single row had at least two date headers.
2026-06-09 16:11:24,456 [INFO] src.core.excel_parser: Note 3A: Found 'Total' column at col 10 for Asset note
2026-06-09 16:11:24,458 [INFO] src.core.excel_parser: Date headers found: CY=2025 (col 9, row 83), PY=2024 (col 10, row 83)
2026-06-09 16:11:24,461 [INFO] src.core.excel_parser: Date headers found: CY=2025 (col 10, row 8), PY=2024 (col 11, row 8)
2026-06-09 16:11:24,465 [INFO] src.core.excel_parser: Date headers found: CY=2025 (col 10, row 39), PY=2024 (col 11, row 39)
2026-06-09 16:11:24,470 [INFO] src.core.excel_parser: Date headers found: CY=2025 (col 10, row 61), PY=2024 (col 11, row 61)
2026-06-09 16:11:24,475 [INFO] src.core.excel_parser: Date headers found: CY=2025 (col 8, row 72), PY=2024 (col 10, row 72)
2026-06-09 16:11:24,480 [INFO] src.core.excel_parser: Date headers found: CY=2025 (col 10, row 82), PY=2024 (col 11, row 82)
2026-06-09 16:11:24,486 [INFO] src.core.excel_parser: Date headers found: CY=2025 (col 10, row 126), PY=2024 (col 11, row 126)
2026-06-09 16:11:24,492 [INFO] src.core.excel_parser: Date headers found: CY=2025 (col 10, row 139), PY=2024 (col 11, row 139)
2026-06-09 16:11:24,516 [INFO] src.core.excel_parser: Date headers found: CY=2025 (col 10, row 148), PY=2024 (col 11, row 148)
2026-06-09 16:11:24,541 [INFO] src.core.excel_parser: Date headers found: CY=2025 (col 10, row 161), PY=2024 (col 11, row 161)
2026-06-09 16:11:24,551 [INFO] src.core.excel_parser: Date headers found: CY=2025 (col 10, row 195), PY=2024 (col 11, row 195)
2026-06-09 16:11:24,566 [INFO] src.core.excel_parser: Date headers found: CY=2025 (col 10, row 10), PY=2024 (col 11, row 10)
2026-06-09 16:11:24,575 [WARNING] src.core.excel_parser: Could not find two date header columns, found: [(81, 10, 2018)]
2026-06-09 16:11:24,576 [INFO] src.core.excel_parser: Note 11: Could not find date columns — falling back to columns 3 and 4
2026-06-09 16:11:24,586 [INFO] src.core.excel_parser: Date headers found: CY=2025 (col 10, row 135), PY=2024 (col 11, row 135)
2026-06-09 16:11:24,595 [WARNING] src.core.excel_parser: Could not find two date header columns, found: [(158, 2, 2023)]
2026-06-09 16:11:24,596 [INFO] src.core.excel_parser: Note 12: Could not find date columns — falling back to columns 3 and 4
2026-06-09 16:11:24,604 [INFO] src.core.excel_parser: Date headers found: CY=2025 (col 10, row 213), PY=2024 (col 11, row 213)
2026-06-09 16:11:24,611 [INFO] src.core.excel_parser: Date headers found: CY=2025 (col 10, row 233), PY=2024 (col 11, row 233)
2026-06-09 16:11:24,617 [INFO] src.core.excel_parser: Date headers found: CY=2025 (col 10, row 263), PY=2024 (col 11, row 263)
2026-06-09 16:11:24,622 [INFO] src.core.excel_parser: Date headers found: CY=2025 (col 10, row 275), PY=2024 (col 11, row 275)
2026-06-09 16:11:24,629 [INFO] src.core.excel_parser: Date headers found: CY=2025 (col 10, row 293), PY=2024 (col 11, row 293)
2026-06-09 16:11:24,641 [INFO] src.core.excel_parser: Date headers found: CY=2025 (col 10, row 338), PY=2024 (col 11, row 338)
2026-06-09 16:11:24,649 [INFO] src.core.excel_parser: Date headers found: CY=2025 (col 10, row 356), PY=2024 (col 11, row 356)
2026-06-09 16:11:24,655 [INFO] src.core.excel_parser: Date headers found: CY=2025 (col 10, row 368), PY=2024 (col 11, row 368)
2026-06-09 16:11:24,663 [INFO] src.core.excel_parser: Date headers found: CY=2025 (col 9, row 9), PY=2024 (col 10, row 9)
2026-06-09 16:11:24,671 [INFO] src.core.excel_parser: Date headers found: CY=2025 (col 9, row 19), PY=2024 (col 10, row 19)
2026-06-09 16:11:24,679 [INFO] src.core.excel_parser: Date headers found: CY=2025 (col 9, row 38), PY=2024 (col 10, row 38)
2026-06-09 16:11:24,690 [WARNING] src.core.excel_parser: Could not find two date header columns, found: [(53, 10, 2025)]
2026-06-09 16:11:24,690 [INFO] src.core.excel_parser: Note 21: Could not find date columns — falling back to columns 3 and 4
2026-06-09 16:11:24,699 [INFO] src.core.excel_parser: Date headers found: CY=2025 (col 9, row 68), PY=2024 (col 10, row 68)
2026-06-09 16:11:24,708 [INFO] src.core.excel_parser: Date headers found: CY=2025 (col 9, row 80), PY=2024 (col 10, row 80)
2026-06-09 16:11:24,720 [INFO] src.core.excel_parser: Date headers found: CY=2025 (col 9, row 122), PY=2024 (col 10, row 122)
2026-06-09 16:11:24,727 [INFO] src.core.excel_parser: Date headers found: CY=2025 (col 9, row 137), PY=2024 (col 10, row 137)
2026-06-09 16:11:24,739 [INFO] src.core.excel_parser: Date headers found: CY=2025 (col 9, row 165), PY=2024 (col 10, row 165)
2026-06-09 16:11:24,750 [INFO] src.core.excel_parser: Date headers found: CY=2025 (col 9, row 195), PY=2024 (col 10, row 195)
2026-06-09 16:11:24,759 [INFO] src.core.excel_parser: Date headers found: CY=2025 (col 9, row 223), PY=2024 (col 10, row 223)
2026-06-09 16:11:24,771 [INFO] src.core.excel_parser: Date headers found: CY=2025 (col 9, row 258), PY=2024 (col 10, row 258)
2026-06-09 16:11:24,784 [INFO] src.core.excel_parser: Date headers found: CY=2025 (col 9, row 277), PY=2024 (col 10, row 277)
2026-06-09 16:11:24,797 [INFO] src.core.excel_parser: Date headers found: CY=2025 (col 9, row 316), PY=2024 (col 10, row 316)
2026-06-09 16:11:24,801 [INFO] src.core.excel_parser: Parsed notes from 4 sheets
2026-06-09 16:11:24,812 [INFO] src.core.excel_parser: Found non-zero value for 'trade receivables' on row 'Trade receivables': CY=17750000.00, PY=14300000.00
2026-06-09 16:11:24,813 [INFO] src.core.excel_parser: BS Summary: total_ca=258300405, total_cl=256966044, debtors=17750000, equity=17122765
2026-06-09 16:11:24,813 [WARNING] src.core.excel_parser: Keyword 'revenue from operations' matched row 'Revenue from operations' but value is ZERO — may be a heading row; scanning further
2026-06-09 16:11:24,813 [INFO] src.core.excel_parser: Found non-zero value for 'software services' on row '- Software services': CY=87540000.00, PY=72480000.00
2026-06-09 16:11:24,813 [INFO] src.core.excel_parser: Found non-zero value for 'total income' on row 'Total income': CY=26887946.00, PY=50946209.00
2026-06-09 16:11:24,814 [INFO] src.core.excel_parser: PBT found: row='Profit / (Loss) before exceptional and extraordinary items and tax', CY=-2956284.00, PY=19400000.00
2026-06-09 16:11:24,814 [WARNING] src.core.excel_parser: PAT: Could not find Profit After Tax row — falling back to PBT (-2956284.00). Net Profit Ratio may be slightly overstated (ignores tax).
2026-06-09 16:11:24,814 [INFO] src.core.excel_parser: Found non-zero value for 'finance charge' on row 'Finance charges': CY=3120000.00, PY=2840000.00
2026-06-09 16:11:24,815 [INFO] src.core.excel_parser: PL Summary: revenue_ops=87540000, pbt=-2956284, pat=-2956284, finance_cost=3120000
2026-06-09 16:11:24,815 [INFO] src.core.cpp_bridge: Ratio inputs — revenue_ops: CY=87540000 PY=72480000 | pat: CY=-2956284 PY=19400000 | debtors: CY=17750000 PY=14300000 (avg_cy=16025000) | total_ca: CY=258300405 PY=248841999 | total_cl: CY=256966044 PY=9579438
2026-06-09 16:11:24,815 [INFO] src.core.cpp_bridge: RATIO 'Debt Equity Ratio': CY=14.6329, PY=3.6661, Change=299.14%
2026-06-09 16:11:24,815 [INFO] src.core.cpp_bridge: RATIO 'Current Ratio': CY=1.0052, PY=25.9767, Change=-96.13%
2026-06-09 16:11:24,815 [INFO] src.core.cpp_bridge: RATIO 'GCA Days': CY=3506.3909, PY=1782.8084, Change=96.68%
2026-06-09 16:11:24,816 [INFO] src.core.cpp_bridge: RATIO 'Total Outside Liab. vs Total Equity': CY=15.0787, PY=3.7817, Change=298.73%
2026-06-09 16:11:24,816 [INFO] src.core.cpp_bridge: RATIO 'Net Profit Ratio': CY=-3.3771, PY=26.7660, Change=-112.62%
2026-06-09 16:11:24,816 [INFO] src.core.cpp_bridge: RATIO 'Return on Equity (ROE)': CY=-7.0978, PY=29.3147, Change=-124.21%
2026-06-09 16:11:24,816 [INFO] src.core.cpp_bridge: RATIO 'Return on Capital Employed (ROCE)': CY=0.0612, PY=7.2022, Change=-99.15%
2026-06-09 16:11:24,816 [INFO] src.core.cpp_bridge: RATIO 'Debtor Turnover Ratio': CY=5.4627, PY=5.0685, Change=7.78%
2026-06-09 16:11:24,821 [INFO] src.core.validation: VALIDATION PASS — ✓ Balance Sheet identity: Assets=275,311,308 ≈ Equity+Liabilities=275,311,308 (diff=0, within tolerance 275,311)
2026-06-09 16:11:24,821 [INFO] src.core.validation: VALIDATION PASS — ✓ Revenue from Operations > 0: Revenue = 87,540,000
2026-06-09 16:11:24,821 [INFO] src.core.validation: VALIDATION PASS — ✓ Average Trade Receivables > 0: CY=17,750,000, PY=14,300,000, Avg=16,025,000
2026-06-09 16:11:24,822 [INFO] src.core.validation: VALIDATION PASS — ✓ Ratio 'Current Ratio': CY=1.0052 (non-zero)
2026-06-09 16:11:24,822 [INFO] src.core.validation: VALIDATION PASS — ✓ Ratio 'Net Profit Ratio': CY=-3.3771 (non-zero)
2026-06-09 16:11:24,822 [INFO] src.core.validation: VALIDATION PASS — ✓ Ratio 'Return on Equity (ROE)': CY=-7.0978 (non-zero)
2026-06-09 16:11:24,823 [INFO] src.core.validation: VALIDATION PASS — ✓ Ratio 'Return on Capital Employed (ROCE)': CY=0.0612 (non-zero)
2026-06-09 16:11:24,823 [INFO] src.core.validation: VALIDATION PASS — ✓ Ratio 'Debtor Turnover Ratio': CY=5.4627 (non-zero)
2026-06-09 16:11:24,823 [INFO] src.core.validation: VALIDATION PASS — ✓ P&L mapping: Revenue from Operations: = 87,540,000
2026-06-09 16:11:24,823 [INFO] src.core.validation: VALIDATION PASS — ✓ P&L mapping: Profit Before Tax: = -2,956,284
2026-06-09 16:11:24,824 [INFO] src.core.validation: VALIDATION PASS — ✓ P&L mapping: Profit After Tax: = -2,956,284
2026-06-09 16:11:24,824 [INFO] src.core.validation: VALIDATION PASS — ✓ BS mapping: Total Current Assets: = 258,300,405
2026-06-09 16:11:24,824 [INFO] src.core.validation: VALIDATION PASS — ✓ BS mapping: Total Current Liabilities: = 256,966,044
2026-06-09 16:11:24,824 [INFO] src.core.validation: VALIDATION PASS — ✓ BS mapping: Total Equity: = 17,122,765
2026-06-09 16:11:24,824 [INFO] src.core.validation: VALIDATION PASS — ✓ BS mapping: Trade Receivables: = 17,750,000
2026-06-09 16:11:24,825 [INFO] src.core.validation: VALIDATION PASS — ✓ BS row count: 54 rows parsed
2026-06-09 16:11:24,825 [INFO] src.core.validation: VALIDATION PASS — ✓ P&L row count: 33 rows parsed
2026-06-09 16:11:24,825 [INFO] src.core.validation: Validation complete: 17 passed, 0 warnings, 0 failed, 0 auto-corrected
2026-06-09 16:11:24,825 [INFO] src.core.validation: ============================================================
FAR VALIDATION REPORT
============================================================

PASSED CHECKS:
  ✓ Balance Sheet identity: Assets=275,311,308 ≈ Equity+Liabilities=275,311,308 (diff=0, within tolerance 275,311)
  ✓ Revenue from Operations > 0: Revenue = 87,540,000
  ✓ Average Trade Receivables > 0: CY=17,750,000, PY=14,300,000, Avg=16,025,000
  ✓ Ratio 'Current Ratio': CY=1.0052 (non-zero)
  ✓ Ratio 'Net Profit Ratio': CY=-3.3771 (non-zero)
  ✓ Ratio 'Return on Equity (ROE)': CY=-7.0978 (non-zero)
  ✓ Ratio 'Return on Capital Employed (ROCE)': CY=0.0612 (non-zero)
  ✓ Ratio 'Debtor Turnover Ratio': CY=5.4627 (non-zero)
  ✓ P&L mapping: Revenue from Operations: = 87,540,000
  ✓ P&L mapping: Profit Before Tax: = -2,956,284
  ✓ P&L mapping: Profit After Tax: = -2,956,284
  ✓ BS mapping: Total Current Assets: = 258,300,405
  ✓ BS mapping: Total Current Liabilities: = 256,966,044
  ✓ BS mapping: Total Equity: = 17,122,765
  ✓ BS mapping: Trade Receivables: = 17,750,000
  ✓ BS row count: 54 rows parsed
  ✓ P&L row count: 33 rows parsed
============================================================
2026-06-09 16:11:25,532 [INFO] matplotlib.category: Using categorical units to plot a list of strings that are all parsable as floats or dates. If these strings should be plotted as numbers, cast to the appropriate data type before plotting.
2026-06-09 16:11:25,533 [INFO] matplotlib.category: Using categorical units to plot a list of strings that are all parsable as floats or dates. If these strings should be plotted as numbers, cast to the appropriate data type before plotting.
2026-06-09 16:11:25,534 [INFO] matplotlib.category: Using categorical units to plot a list of strings that are all parsable as floats or dates. If these strings should be plotted as numbers, cast to the appropriate data type before plotting.
2026-06-09 16:11:25,556 [INFO] matplotlib.category: Using categorical units to plot a list of strings that are all parsable as floats or dates. If these strings should be plotted as numbers, cast to the appropriate data type before plotting.
2026-06-09 16:11:25,557 [INFO] matplotlib.category: Using categorical units to plot a list of strings that are all parsable as floats or dates. If these strings should be plotted as numbers, cast to the appropriate data type before plotting.
2026-06-09 16:11:25,557 [INFO] matplotlib.category: Using categorical units to plot a list of strings that are all parsable as floats or dates. If these strings should be plotted as numbers, cast to the appropriate data type before plotting.
2026-06-09 16:11:25,559 [INFO] matplotlib.category: Using categorical units to plot a list of strings that are all parsable as floats or dates. If these strings should be plotted as numbers, cast to the appropriate data type before plotting.
2026-06-09 16:11:25,559 [INFO] matplotlib.category: Using categorical units to plot a list of strings that are all parsable as floats or dates. If these strings should be plotted as numbers, cast to the appropriate data type before plotting.
2026-06-09 16:11:25,560 [INFO] matplotlib.category: Using categorical units to plot a list of strings that are all parsable as floats or dates. If these strings should be plotted as numbers, cast to the appropriate data type before plotting.
2026-06-09 16:11:25,580 [INFO] matplotlib.category: Using categorical units to plot a list of strings that are all parsable as floats or dates. If these strings should be plotted as numbers, cast to the appropriate data type before plotting.
2026-06-09 16:11:25,584 [INFO] matplotlib.category: Using categorical units to plot a list of strings that are all parsable as floats or dates. If these strings should be plotted as numbers, cast to the appropriate data type before plotting.
2026-06-09 16:11:25,593 [INFO] matplotlib.category: Using categorical units to plot a list of strings that are all parsable as floats or dates. If these strings should be plotted as numbers, cast to the appropriate data type before plotting.
2026-06-09 16:11:25,594 [INFO] matplotlib.category: Using categorical units to plot a list of strings that are all parsable as floats or dates. If these strings should be plotted as numbers, cast to the appropriate data type before plotting.
2026-06-09 16:11:25,833 [INFO] src.gui.main_window: FAR generated: BS=54 rows, PL=33 rows, Ratios=8
2026-06-09 16:45:40,017 [INFO] __main__: ============================================================
2026-06-09 16:45:40,106 [INFO] __main__: FAR Automation Tool started at 2026-06-09T16:45:40.106416
2026-06-09 16:45:40,107 [INFO] __main__: Python 3.10.11 (tags/v3.10.11:7d4cc5a, Apr  5 2023, 00:38:17) [MSC v.1929 64 bit (AMD64)]
2026-06-09 16:45:40,107 [INFO] __main__: Project root: E:\GT WORK @\GT Work\far-automation
2026-06-09 16:45:40,283 [INFO] __main__: Stylesheet loaded
2026-06-09 16:45:42,078 [INFO] __main__: Main window shown
2026-06-09 16:46:08,141 [INFO] src.gui.input_form: Auto-filled client name from workbook: TechVenture Solutions Private Limited
2026-06-09 16:51:06,365 [INFO] src.core.excel_parser: Client name extracted from row 1: TechVenture Solutions Private Limited
2026-06-09 16:51:06,458 [INFO] src.core.excel_parser: Date headers found: CY=2025 (col 7, row 7), PY=2024 (col 9, row 7)
2026-06-09 16:51:43,479 [INFO] src.core.cpp_bridge: C++ DLL not found at E:\GT WORK @\GT Work\far-automation\cpp_engine\build\far_engine.dll — using Python fallback
2026-06-09 16:51:44,164 [INFO] src.core.excel_parser: Client name extracted from row 1: TechVenture Solutions Private Limited
2026-06-09 16:51:44,165 [INFO] src.core.excel_parser: Date headers found: CY=2025 (col 7, row 7), PY=2024 (col 9, row 7)
2026-06-09 16:51:44,166 [INFO] src.core.excel_parser: Parsed BS: 54 rows, CY=2025, PY=2024
2026-06-09 16:51:44,863 [INFO] src.core.excel_parser: Client name extracted from row 1: TechVenture Solutions Private Limited
2026-06-09 16:51:44,865 [INFO] src.core.excel_parser: Date headers found: CY=2025 (col 5, row 7), PY=2024 (col 7, row 7)
2026-06-09 16:51:44,867 [INFO] src.core.excel_parser: Parsed PL: 33 rows, CY=2025, PY=2024
2026-06-09 16:51:45,490 [WARNING] src.core.excel_parser: Could not find two date header columns, found: [(14, 2, 2023)]
2026-06-09 16:51:45,491 [INFO] src.core.excel_parser: Note 3: Found 'Total' column at col 8 for Asset note
2026-06-09 16:51:45,495 [WARNING] src.core.excel_parser: No single row had at least two date headers.
2026-06-09 16:51:45,496 [INFO] src.core.excel_parser: Note 3A: Found 'Total' column at col 10 for Asset note
2026-06-09 16:51:45,499 [INFO] src.core.excel_parser: Date headers found: CY=2025 (col 9, row 83), PY=2024 (col 10, row 83)
2026-06-09 16:51:45,502 [INFO] src.core.excel_parser: Date headers found: CY=2025 (col 10, row 8), PY=2024 (col 11, row 8)
2026-06-09 16:51:45,506 [INFO] src.core.excel_parser: Date headers found: CY=2025 (col 10, row 39), PY=2024 (col 11, row 39)
2026-06-09 16:51:45,509 [INFO] src.core.excel_parser: Date headers found: CY=2025 (col 10, row 61), PY=2024 (col 11, row 61)
2026-06-09 16:51:45,512 [INFO] src.core.excel_parser: Date headers found: CY=2025 (col 8, row 72), PY=2024 (col 10, row 72)
2026-06-09 16:51:45,515 [INFO] src.core.excel_parser: Date headers found: CY=2025 (col 10, row 82), PY=2024 (col 11, row 82)
2026-06-09 16:51:45,521 [INFO] src.core.excel_parser: Date headers found: CY=2025 (col 10, row 126), PY=2024 (col 11, row 126)
2026-06-09 16:51:45,526 [INFO] src.core.excel_parser: Date headers found: CY=2025 (col 10, row 139), PY=2024 (col 11, row 139)
2026-06-09 16:51:45,529 [INFO] src.core.excel_parser: Date headers found: CY=2025 (col 10, row 148), PY=2024 (col 11, row 148)
2026-06-09 16:51:45,534 [INFO] src.core.excel_parser: Date headers found: CY=2025 (col 10, row 161), PY=2024 (col 11, row 161)
2026-06-09 16:51:45,539 [INFO] src.core.excel_parser: Date headers found: CY=2025 (col 10, row 195), PY=2024 (col 11, row 195)
2026-06-09 16:51:45,544 [INFO] src.core.excel_parser: Date headers found: CY=2025 (col 10, row 10), PY=2024 (col 11, row 10)
2026-06-09 16:51:45,549 [WARNING] src.core.excel_parser: Could not find two date header columns, found: [(81, 10, 2018)]
2026-06-09 16:51:45,549 [INFO] src.core.excel_parser: Note 11: Could not find date columns — falling back to columns 3 and 4
2026-06-09 16:51:45,554 [INFO] src.core.excel_parser: Date headers found: CY=2025 (col 10, row 135), PY=2024 (col 11, row 135)
2026-06-09 16:51:45,558 [WARNING] src.core.excel_parser: Could not find two date header columns, found: [(158, 2, 2023)]
2026-06-09 16:51:45,558 [INFO] src.core.excel_parser: Note 12: Could not find date columns — falling back to columns 3 and 4
2026-06-09 16:51:45,563 [INFO] src.core.excel_parser: Date headers found: CY=2025 (col 10, row 213), PY=2024 (col 11, row 213)
2026-06-09 16:51:45,568 [INFO] src.core.excel_parser: Date headers found: CY=2025 (col 10, row 233), PY=2024 (col 11, row 233)
2026-06-09 16:51:45,573 [INFO] src.core.excel_parser: Date headers found: CY=2025 (col 10, row 263), PY=2024 (col 11, row 263)
2026-06-09 16:51:45,577 [INFO] src.core.excel_parser: Date headers found: CY=2025 (col 10, row 275), PY=2024 (col 11, row 275)
2026-06-09 16:51:45,582 [INFO] src.core.excel_parser: Date headers found: CY=2025 (col 10, row 293), PY=2024 (col 11, row 293)
2026-06-09 16:51:45,587 [INFO] src.core.excel_parser: Date headers found: CY=2025 (col 10, row 338), PY=2024 (col 11, row 338)
2026-06-09 16:51:45,592 [INFO] src.core.excel_parser: Date headers found: CY=2025 (col 10, row 356), PY=2024 (col 11, row 356)
2026-06-09 16:51:45,598 [INFO] src.core.excel_parser: Date headers found: CY=2025 (col 10, row 368), PY=2024 (col 11, row 368)
2026-06-09 16:51:45,607 [INFO] src.core.excel_parser: Date headers found: CY=2025 (col 9, row 9), PY=2024 (col 10, row 9)
2026-06-09 16:51:45,615 [INFO] src.core.excel_parser: Date headers found: CY=2025 (col 9, row 19), PY=2024 (col 10, row 19)
2026-06-09 16:51:45,622 [INFO] src.core.excel_parser: Date headers found: CY=2025 (col 9, row 38), PY=2024 (col 10, row 38)
2026-06-09 16:51:45,629 [WARNING] src.core.excel_parser: Could not find two date header columns, found: [(53, 10, 2025)]
2026-06-09 16:51:45,629 [INFO] src.core.excel_parser: Note 21: Could not find date columns — falling back to columns 3 and 4
2026-06-09 16:51:45,636 [INFO] src.core.excel_parser: Date headers found: CY=2025 (col 9, row 68), PY=2024 (col 10, row 68)
2026-06-09 16:51:45,644 [INFO] src.core.excel_parser: Date headers found: CY=2025 (col 9, row 80), PY=2024 (col 10, row 80)
2026-06-09 16:51:45,653 [INFO] src.core.excel_parser: Date headers found: CY=2025 (col 9, row 122), PY=2024 (col 10, row 122)
2026-06-09 16:51:45,662 [INFO] src.core.excel_parser: Date headers found: CY=2025 (col 9, row 137), PY=2024 (col 10, row 137)
2026-06-09 16:51:45,671 [INFO] src.core.excel_parser: Date headers found: CY=2025 (col 9, row 165), PY=2024 (col 10, row 165)
2026-06-09 16:51:45,681 [INFO] src.core.excel_parser: Date headers found: CY=2025 (col 9, row 195), PY=2024 (col 10, row 195)
2026-06-09 16:51:45,690 [INFO] src.core.excel_parser: Date headers found: CY=2025 (col 9, row 223), PY=2024 (col 10, row 223)
2026-06-09 16:51:45,701 [INFO] src.core.excel_parser: Date headers found: CY=2025 (col 9, row 258), PY=2024 (col 10, row 258)
2026-06-09 16:51:45,711 [INFO] src.core.excel_parser: Date headers found: CY=2025 (col 9, row 277), PY=2024 (col 10, row 277)
2026-06-09 16:51:45,722 [INFO] src.core.excel_parser: Date headers found: CY=2025 (col 9, row 316), PY=2024 (col 10, row 316)
2026-06-09 16:51:45,725 [INFO] src.core.excel_parser: Parsed notes from 4 sheets
2026-06-09 16:51:45,733 [INFO] src.core.excel_parser: Found non-zero value for 'trade receivables' on row 'Trade receivables': CY=17750000.00, PY=14300000.00
2026-06-09 16:51:45,734 [INFO] src.core.excel_parser: BS Summary: total_ca=258300405, total_cl=256966044, debtors=17750000, equity=17122765
2026-06-09 16:51:45,734 [WARNING] src.core.excel_parser: Keyword 'revenue from operations' matched row 'Revenue from operations' but value is ZERO — may be a heading row; scanning further
2026-06-09 16:51:45,734 [INFO] src.core.excel_parser: Found non-zero value for 'software services' on row '- Software services': CY=87540000.00, PY=72480000.00
2026-06-09 16:51:45,735 [INFO] src.core.excel_parser: Found non-zero value for 'total income' on row 'Total income': CY=26887946.00, PY=50946209.00
2026-06-09 16:51:45,735 [INFO] src.core.excel_parser: PBT found: row='Profit / (Loss) before exceptional and extraordinary items and tax', CY=-2956284.00, PY=19400000.00
2026-06-09 16:51:45,735 [WARNING] src.core.excel_parser: PAT: Could not find Profit After Tax row — falling back to PBT (-2956284.00). Net Profit Ratio may be slightly overstated (ignores tax).
2026-06-09 16:51:45,735 [INFO] src.core.excel_parser: Found non-zero value for 'finance charge' on row 'Finance charges': CY=3120000.00, PY=2840000.00
2026-06-09 16:51:45,736 [INFO] src.core.excel_parser: PL Summary: revenue_ops=87540000, pbt=-2956284, pat=-2956284, finance_cost=3120000
2026-06-09 16:51:45,736 [INFO] src.core.cpp_bridge: Ratio inputs — revenue_ops: CY=87540000 PY=72480000 | pat: CY=-2956284 PY=19400000 | debtors: CY=17750000 PY=14300000 (avg_cy=16025000) | total_ca: CY=258300405 PY=248841999 | total_cl: CY=256966044 PY=9579438
2026-06-09 16:51:45,736 [INFO] src.core.cpp_bridge: RATIO 'Debt Equity Ratio': CY=14.6329, PY=3.6661, Change=299.14%
2026-06-09 16:51:45,736 [INFO] src.core.cpp_bridge: RATIO 'Current Ratio': CY=1.0052, PY=25.9767, Change=-96.13%
2026-06-09 16:51:45,736 [INFO] src.core.cpp_bridge: RATIO 'GCA Days': CY=3506.3909, PY=1782.8084, Change=96.68%
2026-06-09 16:51:45,737 [INFO] src.core.cpp_bridge: RATIO 'Total Outside Liab. vs Total Equity': CY=15.0787, PY=3.7817, Change=298.73%
2026-06-09 16:51:45,737 [INFO] src.core.cpp_bridge: RATIO 'Net Profit Ratio': CY=-3.3771, PY=26.7660, Change=-112.62%
2026-06-09 16:51:45,737 [INFO] src.core.cpp_bridge: RATIO 'Return on Equity (ROE)': CY=-7.0978, PY=29.3147, Change=-124.21%
2026-06-09 16:51:45,738 [INFO] src.core.cpp_bridge: RATIO 'Return on Capital Employed (ROCE)': CY=0.0612, PY=7.2022, Change=-99.15%
2026-06-09 16:51:45,738 [INFO] src.core.cpp_bridge: RATIO 'Debtor Turnover Ratio': CY=5.4627, PY=5.0685, Change=7.78%
2026-06-09 16:51:45,742 [INFO] src.core.validation: VALIDATION PASS — ✓ Balance Sheet identity: Assets=275,311,308 ≈ Equity+Liabilities=275,311,308 (diff=0, within tolerance 275,311)
2026-06-09 16:51:45,742 [INFO] src.core.validation: VALIDATION PASS — ✓ Revenue from Operations > 0: Revenue = 87,540,000
2026-06-09 16:51:45,742 [INFO] src.core.validation: VALIDATION PASS — ✓ Average Trade Receivables > 0: CY=17,750,000, PY=14,300,000, Avg=16,025,000
2026-06-09 16:51:45,742 [INFO] src.core.validation: VALIDATION PASS — ✓ Ratio 'Current Ratio': CY=1.0052 (non-zero)
2026-06-09 16:51:45,743 [INFO] src.core.validation: VALIDATION PASS — ✓ Ratio 'Net Profit Ratio': CY=-3.3771 (non-zero)
2026-06-09 16:51:45,743 [INFO] src.core.validation: VALIDATION PASS — ✓ Ratio 'Return on Equity (ROE)': CY=-7.0978 (non-zero)
2026-06-09 16:51:45,743 [INFO] src.core.validation: VALIDATION PASS — ✓ Ratio 'Return on Capital Employed (ROCE)': CY=0.0612 (non-zero)
2026-06-09 16:51:45,743 [INFO] src.core.validation: VALIDATION PASS — ✓ Ratio 'Debtor Turnover Ratio': CY=5.4627 (non-zero)
2026-06-09 16:51:45,743 [INFO] src.core.validation: VALIDATION PASS — ✓ P&L mapping: Revenue from Operations: = 87,540,000
2026-06-09 16:51:45,744 [INFO] src.core.validation: VALIDATION PASS — ✓ P&L mapping: Profit Before Tax: = -2,956,284
2026-06-09 16:51:45,744 [INFO] src.core.validation: VALIDATION PASS — ✓ P&L mapping: Profit After Tax: = -2,956,284
2026-06-09 16:51:45,744 [INFO] src.core.validation: VALIDATION PASS — ✓ BS mapping: Total Current Assets: = 258,300,405
2026-06-09 16:51:45,744 [INFO] src.core.validation: VALIDATION PASS — ✓ BS mapping: Total Current Liabilities: = 256,966,044
2026-06-09 16:51:45,744 [INFO] src.core.validation: VALIDATION PASS — ✓ BS mapping: Total Equity: = 17,122,765
2026-06-09 16:51:45,744 [INFO] src.core.validation: VALIDATION PASS — ✓ BS mapping: Trade Receivables: = 17,750,000
2026-06-09 16:51:45,745 [INFO] src.core.validation: VALIDATION PASS — ✓ BS row count: 54 rows parsed
2026-06-09 16:51:45,745 [INFO] src.core.validation: VALIDATION PASS — ✓ P&L row count: 33 rows parsed
2026-06-09 16:51:45,745 [INFO] src.core.validation: Validation complete: 17 passed, 0 warnings, 0 failed, 0 auto-corrected
2026-06-09 16:51:45,745 [INFO] src.core.validation: ============================================================
FAR VALIDATION REPORT
============================================================

PASSED CHECKS:
  ✓ Balance Sheet identity: Assets=275,311,308 ≈ Equity+Liabilities=275,311,308 (diff=0, within tolerance 275,311)
  ✓ Revenue from Operations > 0: Revenue = 87,540,000
  ✓ Average Trade Receivables > 0: CY=17,750,000, PY=14,300,000, Avg=16,025,000
  ✓ Ratio 'Current Ratio': CY=1.0052 (non-zero)
  ✓ Ratio 'Net Profit Ratio': CY=-3.3771 (non-zero)
  ✓ Ratio 'Return on Equity (ROE)': CY=-7.0978 (non-zero)
  ✓ Ratio 'Return on Capital Employed (ROCE)': CY=0.0612 (non-zero)
  ✓ Ratio 'Debtor Turnover Ratio': CY=5.4627 (non-zero)
  ✓ P&L mapping: Revenue from Operations: = 87,540,000
  ✓ P&L mapping: Profit Before Tax: = -2,956,284
  ✓ P&L mapping: Profit After Tax: = -2,956,284
  ✓ BS mapping: Total Current Assets: = 258,300,405
  ✓ BS mapping: Total Current Liabilities: = 256,966,044
  ✓ BS mapping: Total Equity: = 17,122,765
  ✓ BS mapping: Trade Receivables: = 17,750,000
  ✓ BS row count: 54 rows parsed
  ✓ P&L row count: 33 rows parsed
============================================================
2026-06-09 16:51:46,333 [INFO] matplotlib.category: Using categorical units to plot a list of strings that are all parsable as floats or dates. If these strings should be plotted as numbers, cast to the appropriate data type before plotting.
2026-06-09 16:51:46,334 [INFO] matplotlib.category: Using categorical units to plot a list of strings that are all parsable as floats or dates. If these strings should be plotted as numbers, cast to the appropriate data type before plotting.
2026-06-09 16:51:46,335 [INFO] matplotlib.category: Using categorical units to plot a list of strings that are all parsable as floats or dates. If these strings should be plotted as numbers, cast to the appropriate data type before plotting.
2026-06-09 16:51:46,354 [INFO] matplotlib.category: Using categorical units to plot a list of strings that are all parsable as floats or dates. If these strings should be plotted as numbers, cast to the appropriate data type before plotting.
2026-06-09 16:51:46,355 [INFO] matplotlib.category: Using categorical units to plot a list of strings that are all parsable as floats or dates. If these strings should be plotted as numbers, cast to the appropriate data type before plotting.
2026-06-09 16:51:46,356 [INFO] matplotlib.category: Using categorical units to plot a list of strings that are all parsable as floats or dates. If these strings should be plotted as numbers, cast to the appropriate data type before plotting.
2026-06-09 16:51:46,357 [INFO] matplotlib.category: Using categorical units to plot a list of strings that are all parsable as floats or dates. If these strings should be plotted as numbers, cast to the appropriate data type before plotting.
2026-06-09 16:51:46,357 [INFO] matplotlib.category: Using categorical units to plot a list of strings that are all parsable as floats or dates. If these strings should be plotted as numbers, cast to the appropriate data type before plotting.
2026-06-09 16:51:46,359 [INFO] matplotlib.category: Using categorical units to plot a list of strings that are all parsable as floats or dates. If these strings should be plotted as numbers, cast to the appropriate data type before plotting.
2026-06-09 16:51:46,377 [INFO] matplotlib.category: Using categorical units to plot a list of strings that are all parsable as floats or dates. If these strings should be plotted as numbers, cast to the appropriate data type before plotting.
2026-06-09 16:51:46,378 [INFO] matplotlib.category: Using categorical units to plot a list of strings that are all parsable as floats or dates. If these strings should be plotted as numbers, cast to the appropriate data type before plotting.
2026-06-09 16:51:46,380 [INFO] matplotlib.category: Using categorical units to plot a list of strings that are all parsable as floats or dates. If these strings should be plotted as numbers, cast to the appropriate data type before plotting.
2026-06-09 16:51:46,380 [INFO] matplotlib.category: Using categorical units to plot a list of strings that are all parsable as floats or dates. If these strings should be plotted as numbers, cast to the appropriate data type before plotting.
2026-06-09 16:51:46,608 [INFO] src.gui.main_window: FAR generated: BS=54 rows, PL=33 rows, Ratios=8
2026-06-09 16:54:45,707 [INFO] matplotlib.category: Using categorical units to plot a list of strings that are all parsable as floats or dates. If these strings should be plotted as numbers, cast to the appropriate data type before plotting.
2026-06-09 16:54:45,709 [INFO] matplotlib.category: Using categorical units to plot a list of strings that are all parsable as floats or dates. If these strings should be plotted as numbers, cast to the appropriate data type before plotting.
2026-06-09 16:54:45,711 [INFO] matplotlib.category: Using categorical units to plot a list of strings that are all parsable as floats or dates. If these strings should be plotted as numbers, cast to the appropriate data type before plotting.
2026-06-09 16:54:45,738 [INFO] matplotlib.category: Using categorical units to plot a list of strings that are all parsable as floats or dates. If these strings should be plotted as numbers, cast to the appropriate data type before plotting.
2026-06-09 16:54:45,739 [INFO] matplotlib.category: Using categorical units to plot a list of strings that are all parsable as floats or dates. If these strings should be plotted as numbers, cast to the appropriate data type before plotting.
2026-06-09 16:54:45,740 [INFO] matplotlib.category: Using categorical units to plot a list of strings that are all parsable as floats or dates. If these strings should be plotted as numbers, cast to the appropriate data type before plotting.
2026-06-09 16:54:45,741 [INFO] matplotlib.category: Using categorical units to plot a list of strings that are all parsable as floats or dates. If these strings should be plotted as numbers, cast to the appropriate data type before plotting.
2026-06-09 16:54:45,741 [INFO] matplotlib.category: Using categorical units to plot a list of strings that are all parsable as floats or dates. If these strings should be plotted as numbers, cast to the appropriate data type before plotting.
2026-06-09 16:54:45,742 [INFO] matplotlib.category: Using categorical units to plot a list of strings that are all parsable as floats or dates. If these strings should be plotted as numbers, cast to the appropriate data type before plotting.
2026-06-09 16:54:45,762 [INFO] matplotlib.category: Using categorical units to plot a list of strings that are all parsable as floats or dates. If these strings should be plotted as numbers, cast to the appropriate data type before plotting.
2026-06-09 16:54:45,762 [INFO] matplotlib.category: Using categorical units to plot a list of strings that are all parsable as floats or dates. If these strings should be plotted as numbers, cast to the appropriate data type before plotting.
2026-06-09 16:54:45,763 [INFO] matplotlib.category: Using categorical units to plot a list of strings that are all parsable as floats or dates. If these strings should be plotted as numbers, cast to the appropriate data type before plotting.
2026-06-09 16:54:45,764 [INFO] matplotlib.category: Using categorical units to plot a list of strings that are all parsable as floats or dates. If these strings should be plotted as numbers, cast to the appropriate data type before plotting.
2026-06-09 16:54:45,775 [INFO] matplotlib.category: Using categorical units to plot a list of strings that are all parsable as floats or dates. If these strings should be plotted as numbers, cast to the appropriate data type before plotting.
2026-06-09 16:54:45,776 [INFO] matplotlib.category: Using categorical units to plot a list of strings that are all parsable as floats or dates. If these strings should be plotted as numbers, cast to the appropriate data type before plotting.
2026-06-09 16:54:45,776 [INFO] matplotlib.category: Using categorical units to plot a list of strings that are all parsable as floats or dates. If these strings should be plotted as numbers, cast to the appropriate data type before plotting.
2026-06-09 16:54:45,777 [INFO] matplotlib.category: Using categorical units to plot a list of strings that are all parsable as floats or dates. If these strings should be plotted as numbers, cast to the appropriate data type before plotting.
2026-06-09 16:54:45,778 [INFO] matplotlib.category: Using categorical units to plot a list of strings that are all parsable as floats or dates. If these strings should be plotted as numbers, cast to the appropriate data type before plotting.
2026-06-09 16:54:45,778 [INFO] matplotlib.category: Using categorical units to plot a list of strings that are all parsable as floats or dates. If these strings should be plotted as numbers, cast to the appropriate data type before plotting.
2026-06-09 16:54:45,809 [INFO] matplotlib.category: Using categorical units to plot a list of strings that are all parsable as floats or dates. If these strings should be plotted as numbers, cast to the appropriate data type before plotting.
2026-06-09 16:54:45,809 [INFO] matplotlib.category: Using categorical units to plot a list of strings that are all parsable as floats or dates. If these strings should be plotted as numbers, cast to the appropriate data type before plotting.
2026-06-09 16:54:45,812 [INFO] matplotlib.category: Using categorical units to plot a list of strings that are all parsable as floats or dates. If these strings should be plotted as numbers, cast to the appropriate data type before plotting.
2026-06-09 16:54:45,812 [INFO] matplotlib.category: Using categorical units to plot a list of strings that are all parsable as floats or dates. If these strings should be plotted as numbers, cast to the appropriate data type before plotting.
2026-06-09 16:54:46,875 [INFO] src.core.excel_export: FAR workbook saved to C:/Users/shuhb/Downloads/TechVenture_Solutions_Priv1ate_Limited_FAR_2024-25.xlsx
2026-06-09 17:38:37,689 [INFO] __main__: ============================================================
2026-06-09 17:38:37,785 [INFO] __main__: FAR Automation Tool started at 2026-06-09T17:38:37.785466
2026-06-09 17:38:37,785 [INFO] __main__: Python 3.10.11 (tags/v3.10.11:7d4cc5a, Apr  5 2023, 00:38:17) [MSC v.1929 64 bit (AMD64)]
2026-06-09 17:38:37,785 [INFO] __main__: Project root: e:\GT WORK @\GT Work\far-automation
2026-06-09 17:38:37,947 [INFO] __main__: Stylesheet loaded
2026-06-09 17:38:39,855 [INFO] __main__: Main window shown
2026-06-09 17:41:21,989 [INFO] __main__: Application exiting with code 0
2026-06-09 17:41:26,178 [INFO] __main__: ============================================================
2026-06-09 17:41:26,179 [INFO] __main__: FAR Automation Tool started at 2026-06-09T17:41:26.178241
2026-06-09 17:41:26,179 [INFO] __main__: Python 3.10.11 (tags/v3.10.11:7d4cc5a, Apr  5 2023, 00:38:17) [MSC v.1929 64 bit (AMD64)]
2026-06-09 17:41:26,179 [INFO] __main__: Project root: e:\GT WORK @\GT Work\far-automation
2026-06-09 17:41:26,350 [INFO] __main__: Stylesheet loaded
2026-06-09 17:41:28,273 [INFO] __main__: Main window shown
2026-06-10 10:08:26,951 [INFO] __main__: ============================================================
2026-06-10 10:08:26,953 [INFO] __main__: FAR Automation Tool started at 2026-06-10T10:08:26.953564
2026-06-10 10:08:26,953 [INFO] __main__: Python 3.10.11 (tags/v3.10.11:7d4cc5a, Apr  5 2023, 00:38:17) [MSC v.1929 64 bit (AMD64)]
2026-06-10 10:08:26,953 [INFO] __main__: Project root: E:\GT WORK @\GT Work\far-automation
2026-06-10 10:08:27,401 [INFO] __main__: Stylesheet loaded
2026-06-10 10:08:34,816 [INFO] __main__: Main window shown
2026-06-10 10:14:50,944 [INFO] src.gui.input_form: Auto-filled client name from workbook: Balance Sheet as at 31 March 2025
2026-06-10 10:15:20,778 [INFO] src.core.cpp_bridge: C++ DLL not found at E:\GT WORK @\GT Work\far-automation\cpp_engine\build\far_engine.dll — using Python fallback
2026-06-10 10:16:15,440 [INFO] src.core.excel_parser: Client name extracted from row 2 col 2: Balance Sheet as at 31 March 2025
2026-06-10 10:16:15,442 [INFO] src.core.excel_parser: Date headers found: CY=2025 (col 4, row 6), PY=2024 (col 5, row 6)
2026-06-10 10:16:15,444 [INFO] src.core.excel_parser: Parsed BS: 0 rows, CY=2025, PY=2024
2026-06-10 10:40:58,528 [INFO] __main__: ============================================================
2026-06-10 10:40:58,624 [INFO] __main__: FAR Automation Tool started at 2026-06-10T10:40:58.624935
2026-06-10 10:40:58,624 [INFO] __main__: Python 3.10.11 (tags/v3.10.11:7d4cc5a, Apr  5 2023, 00:38:17) [MSC v.1929 64 bit (AMD64)]
2026-06-10 10:40:58,624 [INFO] __main__: Project root: E:\GT WORK @\GT Work\far-automation
2026-06-10 10:40:58,982 [INFO] __main__: Stylesheet loaded
2026-06-10 10:41:05,084 [INFO] __main__: Main window shown
2026-06-10 10:41:39,196 [INFO] src.gui.input_form: Auto-filled client name from workbook: Balance Sheet as at 31 March 2025
2026-06-10 10:42:13,563 [INFO] src.core.cpp_bridge: C++ DLL not found at E:\GT WORK @\GT Work\far-automation\cpp_engine\build\far_engine.dll — using Python fallback
2026-06-10 10:43:05,703 [INFO] src.core.excel_parser: Client name extracted from row 2 col 2: Balance Sheet as at 31 March 2025
2026-06-10 10:43:05,707 [INFO] src.core.excel_parser: Date headers found: CY=2025 (col 4, row 6), PY=2024 (col 5, row 6)
2026-06-10 10:43:05,708 [INFO] src.core.excel_parser: Parsed BS: 0 rows, CY=2025, PY=2024
2026-06-10 10:44:07,907 [INFO] src.core.excel_parser: Client name extracted from row 2 col 2: Statement of profit and loss for the year ended 31 March 2025
2026-06-10 10:44:07,907 [INFO] src.core.excel_parser: Date headers found: CY=2025 (col 4, row 6), PY=2024 (col 5, row 6)
2026-06-10 10:44:07,908 [INFO] src.core.excel_parser: Parsed PL: 23 rows, CY=2025, PY=2024
2026-06-10 10:45:04,033 [WARNING] src.core.excel_parser: No notes were parsed. This usually happens if you load a blank template instead of actual client data.
2026-06-10 10:45:04,074 [WARNING] src.core.excel_parser: No row found matching any of keywords: ['trade receivables', 'sundry debtors', 'trade and other receivables', 'receivables', 'debtors']
2026-06-10 10:45:04,074 [WARNING] src.core.excel_parser: DEBTORS: Could not find non-zero trade receivables in BS — Debtor Turnover Ratio will be 0. Check that the Notes sheet contains the actual receivables figures.
2026-06-10 10:45:04,074 [INFO] src.core.excel_parser: BS Summary: total_ca=0, total_cl=0, debtors=0, equity=0
2026-06-10 10:45:04,074 [WARNING] src.core.excel_parser: No row found matching any of keywords: ['revenue from operations', 'net revenue from operations', 'income from operations', 'software services', 'sale of products', 'sale of services', 'revenue']
2026-06-10 10:45:04,074 [WARNING] src.core.excel_parser: REVENUE: Could not find non-zero revenue from operations in P&L — Net Profit Ratio and Debtor Turnover Ratio will be 0. Check P&L sheet structure.
2026-06-10 10:45:04,074 [WARNING] src.core.excel_parser: No row found matching any of keywords: ['total income']
2026-06-10 10:45:04,074 [WARNING] src.core.excel_parser: No row found matching any of keywords: ['total revenue']
2026-06-10 10:45:04,075 [WARNING] src.core.excel_parser: No row found matching any of keywords: ['profit before tax', 'profit/(loss) before tax', 'profit before income tax', 'earnings before tax', 'pbt']
2026-06-10 10:45:04,075 [WARNING] src.core.excel_parser: PBT: exact match failed, using keyword fallback: CY=0.00
2026-06-10 10:45:04,075 [WARNING] src.core.excel_parser: PAT: Could not find Profit After Tax row — falling back to PBT (0.00). Net Profit Ratio may be slightly overstated (ignores tax).
2026-06-10 10:45:04,076 [WARNING] src.core.excel_parser: No row found matching any of keywords: ['finance charge', 'finance cost', 'interest expense', 'interest and finance cost', 'borrowing cost']
2026-06-10 10:45:04,076 [INFO] src.core.excel_parser: PL Summary: revenue_ops=0, pbt=0, pat=0, finance_cost=0
2026-06-10 10:45:04,076 [INFO] src.core.cpp_bridge: Ratio inputs — revenue_ops: CY=0 PY=0 | pat: CY=0 PY=0 | debtors: CY=0 PY=0 (avg_cy=0) | total_ca: CY=0 PY=0 | total_cl: CY=0 PY=0
2026-06-10 10:45:04,076 [WARNING] src.core.cpp_bridge: RATIO 'Debt Equity Ratio': CY denominator is ZERO — ratio set to 0. Numerator was 0.00
2026-06-10 10:45:04,076 [WARNING] src.core.cpp_bridge: RATIO 'Debt Equity Ratio': PY denominator is ZERO — ratio set to 0. Numerator was 0.00
2026-06-10 10:45:04,076 [INFO] src.core.cpp_bridge: RATIO 'Debt Equity Ratio': CY=0.0000, PY=0.0000, Change=0.00%
2026-06-10 10:45:04,076 [WARNING] src.core.cpp_bridge: RATIO 'Current Ratio': CY denominator is ZERO — ratio set to 0. Numerator was 0.00
2026-06-10 10:45:04,076 [WARNING] src.core.cpp_bridge: RATIO 'Current Ratio': PY denominator is ZERO — ratio set to 0. Numerator was 0.00
2026-06-10 10:45:04,076 [INFO] src.core.cpp_bridge: RATIO 'Current Ratio': CY=0.0000, PY=0.0000, Change=0.00%
2026-06-10 10:45:04,077 [WARNING] src.core.cpp_bridge: RATIO 'GCA Days': CY denominator is ZERO — ratio set to 0. Numerator was 0.00
2026-06-10 10:45:04,077 [WARNING] src.core.cpp_bridge: RATIO 'GCA Days': PY denominator is ZERO — ratio set to 0. Numerator was 0.00
2026-06-10 10:45:04,077 [INFO] src.core.cpp_bridge: RATIO 'GCA Days': CY=0.0000, PY=0.0000, Change=0.00%
2026-06-10 10:45:04,077 [WARNING] src.core.cpp_bridge: RATIO 'Total Outside Liab. vs Total Equity': CY denominator is ZERO — ratio set to 0. Numerator was 0.00
2026-06-10 10:45:04,077 [WARNING] src.core.cpp_bridge: RATIO 'Total Outside Liab. vs Total Equity': PY denominator is ZERO — ratio set to 0. Numerator was 0.00
2026-06-10 10:45:04,077 [INFO] src.core.cpp_bridge: RATIO 'Total Outside Liab. vs Total Equity': CY=0.0000, PY=0.0000, Change=0.00%
2026-06-10 10:45:04,077 [WARNING] src.core.cpp_bridge: RATIO 'Net Profit Ratio': CY denominator is ZERO — ratio set to 0. Numerator was 0.00
2026-06-10 10:45:04,078 [WARNING] src.core.cpp_bridge: RATIO 'Net Profit Ratio': PY denominator is ZERO — ratio set to 0. Numerator was 0.00
2026-06-10 10:45:04,078 [INFO] src.core.cpp_bridge: RATIO 'Net Profit Ratio': CY=0.0000, PY=0.0000, Change=0.00%
2026-06-10 10:45:04,078 [WARNING] src.core.cpp_bridge: RATIO 'Return on Equity (ROE)': CY denominator is ZERO — ratio set to 0. Numerator was 0.00
2026-06-10 10:45:04,078 [WARNING] src.core.cpp_bridge: RATIO 'Return on Equity (ROE)': PY denominator is ZERO — ratio set to 0. Numerator was 0.00
2026-06-10 10:45:04,078 [INFO] src.core.cpp_bridge: RATIO 'Return on Equity (ROE)': CY=0.0000, PY=0.0000, Change=0.00%
2026-06-10 10:45:04,078 [WARNING] src.core.cpp_bridge: RATIO 'Return on Capital Employed (ROCE)': CY denominator is ZERO — ratio set to 0. Numerator was 0.00
2026-06-10 10:45:04,078 [WARNING] src.core.cpp_bridge: RATIO 'Return on Capital Employed (ROCE)': PY denominator is ZERO — ratio set to 0. Numerator was 0.00
2026-06-10 10:45:04,078 [INFO] src.core.cpp_bridge: RATIO 'Return on Capital Employed (ROCE)': CY=0.0000, PY=0.0000, Change=0.00%
2026-06-10 10:45:04,100 [WARNING] src.core.cpp_bridge: RATIO 'Debtor Turnover Ratio': CY denominator is ZERO — ratio set to 0. Numerator was 0.00
2026-06-10 10:45:04,100 [WARNING] src.core.cpp_bridge: RATIO 'Debtor Turnover Ratio': PY denominator is ZERO — ratio set to 0. Numerator was 0.00
2026-06-10 10:45:04,110 [INFO] src.core.cpp_bridge: RATIO 'Debtor Turnover Ratio': CY=0.0000, PY=0.0000, Change=0.00%
2026-06-10 10:45:04,119 [WARNING] src.core.validation: VALIDATION WARN — ⚠ Balance Sheet identity: Total Assets and Total Equity are both 0 — cannot verify BS identity. Check that the BS sheet has numeric values in the correct columns.
2026-06-10 10:45:04,194 [ERROR] src.core.validation: VALIDATION FAIL — ✗ Revenue from Operations is ZERO: Net Profit Ratio and Debtor Turnover Ratio will be 0. Verify P&L parsing: check sheet name, date columns, and 'Revenue from Operations' row label in source file.
2026-06-10 10:45:04,195 [WARNING] src.core.validation: VALIDATION WARN — ⚠ Ratio 'GCA Days' = 0: Caused by zero revenue denominator — fix revenue mapping first
2026-06-10 10:45:04,196 [WARNING] src.core.validation: VALIDATION WARN — ⚠ Ratio 'Net Profit Ratio' = 0: Caused by zero revenue denominator — fix revenue mapping first
2026-06-10 10:45:04,197 [WARNING] src.core.validation: VALIDATION WARN — ⚠ Ratio 'Debtor Turnover Ratio' = 0: Caused by zero revenue denominator — fix revenue mapping first
2026-06-10 10:45:04,198 [ERROR] src.core.validation: VALIDATION FAIL — ✗ Trade Receivables are ZERO: Debtor Turnover Ratio denominator is 0. Verify BS parsing: the 'Trade Receivables' row may contain a Note reference but no numeric value — check Notes sheet instead.
2026-06-10 10:45:04,198 [WARNING] src.core.validation: VALIDATION WARN — ⚠ Ratio 'Current Ratio' = 0: Both numerator and denominator are 0 — verify source data has actual values for 'Current Ratio'
2026-06-10 10:45:04,199 [WARNING] src.core.validation: VALIDATION WARN — ⚠ Ratio 'Net Profit Ratio' = 0: Both numerator and denominator are 0 — verify source data has actual values for 'Net Profit Ratio'
2026-06-10 10:45:04,200 [WARNING] src.core.validation: VALIDATION WARN — ⚠ Ratio 'Return on Equity (ROE)' = 0: Both numerator and denominator are 0 — verify source data has actual values for 'Return on Equity (ROE)'
2026-06-10 10:45:04,201 [WARNING] src.core.validation: VALIDATION WARN — ⚠ Ratio 'Return on Capital Employed (ROCE)' = 0: Both numerator and denominator are 0 — verify source data has actual values for 'Return on Capital Employed (ROCE)'
2026-06-10 10:45:04,202 [WARNING] src.core.validation: VALIDATION WARN — ⚠ Ratio 'Debtor Turnover Ratio' = 0: Both numerator and denominator are 0 — verify source data has actual values for 'Debtor Turnover Ratio'
2026-06-10 10:45:04,202 [WARNING] src.core.validation: VALIDATION WARN — ⚠ P&L mapping: Revenue from Operations = 0: Key 'revenue_ops_cy' not found or is genuinely zero. Check P&L sheet for the correct row label.
2026-06-10 10:45:04,203 [WARNING] src.core.validation: VALIDATION WARN — ⚠ P&L mapping: Profit Before Tax = 0: Key 'pbt_cy' not found or is genuinely zero. Check P&L sheet for the correct row label.
2026-06-10 10:45:04,204 [WARNING] src.core.validation: VALIDATION WARN — ⚠ P&L mapping: Profit After Tax = 0: Key 'pat_cy' not found or is genuinely zero. Check P&L sheet for the correct row label.
2026-06-10 10:45:04,204 [WARNING] src.core.validation: VALIDATION WARN — ⚠ BS mapping: Total Current Assets = 0: Key 'total_ca_cy' not found or is genuinely zero. Check BS sheet for the correct row label.
2026-06-10 10:45:04,205 [WARNING] src.core.validation: VALIDATION WARN — ⚠ BS mapping: Total Current Liabilities = 0: Key 'total_cl_cy' not found or is genuinely zero. Check BS sheet for the correct row label.
2026-06-10 10:45:04,206 [WARNING] src.core.validation: VALIDATION WARN — ⚠ BS mapping: Total Equity = 0: Key 'total_equity_cy' not found or is genuinely zero. Check BS sheet for the correct row label.
2026-06-10 10:45:04,206 [WARNING] src.core.validation: VALIDATION WARN — ⚠ BS mapping: Trade Receivables = 0: Key 'debtors_cy' not found or is genuinely zero. Check BS sheet for the correct row label.
2026-06-10 10:45:04,207 [ERROR] src.core.validation: VALIDATION FAIL — ✗ BS row count is too low: Only 0 rows parsed — BS sheet may not have been found correctly
2026-06-10 10:45:04,208 [INFO] src.core.validation: VALIDATION PASS — ✓ P&L row count: 23 rows parsed
2026-06-10 10:45:04,209 [INFO] src.core.validation: Validation complete: 1 passed, 16 warnings, 3 failed, 0 auto-corrected
2026-06-10 10:45:04,209 [INFO] src.core.validation: ============================================================
FAR VALIDATION REPORT
============================================================

PASSED CHECKS:
  ✓ P&L row count: 23 rows parsed

WARNINGS:
  ⚠ Balance Sheet identity: Total Assets and Total Equity are both 0 — cannot verify BS identity. Check that the BS sheet has numeric values in the correct columns.
  ⚠ Ratio 'GCA Days' = 0: Caused by zero revenue denominator — fix revenue mapping first
  ⚠ Ratio 'Net Profit Ratio' = 0: Caused by zero revenue denominator — fix revenue mapping first
  ⚠ Ratio 'Debtor Turnover Ratio' = 0: Caused by zero revenue denominator — fix revenue mapping first
  ⚠ Ratio 'Current Ratio' = 0: Both numerator and denominator are 0 — verify source data has actual values for 'Current Ratio'
  ⚠ Ratio 'Net Profit Ratio' = 0: Both numerator and denominator are 0 — verify source data has actual values for 'Net Profit Ratio'
  ⚠ Ratio 'Return on Equity (ROE)' = 0: Both numerator and denominator are 0 — verify source data has actual values for 'Return on Equity (ROE)'
  ⚠ Ratio 'Return on Capital Employed (ROCE)' = 0: Both numerator and denominator are 0 — verify source data has actual values for 'Return on Capital Employed (ROCE)'
  ⚠ Ratio 'Debtor Turnover Ratio' = 0: Both numerator and denominator are 0 — verify source data has actual values for 'Debtor Turnover Ratio'
  ⚠ P&L mapping: Revenue from Operations = 0: Key 'revenue_ops_cy' not found or is genuinely zero. Check P&L sheet for the correct row label.
  ⚠ P&L mapping: Profit Before Tax = 0: Key 'pbt_cy' not found or is genuinely zero. Check P&L sheet for the correct row label.
  ⚠ P&L mapping: Profit After Tax = 0: Key 'pat_cy' not found or is genuinely zero. Check P&L sheet for the correct row label.
  ⚠ BS mapping: Total Current Assets = 0: Key 'total_ca_cy' not found or is genuinely zero. Check BS sheet for the correct row label.
  ⚠ BS mapping: Total Current Liabilities = 0: Key 'total_cl_cy' not found or is genuinely zero. Check BS sheet for the correct row label.
  ⚠ BS mapping: Total Equity = 0: Key 'total_equity_cy' not found or is genuinely zero. Check BS sheet for the correct row label.
  ⚠ BS mapping: Trade Receivables = 0: Key 'debtors_cy' not found or is genuinely zero. Check BS sheet for the correct row label.

FAILED CHECKS:
  ✗ Revenue from Operations is ZERO: Net Profit Ratio and Debtor Turnover Ratio will be 0. Verify P&L parsing: check sheet name, date columns, and 'Revenue from Operations' row label in source file.
  ✗ Trade Receivables are ZERO: Debtor Turnover Ratio denominator is 0. Verify BS parsing: the 'Trade Receivables' row may contain a Note reference but no numeric value — check Notes sheet instead.
  ✗ BS row count is too low: Only 0 rows parsed — BS sheet may not have been found correctly
============================================================
2026-06-10 10:45:04,345 [INFO] matplotlib.category: Using categorical units to plot a list of strings that are all parsable as floats or dates. If these strings should be plotted as numbers, cast to the appropriate data type before plotting.
2026-06-10 10:45:04,346 [INFO] matplotlib.category: Using categorical units to plot a list of strings that are all parsable as floats or dates. If these strings should be plotted as numbers, cast to the appropriate data type before plotting.
2026-06-10 10:45:04,347 [INFO] matplotlib.category: Using categorical units to plot a list of strings that are all parsable as floats or dates. If these strings should be plotted as numbers, cast to the appropriate data type before plotting.
2026-06-10 10:45:04,374 [INFO] matplotlib.category: Using categorical units to plot a list of strings that are all parsable as floats or dates. If these strings should be plotted as numbers, cast to the appropriate data type before plotting.
2026-06-10 10:45:04,375 [INFO] matplotlib.category: Using categorical units to plot a list of strings that are all parsable as floats or dates. If these strings should be plotted as numbers, cast to the appropriate data type before plotting.
2026-06-10 10:45:04,376 [INFO] matplotlib.category: Using categorical units to plot a list of strings that are all parsable as floats or dates. If these strings should be plotted as numbers, cast to the appropriate data type before plotting.
2026-06-10 10:45:04,377 [INFO] matplotlib.category: Using categorical units to plot a list of strings that are all parsable as floats or dates. If these strings should be plotted as numbers, cast to the appropriate data type before plotting.
2026-06-10 10:45:04,377 [INFO] matplotlib.category: Using categorical units to plot a list of strings that are all parsable as floats or dates. If these strings should be plotted as numbers, cast to the appropriate data type before plotting.
2026-06-10 10:45:04,378 [INFO] matplotlib.category: Using categorical units to plot a list of strings that are all parsable as floats or dates. If these strings should be plotted as numbers, cast to the appropriate data type before plotting.
2026-06-10 10:45:04,400 [INFO] matplotlib.category: Using categorical units to plot a list of strings that are all parsable as floats or dates. If these strings should be plotted as numbers, cast to the appropriate data type before plotting.
2026-06-10 10:45:04,401 [INFO] matplotlib.category: Using categorical units to plot a list of strings that are all parsable as floats or dates. If these strings should be plotted as numbers, cast to the appropriate data type before plotting.
2026-06-10 10:45:04,403 [INFO] matplotlib.category: Using categorical units to plot a list of strings that are all parsable as floats or dates. If these strings should be plotted as numbers, cast to the appropriate data type before plotting.
2026-06-10 10:45:04,403 [INFO] matplotlib.category: Using categorical units to plot a list of strings that are all parsable as floats or dates. If these strings should be plotted as numbers, cast to the appropriate data type before plotting.
2026-06-10 10:45:04,668 [INFO] src.gui.main_window: FAR generated: BS=0 rows, PL=23 rows, Ratios=8
2026-06-10 10:45:31,886 [INFO] __main__: ============================================================
2026-06-10 10:45:31,887 [INFO] __main__: FAR Automation Tool started at 2026-06-10T10:45:31.887596
2026-06-10 10:45:31,887 [INFO] __main__: Python 3.10.11 (tags/v3.10.11:7d4cc5a, Apr  5 2023, 00:38:17) [MSC v.1929 64 bit (AMD64)]
2026-06-10 10:45:31,889 [INFO] __main__: Project root: E:\GT WORK @\GT Work\far-automation
2026-06-10 10:45:32,073 [INFO] __main__: Stylesheet loaded
2026-06-10 10:45:34,210 [INFO] __main__: Main window shown
2026-06-10 10:46:16,938 [INFO] src.gui.input_form: Auto-filled client name from workbook: Balance Sheet as at 31 March 2025
2026-06-10 10:46:47,441 [INFO] src.core.cpp_bridge: C++ DLL not found at E:\GT WORK @\GT Work\far-automation\cpp_engine\build\far_engine.dll — using Python fallback
2026-06-10 10:46:48,486 [INFO] src.core.excel_parser: Client name extracted from row 2 col 2: Balance Sheet as at 31 March 2025
2026-06-10 10:46:48,487 [INFO] src.core.excel_parser: Date headers found: CY=2025 (col 5, row 5), PY=2024 (col 6, row 5)
2026-06-10 10:46:48,488 [INFO] src.core.excel_parser: Parsed BS: 0 rows, CY=2025, PY=2024
2026-06-10 10:46:49,533 [INFO] src.core.excel_parser: Client name extracted from row 2 col 2: Statement of Profit and Loss for the year ended 31 March 2025
2026-06-10 10:46:49,533 [INFO] src.core.excel_parser: Date headers found: CY=2025 (col 4, row 5), PY=2024 (col 5, row 5)
2026-06-10 10:46:49,534 [INFO] src.core.excel_parser: Parsed PL: 25 rows, CY=2025, PY=2024
2026-06-10 10:46:50,479 [WARNING] src.core.excel_parser: No single row had at least two date headers.
2026-06-10 10:46:50,479 [INFO] src.core.excel_parser: Note 3: Found 'Total' column at col 8 for Asset note
2026-06-10 10:46:50,481 [WARNING] src.core.excel_parser: No single row had at least two date headers.
2026-06-10 10:46:50,481 [INFO] src.core.excel_parser: Note 4: Found 'Total' column at col 8 for Asset note
2026-06-10 10:46:50,483 [INFO] src.core.excel_parser: Parsed notes from 1 sheets
2026-06-10 10:46:50,484 [WARNING] src.core.excel_parser: No row found matching any of keywords: ['trade receivables', 'sundry debtors', 'trade and other receivables', 'receivables', 'debtors']
2026-06-10 10:46:50,488 [WARNING] src.core.excel_parser: DEBTORS: Could not find non-zero trade receivables in BS — Debtor Turnover Ratio will be 0. Check that the Notes sheet contains the actual receivables figures.
2026-06-10 10:46:50,489 [INFO] src.core.excel_parser: BS Summary: total_ca=0, total_cl=0, debtors=0, equity=0
2026-06-10 10:46:50,489 [WARNING] src.core.excel_parser: No row found matching any of keywords: ['revenue from operations', 'net revenue from operations', 'income from operations', 'software services', 'sale of products', 'sale of services', 'revenue']
2026-06-10 10:46:50,489 [WARNING] src.core.excel_parser: REVENUE: Could not find non-zero revenue from operations in P&L — Net Profit Ratio and Debtor Turnover Ratio will be 0. Check P&L sheet structure.
2026-06-10 10:46:50,489 [WARNING] src.core.excel_parser: No row found matching any of keywords: ['total income']
2026-06-10 10:46:50,489 [WARNING] src.core.excel_parser: No row found matching any of keywords: ['total revenue']
2026-06-10 10:46:50,489 [WARNING] src.core.excel_parser: No row found matching any of keywords: ['profit before tax', 'profit/(loss) before tax', 'profit before income tax', 'earnings before tax', 'pbt']
2026-06-10 10:46:50,489 [WARNING] src.core.excel_parser: PBT: exact match failed, using keyword fallback: CY=0.00
2026-06-10 10:46:50,489 [WARNING] src.core.excel_parser: PAT: Could not find Profit After Tax row — falling back to PBT (0.00). Net Profit Ratio may be slightly overstated (ignores tax).
2026-06-10 10:46:50,489 [WARNING] src.core.excel_parser: No row found matching any of keywords: ['finance charge', 'finance cost', 'interest expense', 'interest and finance cost', 'borrowing cost']
2026-06-10 10:46:50,489 [INFO] src.core.excel_parser: PL Summary: revenue_ops=0, pbt=0, pat=0, finance_cost=0
2026-06-10 10:46:50,489 [INFO] src.core.cpp_bridge: Ratio inputs — revenue_ops: CY=0 PY=0 | pat: CY=0 PY=0 | debtors: CY=0 PY=0 (avg_cy=0) | total_ca: CY=0 PY=0 | total_cl: CY=0 PY=0
2026-06-10 10:46:50,489 [WARNING] src.core.cpp_bridge: RATIO 'Debt Equity Ratio': CY denominator is ZERO — ratio set to 0. Numerator was 0.00
2026-06-10 10:46:50,490 [WARNING] src.core.cpp_bridge: RATIO 'Debt Equity Ratio': PY denominator is ZERO — ratio set to 0. Numerator was 0.00
2026-06-10 10:46:50,490 [INFO] src.core.cpp_bridge: RATIO 'Debt Equity Ratio': CY=0.0000, PY=0.0000, Change=0.00%
2026-06-10 10:46:50,490 [WARNING] src.core.cpp_bridge: RATIO 'Current Ratio': CY denominator is ZERO — ratio set to 0. Numerator was 0.00
2026-06-10 10:46:50,490 [WARNING] src.core.cpp_bridge: RATIO 'Current Ratio': PY denominator is ZERO — ratio set to 0. Numerator was 0.00
2026-06-10 10:46:50,490 [INFO] src.core.cpp_bridge: RATIO 'Current Ratio': CY=0.0000, PY=0.0000, Change=0.00%
2026-06-10 10:46:50,491 [WARNING] src.core.cpp_bridge: RATIO 'GCA Days': CY denominator is ZERO — ratio set to 0. Numerator was 0.00
2026-06-10 10:46:50,491 [WARNING] src.core.cpp_bridge: RATIO 'GCA Days': PY denominator is ZERO — ratio set to 0. Numerator was 0.00
2026-06-10 10:46:50,491 [INFO] src.core.cpp_bridge: RATIO 'GCA Days': CY=0.0000, PY=0.0000, Change=0.00%
2026-06-10 10:46:50,491 [WARNING] src.core.cpp_bridge: RATIO 'Total Outside Liab. vs Total Equity': CY denominator is ZERO — ratio set to 0. Numerator was 0.00
2026-06-10 10:46:50,492 [WARNING] src.core.cpp_bridge: RATIO 'Total Outside Liab. vs Total Equity': PY denominator is ZERO — ratio set to 0. Numerator was 0.00
2026-06-10 10:46:50,492 [INFO] src.core.cpp_bridge: RATIO 'Total Outside Liab. vs Total Equity': CY=0.0000, PY=0.0000, Change=0.00%
2026-06-10 10:46:50,492 [WARNING] src.core.cpp_bridge: RATIO 'Net Profit Ratio': CY denominator is ZERO — ratio set to 0. Numerator was 0.00
2026-06-10 10:46:50,492 [WARNING] src.core.cpp_bridge: RATIO 'Net Profit Ratio': PY denominator is ZERO — ratio set to 0. Numerator was 0.00
2026-06-10 10:46:50,492 [INFO] src.core.cpp_bridge: RATIO 'Net Profit Ratio': CY=0.0000, PY=0.0000, Change=0.00%
2026-06-10 10:46:50,492 [WARNING] src.core.cpp_bridge: RATIO 'Return on Equity (ROE)': CY denominator is ZERO — ratio set to 0. Numerator was 0.00
2026-06-10 10:46:50,492 [WARNING] src.core.cpp_bridge: RATIO 'Return on Equity (ROE)': PY denominator is ZERO — ratio set to 0. Numerator was 0.00
2026-06-10 10:46:50,492 [INFO] src.core.cpp_bridge: RATIO 'Return on Equity (ROE)': CY=0.0000, PY=0.0000, Change=0.00%
2026-06-10 10:46:50,492 [WARNING] src.core.cpp_bridge: RATIO 'Return on Capital Employed (ROCE)': CY denominator is ZERO — ratio set to 0. Numerator was 0.00
2026-06-10 10:46:50,493 [WARNING] src.core.cpp_bridge: RATIO 'Return on Capital Employed (ROCE)': PY denominator is ZERO — ratio set to 0. Numerator was 0.00
2026-06-10 10:46:50,493 [INFO] src.core.cpp_bridge: RATIO 'Return on Capital Employed (ROCE)': CY=0.0000, PY=0.0000, Change=0.00%
2026-06-10 10:46:50,493 [WARNING] src.core.cpp_bridge: RATIO 'Debtor Turnover Ratio': CY denominator is ZERO — ratio set to 0. Numerator was 0.00
2026-06-10 10:46:50,493 [WARNING] src.core.cpp_bridge: RATIO 'Debtor Turnover Ratio': PY denominator is ZERO — ratio set to 0. Numerator was 0.00
2026-06-10 10:46:50,493 [INFO] src.core.cpp_bridge: RATIO 'Debtor Turnover Ratio': CY=0.0000, PY=0.0000, Change=0.00%
2026-06-10 10:46:50,493 [WARNING] src.core.validation: VALIDATION WARN - Balance Sheet identity: Total Assets and Total Equity are both 0 — cannot verify BS identity. Check that the BS sheet has numeric values in the correct columns.
2026-06-10 10:46:50,493 [ERROR] src.core.validation: VALIDATION FAIL - Revenue from Operations is ZERO: Net Profit Ratio and Debtor Turnover Ratio will be 0. Verify P&L parsing: check sheet name, date columns, and 'Revenue from Operations' row label in source file.
2026-06-10 10:46:50,494 [WARNING] src.core.validation: VALIDATION WARN - Ratio 'GCA Days' = 0: Caused by zero revenue denominator — fix revenue mapping first
2026-06-10 10:46:50,494 [WARNING] src.core.validation: VALIDATION WARN - Ratio 'Net Profit Ratio' = 0: Caused by zero revenue denominator — fix revenue mapping first
2026-06-10 10:46:50,494 [WARNING] src.core.validation: VALIDATION WARN - Ratio 'Debtor Turnover Ratio' = 0: Caused by zero revenue denominator — fix revenue mapping first
2026-06-10 10:46:50,494 [ERROR] src.core.validation: VALIDATION FAIL - Trade Receivables are ZERO: Debtor Turnover Ratio denominator is 0. Verify BS parsing: the 'Trade Receivables' row may contain a Note reference but no numeric value — check Notes sheet instead.
2026-06-10 10:46:50,494 [WARNING] src.core.validation: VALIDATION WARN - Ratio 'Current Ratio' = 0: Both numerator and denominator are 0 — verify source data has actual values for 'Current Ratio'
2026-06-10 10:46:50,494 [WARNING] src.core.validation: VALIDATION WARN - Ratio 'Net Profit Ratio' = 0: Both numerator and denominator are 0 — verify source data has actual values for 'Net Profit Ratio'
2026-06-10 10:46:50,497 [WARNING] src.core.validation: VALIDATION WARN - Ratio 'Return on Equity (ROE)' = 0: Both numerator and denominator are 0 — verify source data has actual values for 'Return on Equity (ROE)'
2026-06-10 10:46:50,497 [WARNING] src.core.validation: VALIDATION WARN - Ratio 'Return on Capital Employed (ROCE)' = 0: Both numerator and denominator are 0 — verify source data has actual values for 'Return on Capital Employed (ROCE)'
2026-06-10 10:46:50,497 [WARNING] src.core.validation: VALIDATION WARN - Ratio 'Debtor Turnover Ratio' = 0: Both numerator and denominator are 0 — verify source data has actual values for 'Debtor Turnover Ratio'
2026-06-10 10:46:50,497 [WARNING] src.core.validation: VALIDATION WARN - P&L mapping: Revenue from Operations = 0: Key 'revenue_ops_cy' not found or is genuinely zero. Check P&L sheet for the correct row label.
2026-06-10 10:46:50,497 [WARNING] src.core.validation: VALIDATION WARN - P&L mapping: Profit Before Tax = 0: Key 'pbt_cy' not found or is genuinely zero. Check P&L sheet for the correct row label.
2026-06-10 10:46:50,497 [WARNING] src.core.validation: VALIDATION WARN - P&L mapping: Profit After Tax = 0: Key 'pat_cy' not found or is genuinely zero. Check P&L sheet for the correct row label.
2026-06-10 10:46:50,497 [WARNING] src.core.validation: VALIDATION WARN - BS mapping: Total Current Assets = 0: Key 'total_ca_cy' not found or is genuinely zero. Check BS sheet for the correct row label.
2026-06-10 10:46:50,497 [WARNING] src.core.validation: VALIDATION WARN - BS mapping: Total Current Liabilities = 0: Key 'total_cl_cy' not found or is genuinely zero. Check BS sheet for the correct row label.
2026-06-10 10:46:50,498 [WARNING] src.core.validation: VALIDATION WARN - BS mapping: Total Equity = 0: Key 'total_equity_cy' not found or is genuinely zero. Check BS sheet for the correct row label.
2026-06-10 10:46:50,498 [WARNING] src.core.validation: VALIDATION WARN - BS mapping: Trade Receivables = 0: Key 'debtors_cy' not found or is genuinely zero. Check BS sheet for the correct row label.
2026-06-10 10:46:50,498 [ERROR] src.core.validation: VALIDATION FAIL - BS row count is too low: Only 0 rows parsed — BS sheet may not have been found correctly
2026-06-10 10:46:50,498 [INFO] src.core.validation: VALIDATION PASS - P&L row count: 25 rows parsed
2026-06-10 10:46:50,498 [INFO] src.core.validation: Validation complete: 1 passed, 16 warnings, 3 failed, 0 auto-corrected
2026-06-10 10:46:50,498 [INFO] src.core.validation: ============================================================
FAR VALIDATION REPORT
============================================================

PASSED CHECKS:
  ? P&L row count: 25 rows parsed

WARNINGS:
  ? Balance Sheet identity: Total Assets and Total Equity are both 0 ? cannot verify BS identity. Check that the BS sheet has numeric values in the correct columns.
  ? Ratio 'GCA Days' = 0: Caused by zero revenue denominator ? fix revenue mapping first
  ? Ratio 'Net Profit Ratio' = 0: Caused by zero revenue denominator ? fix revenue mapping first
  ? Ratio 'Debtor Turnover Ratio' = 0: Caused by zero revenue denominator ? fix revenue mapping first
  ? Ratio 'Current Ratio' = 0: Both numerator and denominator are 0 ? verify source data has actual values for 'Current Ratio'
  ? Ratio 'Net Profit Ratio' = 0: Both numerator and denominator are 0 ? verify source data has actual values for 'Net Profit Ratio'
  ? Ratio 'Return on Equity (ROE)' = 0: Both numerator and denominator are 0 ? verify source data has actual values for 'Return on Equity (ROE)'
  ? Ratio 'Return on Capital Employed (ROCE)' = 0: Both numerator and denominator are 0 ? verify source data has actual values for 'Return on Capital Employed (ROCE)'
  ? Ratio 'Debtor Turnover Ratio' = 0: Both numerator and denominator are 0 ? verify source data has actual values for 'Debtor Turnover Ratio'
  ? P&L mapping: Revenue from Operations = 0: Key 'revenue_ops_cy' not found or is genuinely zero. Check P&L sheet for the correct row label.
  ? P&L mapping: Profit Before Tax = 0: Key 'pbt_cy' not found or is genuinely zero. Check P&L sheet for the correct row label.
  ? P&L mapping: Profit After Tax = 0: Key 'pat_cy' not found or is genuinely zero. Check P&L sheet for the correct row label.
  ? BS mapping: Total Current Assets = 0: Key 'total_ca_cy' not found or is genuinely zero. Check BS sheet for the correct row label.
  ? BS mapping: Total Current Liabilities = 0: Key 'total_cl_cy' not found or is genuinely zero. Check BS sheet for the correct row label.
  ? BS mapping: Total Equity = 0: Key 'total_equity_cy' not found or is genuinely zero. Check BS sheet for the correct row label.
  ? BS mapping: Trade Receivables = 0: Key 'debtors_cy' not found or is genuinely zero. Check BS sheet for the correct row label.

FAILED CHECKS:
  ? Revenue from Operations is ZERO: Net Profit Ratio and Debtor Turnover Ratio will be 0. Verify P&L parsing: check sheet name, date columns, and 'Revenue from Operations' row label in source file.
  ? Trade Receivables are ZERO: Debtor Turnover Ratio denominator is 0. Verify BS parsing: the 'Trade Receivables' row may contain a Note reference but no numeric value ? check Notes sheet instead.
  ? BS row count is too low: Only 0 rows parsed ? BS sheet may not have been found correctly
============================================================
2026-06-10 10:46:50,632 [INFO] matplotlib.category: Using categorical units to plot a list of strings that are all parsable as floats or dates. If these strings should be plotted as numbers, cast to the appropriate data type before plotting.
2026-06-10 10:46:50,633 [INFO] matplotlib.category: Using categorical units to plot a list of strings that are all parsable as floats or dates. If these strings should be plotted as numbers, cast to the appropriate data type before plotting.
2026-06-10 10:46:50,634 [INFO] matplotlib.category: Using categorical units to plot a list of strings that are all parsable as floats or dates. If these strings should be plotted as numbers, cast to the appropriate data type before plotting.
2026-06-10 10:46:50,652 [INFO] matplotlib.category: Using categorical units to plot a list of strings that are all parsable as floats or dates. If these strings should be plotted as numbers, cast to the appropriate data type before plotting.
2026-06-10 10:46:50,652 [INFO] matplotlib.category: Using categorical units to plot a list of strings that are all parsable as floats or dates. If these strings should be plotted as numbers, cast to the appropriate data type before plotting.
2026-06-10 10:46:50,653 [INFO] matplotlib.category: Using categorical units to plot a list of strings that are all parsable as floats or dates. If these strings should be plotted as numbers, cast to the appropriate data type before plotting.
2026-06-10 10:46:50,653 [INFO] matplotlib.category: Using categorical units to plot a list of strings that are all parsable as floats or dates. If these strings should be plotted as numbers, cast to the appropriate data type before plotting.
2026-06-10 10:46:50,653 [INFO] matplotlib.category: Using categorical units to plot a list of strings that are all parsable as floats or dates. If these strings should be plotted as numbers, cast to the appropriate data type before plotting.
2026-06-10 10:46:50,654 [INFO] matplotlib.category: Using categorical units to plot a list of strings that are all parsable as floats or dates. If these strings should be plotted as numbers, cast to the appropriate data type before plotting.
2026-06-10 10:46:50,674 [INFO] matplotlib.category: Using categorical units to plot a list of strings that are all parsable as floats or dates. If these strings should be plotted as numbers, cast to the appropriate data type before plotting.
2026-06-10 10:46:50,675 [INFO] matplotlib.category: Using categorical units to plot a list of strings that are all parsable as floats or dates. If these strings should be plotted as numbers, cast to the appropriate data type before plotting.
2026-06-10 10:46:50,675 [INFO] matplotlib.category: Using categorical units to plot a list of strings that are all parsable as floats or dates. If these strings should be plotted as numbers, cast to the appropriate data type before plotting.
2026-06-10 10:46:50,676 [INFO] matplotlib.category: Using categorical units to plot a list of strings that are all parsable as floats or dates. If these strings should be plotted as numbers, cast to the appropriate data type before plotting.
2026-06-10 10:46:50,951 [INFO] src.gui.main_window: FAR generated: BS=0 rows, PL=25 rows, Ratios=8
2026-06-10 10:47:07,395 [INFO] __main__: ============================================================
2026-06-10 10:47:07,397 [INFO] __main__: FAR Automation Tool started at 2026-06-10T10:47:07.397470
2026-06-10 10:47:07,416 [INFO] __main__: Python 3.10.11 (tags/v3.10.11:7d4cc5a, Apr  5 2023, 00:38:17) [MSC v.1929 64 bit (AMD64)]
2026-06-10 10:47:07,417 [INFO] __main__: Project root: E:\GT WORK @\GT Work\far-automation
2026-06-10 10:47:07,618 [INFO] __main__: Stylesheet loaded
2026-06-10 10:47:09,585 [INFO] __main__: Main window shown
2026-06-10 10:49:12,117 [INFO] __main__: Application exiting with code 0
2026-06-10 10:49:29,126 [INFO] matplotlib.category: Using categorical units to plot a list of strings that are all parsable as floats or dates. If these strings should be plotted as numbers, cast to the appropriate data type before plotting.
2026-06-10 10:49:29,126 [INFO] matplotlib.category: Using categorical units to plot a list of strings that are all parsable as floats or dates. If these strings should be plotted as numbers, cast to the appropriate data type before plotting.
2026-06-10 10:49:29,127 [INFO] matplotlib.category: Using categorical units to plot a list of strings that are all parsable as floats or dates. If these strings should be plotted as numbers, cast to the appropriate data type before plotting.
2026-06-10 10:49:29,127 [INFO] matplotlib.category: Using categorical units to plot a list of strings that are all parsable as floats or dates. If these strings should be plotted as numbers, cast to the appropriate data type before plotting.
2026-06-10 10:49:48,314 [INFO] __main__: ============================================================
2026-06-10 10:49:48,316 [INFO] __main__: FAR Automation Tool started at 2026-06-10T10:49:48.316922
2026-06-10 10:49:48,321 [INFO] __main__: Python 3.10.11 (tags/v3.10.11:7d4cc5a, Apr  5 2023, 00:38:17) [MSC v.1929 64 bit (AMD64)]
2026-06-10 10:49:48,321 [INFO] __main__: Project root: E:\GT WORK @\GT Work\far-automation
2026-06-10 10:49:48,487 [INFO] __main__: Stylesheet loaded
2026-06-10 10:49:50,427 [INFO] __main__: Main window shown
2026-06-10 10:50:09,703 [INFO] src.gui.input_form: Auto-filled client name from workbook: Balance Sheet as at 31 March 2025
2026-06-10 10:50:27,071 [INFO] src.core.cpp_bridge: C++ DLL not found at E:\GT WORK @\GT Work\far-automation\cpp_engine\build\far_engine.dll — using Python fallback
2026-06-10 10:50:28,111 [INFO] src.core.excel_parser: Client name extracted from row 2 col 2: Balance Sheet as at 31 March 2025
2026-06-10 10:50:28,112 [INFO] src.core.excel_parser: Date headers found: CY=2025 (col 5, row 5), PY=2024 (col 6, row 5)
2026-06-10 10:50:28,112 [INFO] src.core.excel_parser: Parsed BS: 36 rows, CY=2025, PY=2024
2026-06-10 10:50:29,152 [INFO] src.core.excel_parser: Client name extracted from row 2 col 2: Statement of Profit and Loss for the year ended 31 March 2025
2026-06-10 10:50:29,153 [INFO] src.core.excel_parser: Date headers found: CY=2025 (col 4, row 5), PY=2024 (col 5, row 5)
2026-06-10 10:50:29,155 [INFO] src.core.excel_parser: Parsed PL: 25 rows, CY=2025, PY=2024
2026-06-10 10:50:30,056 [WARNING] src.core.excel_parser: No single row had at least two date headers.
2026-06-10 10:50:30,057 [INFO] src.core.excel_parser: Note 3: Found 'Total' column at col 8 for Asset note
2026-06-10 10:50:30,060 [WARNING] src.core.excel_parser: No single row had at least two date headers.
2026-06-10 10:50:30,061 [INFO] src.core.excel_parser: Note 4: Found 'Total' column at col 8 for Asset note
2026-06-10 10:50:30,063 [INFO] src.core.excel_parser: Parsed notes from 1 sheets
2026-06-10 10:50:30,064 [WARNING] src.core.excel_parser: No row found matching any of keywords: ['trade receivables', 'sundry debtors', 'trade and other receivables', 'receivables', 'debtors']
2026-06-10 10:50:30,070 [WARNING] src.core.excel_parser: DEBTORS: Could not find non-zero trade receivables in BS — Debtor Turnover Ratio will be 0. Check that the Notes sheet contains the actual receivables figures.
2026-06-10 10:50:30,070 [INFO] src.core.excel_parser: BS Summary: total_ca=0, total_cl=0, debtors=0, equity=0
2026-06-10 10:50:30,071 [WARNING] src.core.excel_parser: No row found matching any of keywords: ['revenue from operations', 'net revenue from operations', 'income from operations', 'software services', 'sale of products', 'sale of services', 'sales', 'turnover', 'revenue']
2026-06-10 10:50:30,071 [WARNING] src.core.excel_parser: REVENUE: Could not find non-zero revenue from operations in P&L — Net Profit Ratio and Debtor Turnover Ratio will be 0. Check P&L sheet structure.
2026-06-10 10:50:30,071 [WARNING] src.core.excel_parser: No row found matching any of keywords: ['total income']
2026-06-10 10:50:30,071 [WARNING] src.core.excel_parser: No row found matching any of keywords: ['total revenue']
2026-06-10 10:50:30,071 [WARNING] src.core.excel_parser: No row found matching any of keywords: ['profit before tax', 'profit/(loss) before tax', 'profit before income tax', 'earnings before tax', 'pbt']
2026-06-10 10:50:30,071 [WARNING] src.core.excel_parser: PBT: exact match failed, using keyword fallback: CY=0.00
2026-06-10 10:50:30,071 [WARNING] src.core.excel_parser: PAT: Could not find Profit After Tax row — falling back to PBT (0.00). Net Profit Ratio may be slightly overstated (ignores tax).
2026-06-10 10:50:30,071 [WARNING] src.core.excel_parser: No row found matching any of keywords: ['finance charge', 'finance cost', 'interest expense', 'interest and finance cost', 'borrowing cost']
2026-06-10 10:50:30,071 [INFO] src.core.excel_parser: PL Summary: revenue_ops=0, pbt=0, pat=0, finance_cost=0
2026-06-10 10:50:30,072 [INFO] src.core.cpp_bridge: Ratio inputs — revenue_ops: CY=0 PY=0 | pat: CY=0 PY=0 | debtors: CY=0 PY=0 (avg_cy=0) | total_ca: CY=0 PY=0 | total_cl: CY=0 PY=0
2026-06-10 10:50:30,072 [WARNING] src.core.cpp_bridge: RATIO 'Debt Equity Ratio': CY denominator is ZERO — ratio set to 0. Numerator was 11527.33
2026-06-10 10:50:30,072 [WARNING] src.core.cpp_bridge: RATIO 'Debt Equity Ratio': PY denominator is ZERO — ratio set to 0. Numerator was 11415.60
2026-06-10 10:50:30,072 [INFO] src.core.cpp_bridge: RATIO 'Debt Equity Ratio': CY=0.0000, PY=0.0000, Change=0.00%
2026-06-10 10:50:30,072 [WARNING] src.core.cpp_bridge: RATIO 'Current Ratio': CY denominator is ZERO — ratio set to 0. Numerator was 0.00
2026-06-10 10:50:30,072 [WARNING] src.core.cpp_bridge: RATIO 'Current Ratio': PY denominator is ZERO — ratio set to 0. Numerator was 0.00
2026-06-10 10:50:30,072 [INFO] src.core.cpp_bridge: RATIO 'Current Ratio': CY=0.0000, PY=0.0000, Change=0.00%
2026-06-10 10:50:30,072 [WARNING] src.core.cpp_bridge: RATIO 'GCA Days': CY denominator is ZERO — ratio set to 0. Numerator was 0.00
2026-06-10 10:50:30,073 [WARNING] src.core.cpp_bridge: RATIO 'GCA Days': PY denominator is ZERO — ratio set to 0. Numerator was 0.00
2026-06-10 10:50:30,073 [INFO] src.core.cpp_bridge: RATIO 'GCA Days': CY=0.0000, PY=0.0000, Change=0.00%
2026-06-10 10:50:30,073 [WARNING] src.core.cpp_bridge: RATIO 'Total Outside Liab. vs Total Equity': CY denominator is ZERO — ratio set to 0. Numerator was 0.00
2026-06-10 10:50:30,073 [WARNING] src.core.cpp_bridge: RATIO 'Total Outside Liab. vs Total Equity': PY denominator is ZERO — ratio set to 0. Numerator was 0.00
2026-06-10 10:50:30,073 [INFO] src.core.cpp_bridge: RATIO 'Total Outside Liab. vs Total Equity': CY=0.0000, PY=0.0000, Change=0.00%
2026-06-10 10:50:30,074 [WARNING] src.core.cpp_bridge: RATIO 'Net Profit Ratio': CY denominator is ZERO — ratio set to 0. Numerator was 0.00
2026-06-10 10:50:30,074 [WARNING] src.core.cpp_bridge: RATIO 'Net Profit Ratio': PY denominator is ZERO — ratio set to 0. Numerator was 0.00
2026-06-10 10:50:30,074 [INFO] src.core.cpp_bridge: RATIO 'Net Profit Ratio': CY=0.0000, PY=0.0000, Change=0.00%
2026-06-10 10:50:30,074 [WARNING] src.core.cpp_bridge: RATIO 'Return on Equity (ROE)': CY denominator is ZERO — ratio set to 0. Numerator was 0.00
2026-06-10 10:50:30,074 [WARNING] src.core.cpp_bridge: RATIO 'Return on Equity (ROE)': PY denominator is ZERO — ratio set to 0. Numerator was 0.00
2026-06-10 10:50:30,074 [INFO] src.core.cpp_bridge: RATIO 'Return on Equity (ROE)': CY=0.0000, PY=0.0000, Change=0.00%
2026-06-10 10:50:30,074 [INFO] src.core.cpp_bridge: RATIO 'Return on Capital Employed (ROCE)': CY=0.0000, PY=0.0000, Change=0.00%
2026-06-10 10:50:30,074 [WARNING] src.core.cpp_bridge: RATIO 'Debtor Turnover Ratio': CY denominator is ZERO — ratio set to 0. Numerator was 0.00
2026-06-10 10:50:30,074 [WARNING] src.core.cpp_bridge: RATIO 'Debtor Turnover Ratio': PY denominator is ZERO — ratio set to 0. Numerator was 0.00
2026-06-10 10:50:30,074 [INFO] src.core.cpp_bridge: RATIO 'Debtor Turnover Ratio': CY=0.0000, PY=0.0000, Change=0.00%
2026-06-10 10:50:30,074 [WARNING] src.core.validation: VALIDATION WARN - Balance Sheet identity: Total Assets and Total Equity are both 0 — cannot verify BS identity. Check that the BS sheet has numeric values in the correct columns.
2026-06-10 10:50:30,075 [ERROR] src.core.validation: VALIDATION FAIL - Revenue from Operations is ZERO: Net Profit Ratio and Debtor Turnover Ratio will be 0. Verify P&L parsing: check sheet name, date columns, and 'Revenue from Operations' row label in source file.
2026-06-10 10:50:30,075 [WARNING] src.core.validation: VALIDATION WARN - Ratio 'GCA Days' = 0: Caused by zero revenue denominator — fix revenue mapping first
2026-06-10 10:50:30,075 [WARNING] src.core.validation: VALIDATION WARN - Ratio 'Net Profit Ratio' = 0: Caused by zero revenue denominator — fix revenue mapping first
2026-06-10 10:50:30,075 [WARNING] src.core.validation: VALIDATION WARN - Ratio 'Debtor Turnover Ratio' = 0: Caused by zero revenue denominator — fix revenue mapping first
2026-06-10 10:50:30,075 [ERROR] src.core.validation: VALIDATION FAIL - Trade Receivables are ZERO: Debtor Turnover Ratio denominator is 0. Verify BS parsing: the 'Trade Receivables' row may contain a Note reference but no numeric value — check Notes sheet instead.
2026-06-10 10:50:30,075 [WARNING] src.core.validation: VALIDATION WARN - Ratio 'Current Ratio' = 0: Both numerator and denominator are 0 — verify source data has actual values for 'Current Ratio'
2026-06-10 10:50:30,075 [WARNING] src.core.validation: VALIDATION WARN - Ratio 'Net Profit Ratio' = 0: Both numerator and denominator are 0 — verify source data has actual values for 'Net Profit Ratio'
2026-06-10 10:50:30,075 [WARNING] src.core.validation: VALIDATION WARN - Ratio 'Return on Equity (ROE)' = 0: Both numerator and denominator are 0 — verify source data has actual values for 'Return on Equity (ROE)'
2026-06-10 10:50:30,075 [WARNING] src.core.validation: VALIDATION WARN - Ratio 'Return on Capital Employed (ROCE)' = 0: Both numerator and denominator are 0 — verify source data has actual values for 'Return on Capital Employed (ROCE)'
2026-06-10 10:50:30,075 [WARNING] src.core.validation: VALIDATION WARN - Ratio 'Debtor Turnover Ratio' = 0: Both numerator and denominator are 0 — verify source data has actual values for 'Debtor Turnover Ratio'
2026-06-10 10:50:30,076 [WARNING] src.core.validation: VALIDATION WARN - P&L mapping: Revenue from Operations = 0: Key 'revenue_ops_cy' not found or is genuinely zero. Check P&L sheet for the correct row label.
2026-06-10 10:50:30,076 [WARNING] src.core.validation: VALIDATION WARN - P&L mapping: Profit Before Tax = 0: Key 'pbt_cy' not found or is genuinely zero. Check P&L sheet for the correct row label.
2026-06-10 10:50:30,076 [WARNING] src.core.validation: VALIDATION WARN - P&L mapping: Profit After Tax = 0: Key 'pat_cy' not found or is genuinely zero. Check P&L sheet for the correct row label.
2026-06-10 10:50:30,076 [WARNING] src.core.validation: VALIDATION WARN - BS mapping: Total Current Assets = 0: Key 'total_ca_cy' not found or is genuinely zero. Check BS sheet for the correct row label.
2026-06-10 10:50:30,076 [WARNING] src.core.validation: VALIDATION WARN - BS mapping: Total Current Liabilities = 0: Key 'total_cl_cy' not found or is genuinely zero. Check BS sheet for the correct row label.
2026-06-10 10:50:30,076 [WARNING] src.core.validation: VALIDATION WARN - BS mapping: Total Equity = 0: Key 'total_equity_cy' not found or is genuinely zero. Check BS sheet for the correct row label.
2026-06-10 10:50:30,076 [WARNING] src.core.validation: VALIDATION WARN - BS mapping: Trade Receivables = 0: Key 'debtors_cy' not found or is genuinely zero. Check BS sheet for the correct row label.
2026-06-10 10:50:30,076 [INFO] src.core.validation: VALIDATION PASS - BS row count: 36 rows parsed
2026-06-10 10:50:30,076 [INFO] src.core.validation: VALIDATION PASS - P&L row count: 25 rows parsed
2026-06-10 10:50:30,076 [INFO] src.core.validation: Validation complete: 2 passed, 16 warnings, 2 failed, 0 auto-corrected
2026-06-10 10:50:30,076 [INFO] src.core.validation: ============================================================
FAR VALIDATION REPORT
============================================================

PASSED CHECKS:
  ? BS row count: 36 rows parsed
  ? P&L row count: 25 rows parsed

WARNINGS:
  ? Balance Sheet identity: Total Assets and Total Equity are both 0 ? cannot verify BS identity. Check that the BS sheet has numeric values in the correct columns.
  ? Ratio 'GCA Days' = 0: Caused by zero revenue denominator ? fix revenue mapping first
  ? Ratio 'Net Profit Ratio' = 0: Caused by zero revenue denominator ? fix revenue mapping first
  ? Ratio 'Debtor Turnover Ratio' = 0: Caused by zero revenue denominator ? fix revenue mapping first
  ? Ratio 'Current Ratio' = 0: Both numerator and denominator are 0 ? verify source data has actual values for 'Current Ratio'
  ? Ratio 'Net Profit Ratio' = 0: Both numerator and denominator are 0 ? verify source data has actual values for 'Net Profit Ratio'
  ? Ratio 'Return on Equity (ROE)' = 0: Both numerator and denominator are 0 ? verify source data has actual values for 'Return on Equity (ROE)'
  ? Ratio 'Return on Capital Employed (ROCE)' = 0: Both numerator and denominator are 0 ? verify source data has actual values for 'Return on Capital Employed (ROCE)'
  ? Ratio 'Debtor Turnover Ratio' = 0: Both numerator and denominator are 0 ? verify source data has actual values for 'Debtor Turnover Ratio'
  ? P&L mapping: Revenue from Operations = 0: Key 'revenue_ops_cy' not found or is genuinely zero. Check P&L sheet for the correct row label.
  ? P&L mapping: Profit Before Tax = 0: Key 'pbt_cy' not found or is genuinely zero. Check P&L sheet for the correct row label.
  ? P&L mapping: Profit After Tax = 0: Key 'pat_cy' not found or is genuinely zero. Check P&L sheet for the correct row label.
  ? BS mapping: Total Current Assets = 0: Key 'total_ca_cy' not found or is genuinely zero. Check BS sheet for the correct row label.
  ? BS mapping: Total Current Liabilities = 0: Key 'total_cl_cy' not found or is genuinely zero. Check BS sheet for the correct row label.
  ? BS mapping: Total Equity = 0: Key 'total_equity_cy' not found or is genuinely zero. Check BS sheet for the correct row label.
  ? BS mapping: Trade Receivables = 0: Key 'debtors_cy' not found or is genuinely zero. Check BS sheet for the correct row label.

FAILED CHECKS:
  ? Revenue from Operations is ZERO: Net Profit Ratio and Debtor Turnover Ratio will be 0. Verify P&L parsing: check sheet name, date columns, and 'Revenue from Operations' row label in source file.
  ? Trade Receivables are ZERO: Debtor Turnover Ratio denominator is 0. Verify BS parsing: the 'Trade Receivables' row may contain a Note reference but no numeric value ? check Notes sheet instead.
============================================================
2026-06-10 10:50:30,228 [INFO] matplotlib.category: Using categorical units to plot a list of strings that are all parsable as floats or dates. If these strings should be plotted as numbers, cast to the appropriate data type before plotting.
2026-06-10 10:50:30,230 [INFO] matplotlib.category: Using categorical units to plot a list of strings that are all parsable as floats or dates. If these strings should be plotted as numbers, cast to the appropriate data type before plotting.
2026-06-10 10:50:30,230 [INFO] matplotlib.category: Using categorical units to plot a list of strings that are all parsable as floats or dates. If these strings should be plotted as numbers, cast to the appropriate data type before plotting.
2026-06-10 10:50:30,257 [INFO] matplotlib.category: Using categorical units to plot a list of strings that are all parsable as floats or dates. If these strings should be plotted as numbers, cast to the appropriate data type before plotting.
2026-06-10 10:50:30,257 [INFO] matplotlib.category: Using categorical units to plot a list of strings that are all parsable as floats or dates. If these strings should be plotted as numbers, cast to the appropriate data type before plotting.
2026-06-10 10:50:30,258 [INFO] matplotlib.category: Using categorical units to plot a list of strings that are all parsable as floats or dates. If these strings should be plotted as numbers, cast to the appropriate data type before plotting.
2026-06-10 10:50:30,258 [INFO] matplotlib.category: Using categorical units to plot a list of strings that are all parsable as floats or dates. If these strings should be plotted as numbers, cast to the appropriate data type before plotting.
2026-06-10 10:50:30,259 [INFO] matplotlib.category: Using categorical units to plot a list of strings that are all parsable as floats or dates. If these strings should be plotted as numbers, cast to the appropriate data type before plotting.
2026-06-10 10:50:30,260 [INFO] matplotlib.category: Using categorical units to plot a list of strings that are all parsable as floats or dates. If these strings should be plotted as numbers, cast to the appropriate data type before plotting.
2026-06-10 10:50:30,278 [INFO] matplotlib.category: Using categorical units to plot a list of strings that are all parsable as floats or dates. If these strings should be plotted as numbers, cast to the appropriate data type before plotting.
2026-06-10 10:50:30,279 [INFO] matplotlib.category: Using categorical units to plot a list of strings that are all parsable as floats or dates. If these strings should be plotted as numbers, cast to the appropriate data type before plotting.
2026-06-10 10:50:30,280 [INFO] matplotlib.category: Using categorical units to plot a list of strings that are all parsable as floats or dates. If these strings should be plotted as numbers, cast to the appropriate data type before plotting.
2026-06-10 10:50:30,280 [INFO] matplotlib.category: Using categorical units to plot a list of strings that are all parsable as floats or dates. If these strings should be plotted as numbers, cast to the appropriate data type before plotting.
2026-06-10 10:50:30,564 [INFO] src.gui.main_window: FAR generated: BS=36 rows, PL=25 rows, Ratios=8
2026-06-10 10:51:06,957 [INFO] matplotlib.category: Using categorical units to plot a list of strings that are all parsable as floats or dates. If these strings should be plotted as numbers, cast to the appropriate data type before plotting.
2026-06-10 10:51:06,958 [INFO] matplotlib.category: Using categorical units to plot a list of strings that are all parsable as floats or dates. If these strings should be plotted as numbers, cast to the appropriate data type before plotting.
2026-06-10 10:51:06,958 [INFO] matplotlib.category: Using categorical units to plot a list of strings that are all parsable as floats or dates. If these strings should be plotted as numbers, cast to the appropriate data type before plotting.
2026-06-10 10:51:06,982 [INFO] matplotlib.category: Using categorical units to plot a list of strings that are all parsable as floats or dates. If these strings should be plotted as numbers, cast to the appropriate data type before plotting.
2026-06-10 10:51:06,983 [INFO] matplotlib.category: Using categorical units to plot a list of strings that are all parsable as floats or dates. If these strings should be plotted as numbers, cast to the appropriate data type before plotting.
2026-06-10 10:51:06,995 [INFO] matplotlib.category: Using categorical units to plot a list of strings that are all parsable as floats or dates. If these strings should be plotted as numbers, cast to the appropriate data type before plotting.
2026-06-10 10:51:07,001 [INFO] matplotlib.category: Using categorical units to plot a list of strings that are all parsable as floats or dates. If these strings should be plotted as numbers, cast to the appropriate data type before plotting.
2026-06-10 10:51:07,001 [INFO] matplotlib.category: Using categorical units to plot a list of strings that are all parsable as floats or dates. If these strings should be plotted as numbers, cast to the appropriate data type before plotting.
2026-06-10 10:51:07,001 [INFO] matplotlib.category: Using categorical units to plot a list of strings that are all parsable as floats or dates. If these strings should be plotted as numbers, cast to the appropriate data type before plotting.
2026-06-10 10:51:07,023 [INFO] matplotlib.category: Using categorical units to plot a list of strings that are all parsable as floats or dates. If these strings should be plotted as numbers, cast to the appropriate data type before plotting.
2026-06-10 10:51:07,024 [INFO] matplotlib.category: Using categorical units to plot a list of strings that are all parsable as floats or dates. If these strings should be plotted as numbers, cast to the appropriate data type before plotting.
2026-06-10 10:51:07,025 [INFO] matplotlib.category: Using categorical units to plot a list of strings that are all parsable as floats or dates. If these strings should be plotted as numbers, cast to the appropriate data type before plotting.
2026-06-10 10:51:07,025 [INFO] matplotlib.category: Using categorical units to plot a list of strings that are all parsable as floats or dates. If these strings should be plotted as numbers, cast to the appropriate data type before plotting.
2026-06-10 10:51:07,037 [INFO] matplotlib.category: Using categorical units to plot a list of strings that are all parsable as floats or dates. If these strings should be plotted as numbers, cast to the appropriate data type before plotting.
2026-06-10 10:51:07,038 [INFO] matplotlib.category: Using categorical units to plot a list of strings that are all parsable as floats or dates. If these strings should be plotted as numbers, cast to the appropriate data type before plotting.
2026-06-10 10:51:07,039 [INFO] matplotlib.category: Using categorical units to plot a list of strings that are all parsable as floats or dates. If these strings should be plotted as numbers, cast to the appropriate data type before plotting.
2026-06-10 10:51:07,040 [INFO] matplotlib.category: Using categorical units to plot a list of strings that are all parsable as floats or dates. If these strings should be plotted as numbers, cast to the appropriate data type before plotting.
2026-06-10 10:51:07,040 [INFO] matplotlib.category: Using categorical units to plot a list of strings that are all parsable as floats or dates. If these strings should be plotted as numbers, cast to the appropriate data type before plotting.
2026-06-10 10:51:07,040 [INFO] matplotlib.category: Using categorical units to plot a list of strings that are all parsable as floats or dates. If these strings should be plotted as numbers, cast to the appropriate data type before plotting.
2026-06-10 10:51:07,072 [INFO] matplotlib.category: Using categorical units to plot a list of strings that are all parsable as floats or dates. If these strings should be plotted as numbers, cast to the appropriate data type before plotting.
2026-06-10 10:51:07,073 [INFO] matplotlib.category: Using categorical units to plot a list of strings that are all parsable as floats or dates. If these strings should be plotted as numbers, cast to the appropriate data type before plotting.
2026-06-10 10:51:07,074 [INFO] matplotlib.category: Using categorical units to plot a list of strings that are all parsable as floats or dates. If these strings should be plotted as numbers, cast to the appropriate data type before plotting.
2026-06-10 10:51:07,074 [INFO] matplotlib.category: Using categorical units to plot a list of strings that are all parsable as floats or dates. If these strings should be plotted as numbers, cast to the appropriate data type before plotting.
2026-06-10 10:51:07,922 [INFO] src.core.excel_export: FAR workbook saved to E:/GT WORK @/GT Work/far-automation/Testing Dataset/Testing_FAR/Palladion_FAR_2020-21.xlsx
2026-06-10 10:51:34,038 [INFO] __main__: Application exiting with code 0
2026-06-10 10:54:46,280 [INFO] __main__: ============================================================
2026-06-10 10:54:46,282 [INFO] __main__: FAR Automation Tool started at 2026-06-10T10:54:46.282127
2026-06-10 10:54:46,287 [INFO] __main__: Python 3.10.11 (tags/v3.10.11:7d4cc5a, Apr  5 2023, 00:38:17) [MSC v.1929 64 bit (AMD64)]
2026-06-10 10:54:46,287 [INFO] __main__: Project root: E:\GT WORK @\GT Work\far-automation
2026-06-10 10:54:46,444 [INFO] __main__: Stylesheet loaded
2026-06-10 10:54:48,389 [INFO] __main__: Main window shown
2026-06-10 10:55:10,025 [INFO] src.gui.input_form: Auto-filled client name from workbook: Balance Sheet as at 31 March 2025
2026-06-10 10:56:00,725 [INFO] __main__: ============================================================
2026-06-10 10:56:00,817 [INFO] __main__: FAR Automation Tool started at 2026-06-10T10:56:00.817952
2026-06-10 10:56:00,824 [INFO] __main__: Python 3.10.11 (tags/v3.10.11:7d4cc5a, Apr  5 2023, 00:38:17) [MSC v.1929 64 bit (AMD64)]
2026-06-10 10:56:00,824 [INFO] __main__: Project root: E:\GT WORK @\GT Work\far-automation
2026-06-10 10:56:00,988 [INFO] __main__: Stylesheet loaded
2026-06-10 10:56:02,941 [INFO] __main__: Main window shown
2026-06-10 10:56:08,278 [INFO] __main__: Application exiting with code 0
2026-06-10 10:56:09,392 [INFO] __main__: Application exiting with code 0
2026-06-10 10:56:20,033 [INFO] src.gui.input_form: Auto-filled client name from workbook: Balance Sheet as at 31 March 2025
2026-06-10 10:56:41,994 [INFO] src.core.cpp_bridge: C++ DLL not found at E:\GT WORK @\GT Work\far-automation\cpp_engine\build\far_engine.dll — using Python fallback
2026-06-10 10:56:42,938 [INFO] src.core.excel_parser: Client name extracted from row 2 col 2: Balance Sheet as at 31 March 2025
2026-06-10 10:56:42,939 [INFO] src.core.excel_parser: Date headers found: CY=2025 (col 5, row 5), PY=2024 (col 6, row 5)
2026-06-10 10:56:42,940 [INFO] src.core.excel_parser: BS columns detected: Particulars=col 2, Notes=col 3
2026-06-10 10:56:42,941 [INFO] src.core.excel_parser: Parsed BS: 54 rows, CY=2025, PY=2024
2026-06-10 10:56:43,919 [INFO] src.core.excel_parser: Client name extracted from row 2 col 2: Statement of Profit and Loss for the year ended 31 March 2025
2026-06-10 10:56:43,920 [INFO] src.core.excel_parser: Date headers found: CY=2025 (col 4, row 5), PY=2024 (col 5, row 5)
2026-06-10 10:56:43,920 [INFO] src.core.excel_parser: PL columns detected: Particulars=col 2, Notes=col 3
2026-06-10 10:56:43,921 [INFO] src.core.excel_parser: Parsed PL: 37 rows, CY=2025, PY=2024
2026-06-10 10:56:44,827 [WARNING] src.core.excel_parser: No single row had at least two date headers.
2026-06-10 10:56:44,828 [INFO] src.core.excel_parser: Note 3: Found 'Total' column at col 8 for Asset note
2026-06-10 10:56:44,831 [WARNING] src.core.excel_parser: No single row had at least two date headers.
2026-06-10 10:56:44,831 [INFO] src.core.excel_parser: Note 4: Found 'Total' column at col 8 for Asset note
2026-06-10 10:56:44,835 [INFO] src.core.excel_parser: Parsed notes from 1 sheets
2026-06-10 10:56:44,836 [INFO] src.core.excel_parser: Found non-zero value for 'trade receivables' on row 'Trade receivables': CY=9350.36, PY=11738.93
2026-06-10 10:56:44,840 [INFO] src.core.excel_parser: BS Summary: total_ca=17231, total_cl=11884, debtors=9350, equity=11527
2026-06-10 10:56:44,841 [WARNING] src.core.excel_parser: Keyword 'revenue' matched row 'Revenue' but value is ZERO — may be a heading row; scanning further
2026-06-10 10:56:44,841 [INFO] src.core.excel_parser: Found non-zero value for 'revenue' on row 'Revenue from contracts with the customers': CY=23301.29, PY=28077.97
2026-06-10 10:56:44,842 [INFO] src.core.excel_parser: Found non-zero value for 'total income' on row 'Total Income': CY=23563.25, PY=28462.99
2026-06-10 10:56:44,844 [INFO] src.core.excel_parser: PBT found: row='Profit / (Loss) before exceptional items and tax', CY=650.87, PY=3209.39
2026-06-10 10:56:44,844 [INFO] src.core.excel_parser: PAT found via keyword 'profit for the year': row='(Loss) / Profit for the year after tax', CY=-3.63, PY=-16123.40
2026-06-10 10:56:44,845 [INFO] src.core.excel_parser: Found non-zero value for 'finance cost' on row 'Finance costs': CY=140.67, PY=92.78
2026-06-10 10:56:44,845 [INFO] src.core.excel_parser: PL Summary: revenue_ops=23301, pbt=651, pat=-4, finance_cost=141
2026-06-10 10:56:44,845 [INFO] src.core.cpp_bridge: Ratio inputs — revenue_ops: CY=23301 PY=28078 | pat: CY=-4 PY=-16123 | debtors: CY=9350 PY=11739 (avg_cy=10545) | total_ca: CY=17231 PY=20594 | total_cl: CY=11884 PY=15761
2026-06-10 10:56:44,845 [INFO] src.core.cpp_bridge: RATIO 'Debt Equity Ratio': CY=1.0000, PY=1.0000, Change=0.00%
2026-06-10 10:56:44,845 [INFO] src.core.cpp_bridge: RATIO 'Current Ratio': CY=1.4500, PY=1.3066, Change=10.97%
2026-06-10 10:56:44,845 [INFO] src.core.cpp_bridge: RATIO 'GCA Days': CY=266.9158, PY=264.0868, Change=1.07%
2026-06-10 10:56:44,845 [INFO] src.core.cpp_bridge: RATIO 'Total Outside Liab. vs Total Equity': CY=1.0909, PY=1.5196, Change=-28.21%
2026-06-10 10:56:44,845 [INFO] src.core.cpp_bridge: RATIO 'Net Profit Ratio': CY=-0.0156, PY=-57.4237, Change=99.97%
2026-06-10 10:56:44,845 [INFO] src.core.cpp_bridge: RATIO 'Return on Equity (ROE)': CY=5.6737, PY=28.1134, Change=-79.82%
2026-06-10 10:56:44,845 [INFO] src.core.cpp_bridge: RATIO 'Return on Capital Employed (ROCE)': CY=3.4333, PY=14.4632, Change=-76.26%
2026-06-10 10:56:44,845 [INFO] src.core.cpp_bridge: RATIO 'Debtor Turnover Ratio': CY=2.2098, PY=2.3919, Change=-7.61%
2026-06-10 10:56:44,845 [INFO] src.core.validation: VALIDATION PASS - Balance Sheet identity: Assets=24,103 ≈ Equity+Liabilities=24,103 (diff=0, within tolerance 24)
2026-06-10 10:56:44,848 [INFO] src.core.validation: VALIDATION PASS - Revenue from Operations > 0: Revenue = 23,301
2026-06-10 10:56:44,848 [INFO] src.core.validation: VALIDATION PASS - Average Trade Receivables > 0: CY=9,350, PY=11,739, Avg=10,545
2026-06-10 10:56:44,848 [INFO] src.core.validation: VALIDATION PASS - Ratio 'Current Ratio': CY=1.4500 (non-zero)
2026-06-10 10:56:44,850 [INFO] src.core.validation: VALIDATION PASS - Ratio 'Net Profit Ratio': CY=-0.0156 (non-zero)
2026-06-10 10:56:44,850 [INFO] src.core.validation: VALIDATION PASS - Ratio 'Return on Equity (ROE)': CY=5.6737 (non-zero)
2026-06-10 10:56:44,850 [INFO] src.core.validation: VALIDATION PASS - Ratio 'Return on Capital Employed (ROCE)': CY=3.4333 (non-zero)
2026-06-10 10:56:44,850 [INFO] src.core.validation: VALIDATION PASS - Ratio 'Debtor Turnover Ratio': CY=2.2098 (non-zero)
2026-06-10 10:56:44,850 [INFO] src.core.validation: VALIDATION PASS - P&L mapping: Revenue from Operations: = 23,301
2026-06-10 10:56:44,850 [INFO] src.core.validation: VALIDATION PASS - P&L mapping: Profit Before Tax: = 651
2026-06-10 10:56:44,850 [INFO] src.core.validation: VALIDATION PASS - P&L mapping: Profit After Tax: = -4
2026-06-10 10:56:44,850 [INFO] src.core.validation: VALIDATION PASS - BS mapping: Total Current Assets: = 17,231
2026-06-10 10:56:44,850 [INFO] src.core.validation: VALIDATION PASS - BS mapping: Total Current Liabilities: = 11,884
2026-06-10 10:56:44,850 [INFO] src.core.validation: VALIDATION PASS - BS mapping: Total Equity: = 11,527
2026-06-10 10:56:44,850 [INFO] src.core.validation: VALIDATION PASS - BS mapping: Trade Receivables: = 9,350
2026-06-10 10:56:44,850 [INFO] src.core.validation: VALIDATION PASS - BS row count: 54 rows parsed
2026-06-10 10:56:44,851 [INFO] src.core.validation: VALIDATION PASS - P&L row count: 37 rows parsed
2026-06-10 10:56:44,851 [INFO] src.core.validation: Validation complete: 17 passed, 0 warnings, 0 failed, 0 auto-corrected
2026-06-10 10:56:44,851 [INFO] src.core.validation: ============================================================
FAR VALIDATION REPORT
============================================================

PASSED CHECKS:
  ? Balance Sheet identity: Assets=24,103 ? Equity+Liabilities=24,103 (diff=0, within tolerance 24)
  ? Revenue from Operations > 0: Revenue = 23,301
  ? Average Trade Receivables > 0: CY=9,350, PY=11,739, Avg=10,545
  ? Ratio 'Current Ratio': CY=1.4500 (non-zero)
  ? Ratio 'Net Profit Ratio': CY=-0.0156 (non-zero)
  ? Ratio 'Return on Equity (ROE)': CY=5.6737 (non-zero)
  ? Ratio 'Return on Capital Employed (ROCE)': CY=3.4333 (non-zero)
  ? Ratio 'Debtor Turnover Ratio': CY=2.2098 (non-zero)
  ? P&L mapping: Revenue from Operations: = 23,301
  ? P&L mapping: Profit Before Tax: = 651
  ? P&L mapping: Profit After Tax: = -4
  ? BS mapping: Total Current Assets: = 17,231
  ? BS mapping: Total Current Liabilities: = 11,884
  ? BS mapping: Total Equity: = 11,527
  ? BS mapping: Trade Receivables: = 9,350
  ? BS row count: 54 rows parsed
  ? P&L row count: 37 rows parsed
============================================================
2026-06-10 10:56:45,012 [INFO] matplotlib.category: Using categorical units to plot a list of strings that are all parsable as floats or dates. If these strings should be plotted as numbers, cast to the appropriate data type before plotting.
2026-06-10 10:56:45,014 [INFO] matplotlib.category: Using categorical units to plot a list of strings that are all parsable as floats or dates. If these strings should be plotted as numbers, cast to the appropriate data type before plotting.
2026-06-10 10:56:45,014 [INFO] matplotlib.category: Using categorical units to plot a list of strings that are all parsable as floats or dates. If these strings should be plotted as numbers, cast to the appropriate data type before plotting.
2026-06-10 10:56:45,044 [INFO] matplotlib.category: Using categorical units to plot a list of strings that are all parsable as floats or dates. If these strings should be plotted as numbers, cast to the appropriate data type before plotting.
2026-06-10 10:56:45,045 [INFO] matplotlib.category: Using categorical units to plot a list of strings that are all parsable as floats or dates. If these strings should be plotted as numbers, cast to the appropriate data type before plotting.
2026-06-10 10:56:45,046 [INFO] matplotlib.category: Using categorical units to plot a list of strings that are all parsable as floats or dates. If these strings should be plotted as numbers, cast to the appropriate data type before plotting.
2026-06-10 10:56:45,047 [INFO] matplotlib.category: Using categorical units to plot a list of strings that are all parsable as floats or dates. If these strings should be plotted as numbers, cast to the appropriate data type before plotting.
2026-06-10 10:56:45,047 [INFO] matplotlib.category: Using categorical units to plot a list of strings that are all parsable as floats or dates. If these strings should be plotted as numbers, cast to the appropriate data type before plotting.
2026-06-10 10:56:45,048 [INFO] matplotlib.category: Using categorical units to plot a list of strings that are all parsable as floats or dates. If these strings should be plotted as numbers, cast to the appropriate data type before plotting.
2026-06-10 10:56:45,075 [INFO] matplotlib.category: Using categorical units to plot a list of strings that are all parsable as floats or dates. If these strings should be plotted as numbers, cast to the appropriate data type before plotting.
2026-06-10 10:56:45,076 [INFO] matplotlib.category: Using categorical units to plot a list of strings that are all parsable as floats or dates. If these strings should be plotted as numbers, cast to the appropriate data type before plotting.
2026-06-10 10:56:45,077 [INFO] matplotlib.category: Using categorical units to plot a list of strings that are all parsable as floats or dates. If these strings should be plotted as numbers, cast to the appropriate data type before plotting.
2026-06-10 10:56:45,077 [INFO] matplotlib.category: Using categorical units to plot a list of strings that are all parsable as floats or dates. If these strings should be plotted as numbers, cast to the appropriate data type before plotting.
2026-06-10 10:56:45,348 [INFO] src.gui.main_window: FAR generated: BS=54 rows, PL=37 rows, Ratios=8
2026-06-10 10:59:29,298 [INFO] __main__: ============================================================
2026-06-10 10:59:29,309 [INFO] __main__: FAR Automation Tool started at 2026-06-10T10:59:29.309050
2026-06-10 10:59:29,333 [INFO] __main__: Python 3.10.11 (tags/v3.10.11:7d4cc5a, Apr  5 2023, 00:38:17) [MSC v.1929 64 bit (AMD64)]
2026-06-10 10:59:29,334 [INFO] __main__: Project root: E:\GT WORK @\GT Work\far-automation
2026-06-10 10:59:29,500 [INFO] __main__: Stylesheet loaded
2026-06-10 10:59:31,489 [INFO] __main__: Main window shown
2026-06-10 11:00:35,580 [INFO] __main__: Application exiting with code 0
2026-06-10 11:00:49,675 [INFO] src.gui.input_form: Auto-filled client name from workbook: Balance Sheet as at 31 March 2025
2026-06-10 11:01:08,219 [INFO] src.core.cpp_bridge: C++ DLL not found at E:\GT WORK @\GT Work\far-automation\cpp_engine\build\far_engine.dll — using Python fallback
2026-06-10 11:01:09,212 [INFO] src.core.excel_parser: Client name extracted from row 2 col 2: Balance Sheet as at 31 March 2025
2026-06-10 11:01:09,213 [INFO] src.core.excel_parser: Date headers found: CY=2025 (col 5, row 5), PY=2024 (col 6, row 5)
2026-06-10 11:01:09,214 [INFO] src.core.excel_parser: BS columns detected: Particulars=col 2, Notes=col 3
2026-06-10 11:01:09,215 [INFO] src.core.excel_parser: Parsed BS: 54 rows, CY=2025, PY=2024
2026-06-10 11:01:10,266 [INFO] src.core.excel_parser: Client name extracted from row 2 col 2: Statement of Profit and Loss for the year ended 31 March 2025
2026-06-10 11:01:10,267 [INFO] src.core.excel_parser: Date headers found: CY=2025 (col 4, row 5), PY=2024 (col 5, row 5)
2026-06-10 11:01:10,267 [INFO] src.core.excel_parser: PL columns detected: Particulars=col 2, Notes=col 3
2026-06-10 11:01:10,268 [INFO] src.core.excel_parser: Parsed PL: 37 rows, CY=2025, PY=2024
2026-06-10 11:01:11,239 [WARNING] src.core.excel_parser: Notes sheet 'Note 1-2' was found but yielded no parsed groups
2026-06-10 11:01:11,242 [WARNING] src.core.excel_parser: No single row had at least two date headers.
2026-06-10 11:01:11,243 [INFO] src.core.excel_parser: Note 3: Found 'Total' column at col 8 for Asset note
2026-06-10 11:01:11,246 [WARNING] src.core.excel_parser: No single row had at least two date headers.
2026-06-10 11:01:11,247 [INFO] src.core.excel_parser: Note 4: Found 'Total' column at col 8 for Asset note
2026-06-10 11:01:11,250 [INFO] src.core.excel_parser: Date headers found: CY=2025 (col 3, row 8), PY=2025 (col 4, row 8)
2026-06-10 11:01:11,252 [INFO] src.core.excel_parser: Date headers found: CY=2025 (col 4, row 32), PY=2024 (col 5, row 32)
2026-06-10 11:01:11,253 [INFO] src.core.excel_parser: Date headers found: CY=2025 (col 3, row 48), PY=2025 (col 4, row 48)
2026-06-10 11:01:11,255 [INFO] src.core.excel_parser: Date headers found: CY=2025 (col 8, row 6), PY=2025 (col 9, row 6)
2026-06-10 11:01:11,257 [WARNING] src.core.excel_parser: Could not find two date header columns, found: [(22, 2, 2025)]
2026-06-10 11:01:11,258 [INFO] src.core.excel_parser: Note 8: Could not find date columns — falling back to columns 3 and 4
2026-06-10 11:01:11,260 [INFO] src.core.excel_parser: Date headers found: CY=2025 (col 8, row 46), PY=2025 (col 9, row 46)
2026-06-10 11:01:11,262 [INFO] src.core.excel_parser: Date headers found: CY=2025 (col 8, row 54), PY=2025 (col 9, row 54)
2026-06-10 11:01:11,263 [INFO] src.core.excel_parser: Date headers found: CY=2025 (col 8, row 68), PY=2025 (col 9, row 68)
2026-06-10 11:01:11,265 [INFO] src.core.excel_parser: Date headers found: CY=2025 (col 5, row 8), PY=2024 (col 7, row 8)
2026-06-10 11:01:11,269 [INFO] src.core.excel_parser: Date headers found: CY=2025 (col 5, row 82), PY=2024 (col 7, row 82)
2026-06-10 11:01:11,272 [INFO] src.core.excel_parser: Date headers found: CY=2025 (col 7, row 109), PY=2024 (col 8, row 109)
2026-06-10 11:01:11,274 [INFO] src.core.excel_parser: Date headers found: CY=2025 (col 7, row 143), PY=2024 (col 8, row 143)
2026-06-10 11:01:11,277 [INFO] src.core.excel_parser: Date headers found: CY=2025 (col 8, row 5), PY=2025 (col 9, row 5)
2026-06-10 11:01:11,279 [WARNING] src.core.excel_parser: No single row had at least two date headers.
2026-06-10 11:01:11,279 [INFO] src.core.excel_parser: Note 14: Could not find date columns — falling back to columns 3 and 4
2026-06-10 11:01:11,282 [INFO] src.core.excel_parser: Date headers found: CY=2025 (col 8, row 39), PY=2025 (col 9, row 39)
2026-06-10 11:01:11,284 [INFO] src.core.excel_parser: Date headers found: CY=2025 (col 8, row 49), PY=2025 (col 9, row 49)
2026-06-10 11:01:11,287 [INFO] src.core.excel_parser: Date headers found: CY=2025 (col 8, row 57), PY=2025 (col 9, row 57)
2026-06-10 11:01:11,289 [INFO] src.core.excel_parser: Date headers found: CY=2025 (col 3, row 5), PY=2025 (col 4, row 5)
2026-06-10 11:01:11,293 [INFO] src.core.excel_parser: Date headers found: CY=2025 (col 3, row 73), PY=2025 (col 4, row 73)
2026-06-10 11:01:11,294 [INFO] src.core.excel_parser: Date headers found: CY=2025 (col 3, row 93), PY=2025 (col 4, row 93)
2026-06-10 11:01:11,296 [INFO] src.core.excel_parser: Date headers found: CY=2025 (col 3, row 99), PY=2025 (col 4, row 99)
2026-06-10 11:01:11,298 [INFO] src.core.excel_parser: Date headers found: CY=2025 (col 3, row 110), PY=2025 (col 4, row 110)
2026-06-10 11:01:11,300 [INFO] src.core.excel_parser: Date headers found: CY=2025 (col 3, row 123), PY=2025 (col 4, row 123)
2026-06-10 11:01:11,301 [INFO] src.core.excel_parser: Date headers found: CY=2025 (col 3, row 137), PY=2025 (col 4, row 137)
2026-06-10 11:01:11,302 [INFO] src.core.excel_parser: Date headers found: CY=2025 (col 3, row 151), PY=2025 (col 4, row 151)
2026-06-10 11:01:11,305 [INFO] src.core.excel_parser: Date headers found: CY=2025 (col 3, row 194), PY=2025 (col 4, row 194)
2026-06-10 11:01:11,306 [WARNING] src.core.excel_parser: No single row had at least two date headers.
2026-06-10 11:01:11,306 [INFO] src.core.excel_parser: Note 25: Could not find date columns — falling back to columns 3 and 4
2026-06-10 11:01:11,308 [INFO] src.core.excel_parser: Date headers found: CY=2025 (col 6, row 9), PY=2024 (col 7, row 9)
2026-06-10 11:01:11,312 [INFO] src.core.excel_parser: Date headers found: CY=2025 (col 6, row 81), PY=2024 (col 7, row 81)
2026-06-10 11:01:11,314 [INFO] src.core.excel_parser: Date headers found: CY=2025 (col 6, row 125), PY=2024 (col 7, row 125)
2026-06-10 11:01:11,316 [INFO] src.core.excel_parser: Date headers found: CY=2025 (col 8, row 11), PY=2024 (col 9, row 11)
2026-06-10 11:01:11,319 [INFO] src.core.excel_parser: Date headers found: CY=2025 (col 8, row 74), PY=2024 (col 9, row 74)
2026-06-10 11:01:11,322 [WARNING] src.core.excel_parser: Could not find two date header columns, found: [(12, 2, 2023)]
2026-06-10 11:01:11,322 [INFO] src.core.excel_parser: Note 29: Could not find date columns — falling back to columns 3 and 4
2026-06-10 11:01:11,325 [WARNING] src.core.excel_parser: Could not find two date header columns, found: [(64, 2, 2023)]
2026-06-10 11:01:11,325 [INFO] src.core.excel_parser: Note 28: Could not find date columns — falling back to columns 3 and 4
2026-06-10 11:01:11,331 [WARNING] src.core.excel_parser: Could not find two date header columns, found: [(14, 6, 2023)]
2026-06-10 11:01:11,332 [INFO] src.core.excel_parser: Note 30: Could not find date columns — falling back to columns 3 and 4
2026-06-10 11:01:11,337 [INFO] src.core.excel_parser: Date headers found: CY=2025 (col 8, row 92), PY=2024 (col 9, row 92)
2026-06-10 11:01:11,342 [INFO] src.core.excel_parser: Date headers found: CY=2025 (col 8, row 156), PY=2024 (col 9, row 156)
2026-06-10 11:01:11,348 [INFO] src.core.excel_parser: Date headers found: CY=2025 (col 8, row 236), PY=2024 (col 9, row 236)
2026-06-10 11:01:11,356 [INFO] src.core.excel_parser: Date headers found: CY=2025 (col 8, row 314), PY=2024 (col 9, row 314)
2026-06-10 11:01:11,362 [INFO] src.core.excel_parser: Date headers found: CY=2025 (col 8, row 379), PY=2024 (col 9, row 379)
2026-06-10 11:01:11,368 [INFO] src.core.excel_parser: Date headers found: CY=2023 (col 5, row 413), PY=2022 (col 8, row 413)
2026-06-10 11:01:11,373 [INFO] src.core.excel_parser: Date headers found: CY=2025 (col 7, row 11), PY=2025 (col 9, row 11)
2026-06-10 11:01:11,377 [WARNING] src.core.excel_parser: Could not find two date header columns, found: [(6, 3, 2025)]
2026-06-10 11:01:11,377 [INFO] src.core.excel_parser: Note 32: Could not find date columns — falling back to columns 3 and 4
2026-06-10 11:01:11,381 [INFO] src.core.excel_parser: Date headers found: CY=2025 (col 7, row 84), PY=2024 (col 8, row 84)
2026-06-10 11:01:11,383 [INFO] src.core.excel_parser: Date headers found: CY=2025 (col 7, row 110), PY=2024 (col 8, row 110)
2026-06-10 11:01:11,387 [WARNING] src.core.excel_parser: Could not find two date header columns, found: [(27, 2, 2020)]
2026-06-10 11:01:11,387 [INFO] src.core.excel_parser: Note 34: Could not find date columns — falling back to columns 3 and 4
2026-06-10 11:01:11,389 [INFO] src.core.excel_parser: Date headers found: CY=2025 (col 6, row 32), PY=2024 (col 7, row 32)
2026-06-10 11:01:11,392 [WARNING] src.core.excel_parser: Could not find two date header columns, found: [(60, 2, 2014)]
2026-06-10 11:01:11,393 [INFO] src.core.excel_parser: Note 38: Could not find date columns — falling back to columns 3 and 4
2026-06-10 11:01:11,396 [WARNING] src.core.excel_parser: Could not find two date header columns, found: [(77, 2, 2025)]
2026-06-10 11:01:11,396 [INFO] src.core.excel_parser: Note 39: Could not find date columns — falling back to columns 3 and 4
2026-06-10 11:01:11,400 [WARNING] src.core.excel_parser: Could not find two date header columns, found: [(95, 2, 2025)]
2026-06-10 11:01:11,401 [INFO] src.core.excel_parser: Note 40: Could not find date columns — falling back to columns 3 and 4
2026-06-10 11:01:11,403 [WARNING] src.core.excel_parser: Could not find two date header columns, found: [(95, 2, 2025)]
2026-06-10 11:01:11,403 [INFO] src.core.excel_parser: Note 41: Could not find date columns — falling back to columns 3 and 4
2026-06-10 11:01:11,406 [WARNING] src.core.excel_parser: No single row had at least two date headers.
2026-06-10 11:01:11,406 [INFO] src.core.excel_parser: Note 42: Could not find date columns — falling back to columns 3 and 4
2026-06-10 11:01:11,408 [INFO] src.core.excel_parser: Parsed notes from 13 sheets
2026-06-10 11:01:11,411 [INFO] src.core.excel_parser: Found non-zero value for 'trade receivables' on row 'Trade receivables': CY=0.09, PY=0.12
2026-06-10 11:01:11,415 [INFO] src.core.excel_parser: BS Summary: total_ca=0, total_cl=0, debtors=0, equity=0
2026-06-10 11:01:11,416 [WARNING] src.core.excel_parser: Keyword 'revenue' matched row 'Revenue' but value is ZERO — may be a heading row; scanning further
2026-06-10 11:01:11,416 [INFO] src.core.excel_parser: Found non-zero value for 'revenue' on row 'Revenue from contracts with the customers': CY=0.23, PY=0.28
2026-06-10 11:01:11,416 [INFO] src.core.excel_parser: Found non-zero value for 'total income' on row 'Total Income': CY=0.24, PY=0.28
2026-06-10 11:01:11,416 [INFO] src.core.excel_parser: PBT found: row='Profit / (Loss) before exceptional items and tax', CY=0.01, PY=0.03
2026-06-10 11:01:11,417 [INFO] src.core.excel_parser: PAT found via keyword 'profit for the year': row='(Loss) / Profit for the year after tax', CY=0.00, PY=-0.16
2026-06-10 11:01:11,417 [WARNING] src.core.excel_parser: Keyword 'finance cost' matched row 'Finance costs' but value is ZERO — may be a heading row; scanning further
2026-06-10 11:01:11,417 [WARNING] src.core.excel_parser: All matches for keywords ['finance charge', 'finance cost', 'interest expense', 'interest and finance cost', 'borrowing cost'] returned zero — using zero as fallback
2026-06-10 11:01:11,417 [INFO] src.core.excel_parser: PL Summary: revenue_ops=0, pbt=0, pat=0, finance_cost=0
2026-06-10 11:01:11,417 [INFO] src.core.cpp_bridge: Ratio inputs — revenue_ops: CY=0 PY=0 | pat: CY=0 PY=-0 | debtors: CY=0 PY=0 (avg_cy=0) | total_ca: CY=0 PY=0 | total_cl: CY=0 PY=0
2026-06-10 11:01:11,417 [INFO] src.core.cpp_bridge: RATIO 'Debt Equity Ratio': CY=0.9167, PY=1.0000, Change=-8.33%
2026-06-10 11:01:11,417 [INFO] src.core.cpp_bridge: RATIO 'Current Ratio': CY=1.4167, PY=1.3125, Change=7.94%
2026-06-10 11:01:11,417 [INFO] src.core.cpp_bridge: RATIO 'GCA Days': CY=258.5417, PY=273.7500, Change=-5.56%
2026-06-10 11:01:11,418 [INFO] src.core.cpp_bridge: RATIO 'Total Outside Liab. vs Total Equity': CY=1.0833, PY=1.6364, Change=-33.80%
2026-06-10 11:01:11,419 [INFO] src.core.cpp_bridge: RATIO 'Net Profit Ratio': CY=0.0000, PY=-57.1429, Change=100.00%
2026-06-10 11:01:11,419 [INFO] src.core.cpp_bridge: RATIO 'Return on Equity (ROE)': CY=8.6957, PY=27.2727, Change=-68.12%
2026-06-10 11:01:11,419 [INFO] src.core.cpp_bridge: RATIO 'Return on Capital Employed (ROCE)': CY=4.3478, PY=13.6364, Change=-68.12%
2026-06-10 11:01:11,419 [INFO] src.core.cpp_bridge: RATIO 'Debtor Turnover Ratio': CY=2.1905, PY=2.3333, Change=-6.12%
2026-06-10 11:01:11,419 [INFO] src.core.validation: VALIDATION PASS - Balance Sheet identity: Assets=0 ≈ Equity+Liabilities=0 (diff=0, within tolerance 1)
2026-06-10 11:01:11,424 [INFO] src.core.validation: VALIDATION PASS - Revenue from Operations > 0: Revenue = 0
2026-06-10 11:01:11,424 [INFO] src.core.validation: VALIDATION PASS - Average Trade Receivables > 0: CY=0, PY=0, Avg=0
2026-06-10 11:01:11,424 [INFO] src.core.validation: VALIDATION PASS - Ratio 'Current Ratio': CY=1.4167 (non-zero)
2026-06-10 11:01:11,425 [WARNING] src.core.validation: VALIDATION WARN - Ratio 'Net Profit Ratio' = 0: Both numerator and denominator are 0 — verify source data has actual values for 'Net Profit Ratio'
2026-06-10 11:01:11,425 [INFO] src.core.validation: VALIDATION PASS - Ratio 'Return on Equity (ROE)': CY=8.6957 (non-zero)
2026-06-10 11:01:11,425 [INFO] src.core.validation: VALIDATION PASS - Ratio 'Return on Capital Employed (ROCE)': CY=4.3478 (non-zero)
2026-06-10 11:01:11,425 [INFO] src.core.validation: VALIDATION PASS - Ratio 'Debtor Turnover Ratio': CY=2.1905 (non-zero)
2026-06-10 11:01:11,425 [INFO] src.core.validation: VALIDATION PASS - P&L mapping: Revenue from Operations: = 0
2026-06-10 11:01:11,425 [INFO] src.core.validation: VALIDATION PASS - P&L mapping: Profit Before Tax: = 0
2026-06-10 11:01:11,425 [WARNING] src.core.validation: VALIDATION WARN - P&L mapping: Profit After Tax = 0: Key 'pat_cy' not found or is genuinely zero. Check P&L sheet for the correct row label.
2026-06-10 11:01:11,425 [INFO] src.core.validation: VALIDATION PASS - BS mapping: Total Current Assets: = 0
2026-06-10 11:01:11,425 [INFO] src.core.validation: VALIDATION PASS - BS mapping: Total Current Liabilities: = 0
2026-06-10 11:01:11,425 [INFO] src.core.validation: VALIDATION PASS - BS mapping: Total Equity: = 0
2026-06-10 11:01:11,426 [INFO] src.core.validation: VALIDATION PASS - BS mapping: Trade Receivables: = 0
2026-06-10 11:01:11,426 [INFO] src.core.validation: VALIDATION PASS - BS row count: 54 rows parsed
2026-06-10 11:01:11,426 [INFO] src.core.validation: VALIDATION PASS - P&L row count: 37 rows parsed
2026-06-10 11:01:11,426 [INFO] src.core.validation: Validation complete: 15 passed, 2 warnings, 0 failed, 0 auto-corrected
2026-06-10 11:01:11,426 [INFO] src.core.validation: ============================================================
FAR VALIDATION REPORT
============================================================

PASSED CHECKS:
  ? Balance Sheet identity: Assets=0 ? Equity+Liabilities=0 (diff=0, within tolerance 1)
  ? Revenue from Operations > 0: Revenue = 0
  ? Average Trade Receivables > 0: CY=0, PY=0, Avg=0
  ? Ratio 'Current Ratio': CY=1.4167 (non-zero)
  ? Ratio 'Return on Equity (ROE)': CY=8.6957 (non-zero)
  ? Ratio 'Return on Capital Employed (ROCE)': CY=4.3478 (non-zero)
  ? Ratio 'Debtor Turnover Ratio': CY=2.1905 (non-zero)
  ? P&L mapping: Revenue from Operations: = 0
  ? P&L mapping: Profit Before Tax: = 0
  ? BS mapping: Total Current Assets: = 0
  ? BS mapping: Total Current Liabilities: = 0
  ? BS mapping: Total Equity: = 0
  ? BS mapping: Trade Receivables: = 0
  ? BS row count: 54 rows parsed
  ? P&L row count: 37 rows parsed

WARNINGS:
  ? Ratio 'Net Profit Ratio' = 0: Both numerator and denominator are 0 ? verify source data has actual values for 'Net Profit Ratio'
  ? P&L mapping: Profit After Tax = 0: Key 'pat_cy' not found or is genuinely zero. Check P&L sheet for the correct row label.
============================================================
2026-06-10 11:01:12,241 [INFO] matplotlib.category: Using categorical units to plot a list of strings that are all parsable as floats or dates. If these strings should be plotted as numbers, cast to the appropriate data type before plotting.
2026-06-10 11:01:12,243 [INFO] matplotlib.category: Using categorical units to plot a list of strings that are all parsable as floats or dates. If these strings should be plotted as numbers, cast to the appropriate data type before plotting.
2026-06-10 11:01:12,243 [INFO] matplotlib.category: Using categorical units to plot a list of strings that are all parsable as floats or dates. If these strings should be plotted as numbers, cast to the appropriate data type before plotting.
2026-06-10 11:01:12,267 [INFO] matplotlib.category: Using categorical units to plot a list of strings that are all parsable as floats or dates. If these strings should be plotted as numbers, cast to the appropriate data type before plotting.
2026-06-10 11:01:12,268 [INFO] matplotlib.category: Using categorical units to plot a list of strings that are all parsable as floats or dates. If these strings should be plotted as numbers, cast to the appropriate data type before plotting.
2026-06-10 11:01:12,269 [INFO] matplotlib.category: Using categorical units to plot a list of strings that are all parsable as floats or dates. If these strings should be plotted as numbers, cast to the appropriate data type before plotting.
2026-06-10 11:01:12,270 [INFO] matplotlib.category: Using categorical units to plot a list of strings that are all parsable as floats or dates. If these strings should be plotted as numbers, cast to the appropriate data type before plotting.
2026-06-10 11:01:12,270 [INFO] matplotlib.category: Using categorical units to plot a list of strings that are all parsable as floats or dates. If these strings should be plotted as numbers, cast to the appropriate data type before plotting.
2026-06-10 11:01:12,270 [INFO] matplotlib.category: Using categorical units to plot a list of strings that are all parsable as floats or dates. If these strings should be plotted as numbers, cast to the appropriate data type before plotting.
2026-06-10 11:01:12,299 [INFO] matplotlib.category: Using categorical units to plot a list of strings that are all parsable as floats or dates. If these strings should be plotted as numbers, cast to the appropriate data type before plotting.
2026-06-10 11:01:12,300 [INFO] matplotlib.category: Using categorical units to plot a list of strings that are all parsable as floats or dates. If these strings should be plotted as numbers, cast to the appropriate data type before plotting.
2026-06-10 11:01:12,301 [INFO] matplotlib.category: Using categorical units to plot a list of strings that are all parsable as floats or dates. If these strings should be plotted as numbers, cast to the appropriate data type before plotting.
2026-06-10 11:01:12,302 [INFO] matplotlib.category: Using categorical units to plot a list of strings that are all parsable as floats or dates. If these strings should be plotted as numbers, cast to the appropriate data type before plotting.
2026-06-10 11:01:12,506 [INFO] src.gui.main_window: FAR generated: BS=54 rows, PL=37 rows, Ratios=8
2026-06-10 11:01:20,117 [INFO] src.core.excel_parser: Client name extracted from row 2 col 2: Balance Sheet as at 31 March 2025
2026-06-10 11:01:20,118 [INFO] src.core.excel_parser: Date headers found: CY=2025 (col 5, row 5), PY=2024 (col 6, row 5)
2026-06-10 11:01:20,119 [INFO] src.core.excel_parser: BS columns detected: Particulars=col 2, Notes=col 3
2026-06-10 11:01:20,120 [INFO] src.core.excel_parser: Parsed BS: 54 rows, CY=2025, PY=2024
2026-06-10 11:01:21,116 [INFO] src.core.excel_parser: Client name extracted from row 2 col 2: Statement of Profit and Loss for the year ended 31 March 2025
2026-06-10 11:01:21,117 [INFO] src.core.excel_parser: Date headers found: CY=2025 (col 4, row 5), PY=2024 (col 5, row 5)
2026-06-10 11:01:21,117 [INFO] src.core.excel_parser: PL columns detected: Particulars=col 2, Notes=col 3
2026-06-10 11:01:21,118 [INFO] src.core.excel_parser: Parsed PL: 37 rows, CY=2025, PY=2024
2026-06-10 11:01:22,123 [WARNING] src.core.excel_parser: Notes sheet 'Note 1-2' was found but yielded no parsed groups
2026-06-10 11:01:22,125 [WARNING] src.core.excel_parser: No single row had at least two date headers.
2026-06-10 11:01:22,126 [INFO] src.core.excel_parser: Note 3: Found 'Total' column at col 8 for Asset note
2026-06-10 11:01:22,129 [WARNING] src.core.excel_parser: No single row had at least two date headers.
2026-06-10 11:01:22,129 [INFO] src.core.excel_parser: Note 4: Found 'Total' column at col 8 for Asset note
2026-06-10 11:01:22,132 [INFO] src.core.excel_parser: Date headers found: CY=2025 (col 3, row 8), PY=2025 (col 4, row 8)
2026-06-10 11:01:22,134 [INFO] src.core.excel_parser: Date headers found: CY=2025 (col 4, row 32), PY=2024 (col 5, row 32)
2026-06-10 11:01:22,135 [INFO] src.core.excel_parser: Date headers found: CY=2025 (col 3, row 48), PY=2025 (col 4, row 48)
2026-06-10 11:01:22,138 [INFO] src.core.excel_parser: Date headers found: CY=2025 (col 8, row 6), PY=2025 (col 9, row 6)
2026-06-10 11:01:22,139 [WARNING] src.core.excel_parser: Could not find two date header columns, found: [(22, 2, 2025)]
2026-06-10 11:01:22,140 [INFO] src.core.excel_parser: Note 8: Could not find date columns — falling back to columns 3 and 4
2026-06-10 11:01:22,143 [INFO] src.core.excel_parser: Date headers found: CY=2025 (col 8, row 46), PY=2025 (col 9, row 46)
2026-06-10 11:01:22,146 [INFO] src.core.excel_parser: Date headers found: CY=2025 (col 8, row 54), PY=2025 (col 9, row 54)
2026-06-10 11:01:22,148 [INFO] src.core.excel_parser: Date headers found: CY=2025 (col 8, row 68), PY=2025 (col 9, row 68)
2026-06-10 11:01:22,151 [INFO] src.core.excel_parser: Date headers found: CY=2025 (col 5, row 8), PY=2024 (col 7, row 8)
2026-06-10 11:01:22,154 [INFO] src.core.excel_parser: Date headers found: CY=2025 (col 5, row 82), PY=2024 (col 7, row 82)
2026-06-10 11:01:22,158 [INFO] src.core.excel_parser: Date headers found: CY=2025 (col 7, row 109), PY=2024 (col 8, row 109)
2026-06-10 11:01:22,162 [INFO] src.core.excel_parser: Date headers found: CY=2025 (col 7, row 143), PY=2024 (col 8, row 143)
2026-06-10 11:01:22,165 [INFO] src.core.excel_parser: Date headers found: CY=2025 (col 8, row 5), PY=2025 (col 9, row 5)
2026-06-10 11:01:22,167 [WARNING] src.core.excel_parser: No single row had at least two date headers.
2026-06-10 11:01:22,167 [INFO] src.core.excel_parser: Note 14: Could not find date columns — falling back to columns 3 and 4
2026-06-10 11:01:22,169 [INFO] src.core.excel_parser: Date headers found: CY=2025 (col 8, row 39), PY=2025 (col 9, row 39)
2026-06-10 11:01:22,171 [INFO] src.core.excel_parser: Date headers found: CY=2025 (col 8, row 49), PY=2025 (col 9, row 49)
2026-06-10 11:01:22,174 [INFO] src.core.excel_parser: Date headers found: CY=2025 (col 8, row 57), PY=2025 (col 9, row 57)
2026-06-10 11:01:22,177 [INFO] src.core.excel_parser: Date headers found: CY=2025 (col 3, row 5), PY=2025 (col 4, row 5)
2026-06-10 11:01:22,180 [INFO] src.core.excel_parser: Date headers found: CY=2025 (col 3, row 73), PY=2025 (col 4, row 73)
2026-06-10 11:01:22,182 [INFO] src.core.excel_parser: Date headers found: CY=2025 (col 3, row 93), PY=2025 (col 4, row 93)
2026-06-10 11:01:22,183 [INFO] src.core.excel_parser: Date headers found: CY=2025 (col 3, row 99), PY=2025 (col 4, row 99)
2026-06-10 11:01:22,184 [INFO] src.core.excel_parser: Date headers found: CY=2025 (col 3, row 110), PY=2025 (col 4, row 110)
2026-06-10 11:01:22,186 [INFO] src.core.excel_parser: Date headers found: CY=2025 (col 3, row 123), PY=2025 (col 4, row 123)
2026-06-10 11:01:22,187 [INFO] src.core.excel_parser: Date headers found: CY=2025 (col 3, row 137), PY=2025 (col 4, row 137)
2026-06-10 11:01:22,189 [INFO] src.core.excel_parser: Date headers found: CY=2025 (col 3, row 151), PY=2025 (col 4, row 151)
2026-06-10 11:01:22,191 [INFO] src.core.excel_parser: Date headers found: CY=2025 (col 3, row 194), PY=2025 (col 4, row 194)
2026-06-10 11:01:22,192 [WARNING] src.core.excel_parser: No single row had at least two date headers.
2026-06-10 11:01:22,192 [INFO] src.core.excel_parser: Note 25: Could not find date columns — falling back to columns 3 and 4
2026-06-10 11:01:22,194 [INFO] src.core.excel_parser: Date headers found: CY=2025 (col 6, row 9), PY=2024 (col 7, row 9)
2026-06-10 11:01:22,198 [INFO] src.core.excel_parser: Date headers found: CY=2025 (col 6, row 81), PY=2024 (col 7, row 81)
2026-06-10 11:01:22,201 [INFO] src.core.excel_parser: Date headers found: CY=2025 (col 6, row 125), PY=2024 (col 7, row 125)
2026-06-10 11:01:22,205 [INFO] src.core.excel_parser: Date headers found: CY=2025 (col 8, row 11), PY=2024 (col 9, row 11)
2026-06-10 11:01:22,207 [INFO] src.core.excel_parser: Date headers found: CY=2025 (col 8, row 74), PY=2024 (col 9, row 74)
2026-06-10 11:01:22,211 [WARNING] src.core.excel_parser: Could not find two date header columns, found: [(12, 2, 2023)]
2026-06-10 11:01:22,211 [INFO] src.core.excel_parser: Note 29: Could not find date columns — falling back to columns 3 and 4
2026-06-10 11:01:22,216 [WARNING] src.core.excel_parser: Could not find two date header columns, found: [(64, 2, 2023)]
2026-06-10 11:01:22,216 [INFO] src.core.excel_parser: Note 28: Could not find date columns — falling back to columns 3 and 4
2026-06-10 11:01:22,223 [WARNING] src.core.excel_parser: Could not find two date header columns, found: [(14, 6, 2023)]
2026-06-10 11:01:22,223 [INFO] src.core.excel_parser: Note 30: Could not find date columns — falling back to columns 3 and 4
2026-06-10 11:01:22,227 [INFO] src.core.excel_parser: Date headers found: CY=2025 (col 8, row 92), PY=2024 (col 9, row 92)
2026-06-10 11:01:22,233 [INFO] src.core.excel_parser: Date headers found: CY=2025 (col 8, row 156), PY=2024 (col 9, row 156)
2026-06-10 11:01:22,238 [INFO] src.core.excel_parser: Date headers found: CY=2025 (col 8, row 236), PY=2024 (col 9, row 236)
2026-06-10 11:01:22,246 [INFO] src.core.excel_parser: Date headers found: CY=2025 (col 8, row 314), PY=2024 (col 9, row 314)
2026-06-10 11:01:22,254 [INFO] src.core.excel_parser: Date headers found: CY=2025 (col 8, row 379), PY=2024 (col 9, row 379)
2026-06-10 11:01:22,259 [INFO] src.core.excel_parser: Date headers found: CY=2023 (col 5, row 413), PY=2022 (col 8, row 413)
2026-06-10 11:01:22,263 [INFO] src.core.excel_parser: Date headers found: CY=2025 (col 7, row 11), PY=2025 (col 9, row 11)
2026-06-10 11:01:22,266 [WARNING] src.core.excel_parser: Could not find two date header columns, found: [(6, 3, 2025)]
2026-06-10 11:01:22,266 [INFO] src.core.excel_parser: Note 32: Could not find date columns — falling back to columns 3 and 4
2026-06-10 11:01:22,268 [INFO] src.core.excel_parser: Date headers found: CY=2025 (col 7, row 84), PY=2024 (col 8, row 84)
2026-06-10 11:01:22,270 [INFO] src.core.excel_parser: Date headers found: CY=2025 (col 7, row 110), PY=2024 (col 8, row 110)
2026-06-10 11:01:22,273 [WARNING] src.core.excel_parser: Could not find two date header columns, found: [(27, 2, 2020)]
2026-06-10 11:01:22,274 [INFO] src.core.excel_parser: Note 34: Could not find date columns — falling back to columns 3 and 4
2026-06-10 11:01:22,276 [INFO] src.core.excel_parser: Date headers found: CY=2025 (col 6, row 32), PY=2024 (col 7, row 32)
2026-06-10 11:01:22,278 [WARNING] src.core.excel_parser: Could not find two date header columns, found: [(60, 2, 2014)]
2026-06-10 11:01:22,278 [INFO] src.core.excel_parser: Note 38: Could not find date columns — falling back to columns 3 and 4
2026-06-10 11:01:22,280 [WARNING] src.core.excel_parser: Could not find two date header columns, found: [(77, 2, 2025)]
2026-06-10 11:01:22,280 [INFO] src.core.excel_parser: Note 39: Could not find date columns — falling back to columns 3 and 4
2026-06-10 11:01:22,283 [WARNING] src.core.excel_parser: Could not find two date header columns, found: [(95, 2, 2025)]
2026-06-10 11:01:22,284 [INFO] src.core.excel_parser: Note 40: Could not find date columns — falling back to columns 3 and 4
2026-06-10 11:01:22,286 [WARNING] src.core.excel_parser: Could not find two date header columns, found: [(95, 2, 2025)]
2026-06-10 11:01:22,287 [INFO] src.core.excel_parser: Note 41: Could not find date columns — falling back to columns 3 and 4
2026-06-10 11:01:22,290 [WARNING] src.core.excel_parser: No single row had at least two date headers.
2026-06-10 11:01:22,290 [INFO] src.core.excel_parser: Note 42: Could not find date columns — falling back to columns 3 and 4
2026-06-10 11:01:22,292 [INFO] src.core.excel_parser: Parsed notes from 13 sheets
2026-06-10 11:01:22,295 [INFO] src.core.excel_parser: Found non-zero value for 'trade receivables' on row 'Trade receivables': CY=9350.36, PY=11738.93
2026-06-10 11:01:22,298 [INFO] src.core.excel_parser: BS Summary: total_ca=17231, total_cl=11884, debtors=9350, equity=11527
2026-06-10 11:01:22,298 [WARNING] src.core.excel_parser: Keyword 'revenue' matched row 'Revenue' but value is ZERO — may be a heading row; scanning further
2026-06-10 11:01:22,298 [INFO] src.core.excel_parser: Found non-zero value for 'revenue' on row 'Revenue from contracts with the customers': CY=23301.29, PY=28077.97
2026-06-10 11:01:22,298 [INFO] src.core.excel_parser: Found non-zero value for 'total income' on row 'Total Income': CY=23563.25, PY=28462.99
2026-06-10 11:01:22,298 [INFO] src.core.excel_parser: PBT found: row='Profit / (Loss) before exceptional items and tax', CY=650.87, PY=3209.39
2026-06-10 11:01:22,298 [INFO] src.core.excel_parser: PAT found via keyword 'profit for the year': row='(Loss) / Profit for the year after tax', CY=-3.63, PY=-16123.40
2026-06-10 11:01:22,298 [INFO] src.core.excel_parser: Found non-zero value for 'finance cost' on row 'Finance costs': CY=140.67, PY=92.78
2026-06-10 11:01:22,298 [INFO] src.core.excel_parser: PL Summary: revenue_ops=23301, pbt=651, pat=-4, finance_cost=141
2026-06-10 11:01:22,298 [INFO] src.core.cpp_bridge: Ratio inputs — revenue_ops: CY=23301 PY=28078 | pat: CY=-4 PY=-16123 | debtors: CY=9350 PY=11739 (avg_cy=10545) | total_ca: CY=17231 PY=20594 | total_cl: CY=11884 PY=15761
2026-06-10 11:01:22,298 [INFO] src.core.cpp_bridge: RATIO 'Debt Equity Ratio': CY=1.0000, PY=1.0000, Change=0.00%
2026-06-10 11:01:22,298 [INFO] src.core.cpp_bridge: RATIO 'Current Ratio': CY=1.4500, PY=1.3066, Change=10.97%
2026-06-10 11:01:22,298 [INFO] src.core.cpp_bridge: RATIO 'GCA Days': CY=266.9158, PY=264.0868, Change=1.07%
2026-06-10 11:01:22,299 [INFO] src.core.cpp_bridge: RATIO 'Total Outside Liab. vs Total Equity': CY=1.0909, PY=1.5196, Change=-28.21%
2026-06-10 11:01:22,299 [INFO] src.core.cpp_bridge: RATIO 'Net Profit Ratio': CY=-0.0156, PY=-57.4237, Change=99.97%
2026-06-10 11:01:22,299 [INFO] src.core.cpp_bridge: RATIO 'Return on Equity (ROE)': CY=5.6737, PY=28.1134, Change=-79.82%
2026-06-10 11:01:22,299 [INFO] src.core.cpp_bridge: RATIO 'Return on Capital Employed (ROCE)': CY=3.4333, PY=14.4632, Change=-76.26%
2026-06-10 11:01:22,299 [INFO] src.core.cpp_bridge: RATIO 'Debtor Turnover Ratio': CY=2.2098, PY=2.3919, Change=-7.61%
2026-06-10 11:01:22,299 [INFO] src.core.validation: VALIDATION PASS - Balance Sheet identity: Assets=24,103 ≈ Equity+Liabilities=24,103 (diff=0, within tolerance 24)
2026-06-10 11:01:22,300 [INFO] src.core.validation: VALIDATION PASS - Revenue from Operations > 0: Revenue = 23,301
2026-06-10 11:01:22,300 [INFO] src.core.validation: VALIDATION PASS - Average Trade Receivables > 0: CY=9,350, PY=11,739, Avg=10,545
2026-06-10 11:01:22,300 [INFO] src.core.validation: VALIDATION PASS - Ratio 'Current Ratio': CY=1.4500 (non-zero)
2026-06-10 11:01:22,300 [INFO] src.core.validation: VALIDATION PASS - Ratio 'Net Profit Ratio': CY=-0.0156 (non-zero)
2026-06-10 11:01:22,300 [INFO] src.core.validation: VALIDATION PASS - Ratio 'Return on Equity (ROE)': CY=5.6737 (non-zero)
2026-06-10 11:01:22,300 [INFO] src.core.validation: VALIDATION PASS - Ratio 'Return on Capital Employed (ROCE)': CY=3.4333 (non-zero)
2026-06-10 11:01:22,301 [INFO] src.core.validation: VALIDATION PASS - Ratio 'Debtor Turnover Ratio': CY=2.2098 (non-zero)
2026-06-10 11:01:22,301 [INFO] src.core.validation: VALIDATION PASS - P&L mapping: Revenue from Operations: = 23,301
2026-06-10 11:01:22,301 [INFO] src.core.validation: VALIDATION PASS - P&L mapping: Profit Before Tax: = 651
2026-06-10 11:01:22,301 [INFO] src.core.validation: VALIDATION PASS - P&L mapping: Profit After Tax: = -4
2026-06-10 11:01:22,301 [INFO] src.core.validation: VALIDATION PASS - BS mapping: Total Current Assets: = 17,231
2026-06-10 11:01:22,301 [INFO] src.core.validation: VALIDATION PASS - BS mapping: Total Current Liabilities: = 11,884
2026-06-10 11:01:22,301 [INFO] src.core.validation: VALIDATION PASS - BS mapping: Total Equity: = 11,527
2026-06-10 11:01:22,301 [INFO] src.core.validation: VALIDATION PASS - BS mapping: Trade Receivables: = 9,350
2026-06-10 11:01:22,301 [INFO] src.core.validation: VALIDATION PASS - BS row count: 54 rows parsed
2026-06-10 11:01:22,301 [INFO] src.core.validation: VALIDATION PASS - P&L row count: 37 rows parsed
2026-06-10 11:01:22,301 [INFO] src.core.validation: Validation complete: 17 passed, 0 warnings, 0 failed, 0 auto-corrected
2026-06-10 11:01:22,301 [INFO] src.core.validation: ============================================================
FAR VALIDATION REPORT
============================================================

PASSED CHECKS:
  ? Balance Sheet identity: Assets=24,103 ? Equity+Liabilities=24,103 (diff=0, within tolerance 24)
  ? Revenue from Operations > 0: Revenue = 23,301
  ? Average Trade Receivables > 0: CY=9,350, PY=11,739, Avg=10,545
  ? Ratio 'Current Ratio': CY=1.4500 (non-zero)
  ? Ratio 'Net Profit Ratio': CY=-0.0156 (non-zero)
  ? Ratio 'Return on Equity (ROE)': CY=5.6737 (non-zero)
  ? Ratio 'Return on Capital Employed (ROCE)': CY=3.4333 (non-zero)
  ? Ratio 'Debtor Turnover Ratio': CY=2.2098 (non-zero)
  ? P&L mapping: Revenue from Operations: = 23,301
  ? P&L mapping: Profit Before Tax: = 651
  ? P&L mapping: Profit After Tax: = -4
  ? BS mapping: Total Current Assets: = 17,231
  ? BS mapping: Total Current Liabilities: = 11,884
  ? BS mapping: Total Equity: = 11,527
  ? BS mapping: Trade Receivables: = 9,350
  ? BS row count: 54 rows parsed
  ? P&L row count: 37 rows parsed
============================================================
2026-06-10 11:01:23,061 [INFO] matplotlib.category: Using categorical units to plot a list of strings that are all parsable as floats or dates. If these strings should be plotted as numbers, cast to the appropriate data type before plotting.
2026-06-10 11:01:23,062 [INFO] matplotlib.category: Using categorical units to plot a list of strings that are all parsable as floats or dates. If these strings should be plotted as numbers, cast to the appropriate data type before plotting.
2026-06-10 11:01:23,063 [INFO] matplotlib.category: Using categorical units to plot a list of strings that are all parsable as floats or dates. If these strings should be plotted as numbers, cast to the appropriate data type before plotting.
2026-06-10 11:01:23,086 [INFO] matplotlib.category: Using categorical units to plot a list of strings that are all parsable as floats or dates. If these strings should be plotted as numbers, cast to the appropriate data type before plotting.
2026-06-10 11:01:23,086 [INFO] matplotlib.category: Using categorical units to plot a list of strings that are all parsable as floats or dates. If these strings should be plotted as numbers, cast to the appropriate data type before plotting.
2026-06-10 11:01:23,086 [INFO] matplotlib.category: Using categorical units to plot a list of strings that are all parsable as floats or dates. If these strings should be plotted as numbers, cast to the appropriate data type before plotting.
2026-06-10 11:01:23,087 [INFO] matplotlib.category: Using categorical units to plot a list of strings that are all parsable as floats or dates. If these strings should be plotted as numbers, cast to the appropriate data type before plotting.
2026-06-10 11:01:23,087 [INFO] matplotlib.category: Using categorical units to plot a list of strings that are all parsable as floats or dates. If these strings should be plotted as numbers, cast to the appropriate data type before plotting.
2026-06-10 11:01:23,088 [INFO] matplotlib.category: Using categorical units to plot a list of strings that are all parsable as floats or dates. If these strings should be plotted as numbers, cast to the appropriate data type before plotting.
2026-06-10 11:01:23,111 [INFO] matplotlib.category: Using categorical units to plot a list of strings that are all parsable as floats or dates. If these strings should be plotted as numbers, cast to the appropriate data type before plotting.
2026-06-10 11:01:23,112 [INFO] matplotlib.category: Using categorical units to plot a list of strings that are all parsable as floats or dates. If these strings should be plotted as numbers, cast to the appropriate data type before plotting.
2026-06-10 11:01:23,113 [INFO] matplotlib.category: Using categorical units to plot a list of strings that are all parsable as floats or dates. If these strings should be plotted as numbers, cast to the appropriate data type before plotting.
2026-06-10 11:01:23,113 [INFO] matplotlib.category: Using categorical units to plot a list of strings that are all parsable as floats or dates. If these strings should be plotted as numbers, cast to the appropriate data type before plotting.
2026-06-10 11:01:23,317 [INFO] src.gui.main_window: FAR generated: BS=54 rows, PL=37 rows, Ratios=8
2026-06-10 11:04:27,572 [INFO] __main__: ============================================================
2026-06-10 11:04:27,573 [INFO] __main__: FAR Automation Tool started at 2026-06-10T11:04:27.573830
2026-06-10 11:04:27,573 [INFO] __main__: Python 3.10.11 (tags/v3.10.11:7d4cc5a, Apr  5 2023, 00:38:17) [MSC v.1929 64 bit (AMD64)]
2026-06-10 11:04:27,575 [INFO] __main__: Project root: E:\GT WORK @\GT Work\far-automation
2026-06-10 11:04:27,743 [INFO] __main__: Stylesheet loaded
2026-06-10 11:04:29,797 [INFO] __main__: Main window shown
2026-06-10 11:04:44,746 [INFO] src.gui.input_form: Auto-filled client name from workbook: Balance Sheet as at 31 March 2025
2026-06-10 11:04:48,679 [INFO] src.core.cpp_bridge: C++ DLL not found at E:\GT WORK @\GT Work\far-automation\cpp_engine\build\far_engine.dll — using Python fallback
2026-06-10 11:04:49,735 [INFO] src.core.excel_parser: Client name extracted from row 2 col 2: Balance Sheet as at 31 March 2025
2026-06-10 11:04:49,736 [INFO] src.core.excel_parser: Date headers found: CY=2025 (col 5, row 5), PY=2024 (col 6, row 5)
2026-06-10 11:04:49,736 [INFO] src.core.excel_parser: BS columns detected: Particulars=col 2, Notes=col 3
2026-06-10 11:04:49,738 [INFO] src.core.excel_parser: Parsed BS: 54 rows, CY=2025, PY=2024
2026-06-10 11:04:50,946 [INFO] src.core.excel_parser: Client name extracted from row 2 col 2: Statement of Profit and Loss for the year ended 31 March 2025
2026-06-10 11:04:50,947 [INFO] src.core.excel_parser: Date headers found: CY=2025 (col 4, row 5), PY=2024 (col 5, row 5)
2026-06-10 11:04:50,947 [INFO] src.core.excel_parser: PL columns detected: Particulars=col 2, Notes=col 3
2026-06-10 11:04:50,948 [INFO] src.core.excel_parser: Parsed PL: 37 rows, CY=2025, PY=2024
2026-06-10 11:04:52,164 [WARNING] src.core.excel_parser: No single row had at least two date headers.
2026-06-10 11:04:52,164 [INFO] src.core.excel_parser: Note 3: Found 'Total' column at col 8 for Asset note
2026-06-10 11:04:52,167 [WARNING] src.core.excel_parser: No single row had at least two date headers.
2026-06-10 11:04:52,168 [INFO] src.core.excel_parser: Note 4: Found 'Total' column at col 8 for Asset note
2026-06-10 11:04:52,170 [INFO] src.core.excel_parser: Date headers found: CY=2025 (col 3, row 8), PY=2025 (col 4, row 8)
2026-06-10 11:04:52,172 [INFO] src.core.excel_parser: Date headers found: CY=2025 (col 4, row 32), PY=2024 (col 5, row 32)
2026-06-10 11:04:52,173 [INFO] src.core.excel_parser: Date headers found: CY=2025 (col 3, row 48), PY=2025 (col 4, row 48)
2026-06-10 11:04:52,175 [INFO] src.core.excel_parser: Date headers found: CY=2025 (col 8, row 6), PY=2025 (col 9, row 6)
2026-06-10 11:04:52,176 [WARNING] src.core.excel_parser: Could not find two date header columns, found: [(22, 2, 2025)]
2026-06-10 11:04:52,177 [INFO] src.core.excel_parser: Note 8: Could not find date columns — falling back to columns 3 and 4
2026-06-10 11:04:52,178 [INFO] src.core.excel_parser: Date headers found: CY=2025 (col 8, row 46), PY=2025 (col 9, row 46)
2026-06-10 11:04:52,180 [INFO] src.core.excel_parser: Date headers found: CY=2025 (col 8, row 54), PY=2025 (col 9, row 54)
2026-06-10 11:04:52,182 [INFO] src.core.excel_parser: Date headers found: CY=2025 (col 8, row 68), PY=2025 (col 9, row 68)
2026-06-10 11:04:52,186 [INFO] src.core.excel_parser: Date headers found: CY=2025 (col 5, row 8), PY=2024 (col 7, row 8)
2026-06-10 11:04:52,190 [INFO] src.core.excel_parser: Date headers found: CY=2025 (col 5, row 82), PY=2024 (col 7, row 82)
2026-06-10 11:04:52,195 [INFO] src.core.excel_parser: Date headers found: CY=2025 (col 7, row 109), PY=2024 (col 8, row 109)
2026-06-10 11:04:52,199 [INFO] src.core.excel_parser: Date headers found: CY=2025 (col 7, row 143), PY=2024 (col 8, row 143)
2026-06-10 11:04:52,202 [INFO] src.core.excel_parser: Date headers found: CY=2025 (col 8, row 5), PY=2025 (col 9, row 5)
2026-06-10 11:04:52,204 [WARNING] src.core.excel_parser: No single row had at least two date headers.
2026-06-10 11:04:52,204 [INFO] src.core.excel_parser: Note 14: Could not find date columns — falling back to columns 3 and 4
2026-06-10 11:04:52,206 [INFO] src.core.excel_parser: Date headers found: CY=2025 (col 8, row 39), PY=2025 (col 9, row 39)
2026-06-10 11:04:52,209 [INFO] src.core.excel_parser: Date headers found: CY=2025 (col 8, row 49), PY=2025 (col 9, row 49)
2026-06-10 11:04:52,211 [INFO] src.core.excel_parser: Date headers found: CY=2025 (col 8, row 57), PY=2025 (col 9, row 57)
2026-06-10 11:04:52,213 [INFO] src.core.excel_parser: Date headers found: CY=2025 (col 3, row 5), PY=2025 (col 4, row 5)
2026-06-10 11:04:52,216 [INFO] src.core.excel_parser: Date headers found: CY=2025 (col 3, row 73), PY=2025 (col 4, row 73)
2026-06-10 11:04:52,218 [INFO] src.core.excel_parser: Date headers found: CY=2025 (col 3, row 93), PY=2025 (col 4, row 93)
2026-06-10 11:04:52,219 [INFO] src.core.excel_parser: Date headers found: CY=2025 (col 3, row 99), PY=2025 (col 4, row 99)
2026-06-10 11:04:52,220 [INFO] src.core.excel_parser: Date headers found: CY=2025 (col 3, row 110), PY=2025 (col 4, row 110)
2026-06-10 11:04:52,222 [INFO] src.core.excel_parser: Date headers found: CY=2025 (col 3, row 123), PY=2025 (col 4, row 123)
2026-06-10 11:04:52,224 [INFO] src.core.excel_parser: Date headers found: CY=2025 (col 3, row 137), PY=2025 (col 4, row 137)
2026-06-10 11:04:52,225 [INFO] src.core.excel_parser: Date headers found: CY=2025 (col 3, row 151), PY=2025 (col 4, row 151)
2026-06-10 11:04:52,227 [INFO] src.core.excel_parser: Date headers found: CY=2025 (col 3, row 194), PY=2025 (col 4, row 194)
2026-06-10 11:04:52,229 [WARNING] src.core.excel_parser: No single row had at least two date headers.
2026-06-10 11:04:52,229 [INFO] src.core.excel_parser: Note 25: Could not find date columns — falling back to columns 3 and 4
2026-06-10 11:04:52,232 [INFO] src.core.excel_parser: Date headers found: CY=2025 (col 6, row 9), PY=2024 (col 7, row 9)
2026-06-10 11:04:52,235 [INFO] src.core.excel_parser: Date headers found: CY=2025 (col 6, row 81), PY=2024 (col 7, row 81)
2026-06-10 11:04:52,239 [INFO] src.core.excel_parser: Date headers found: CY=2025 (col 6, row 125), PY=2024 (col 7, row 125)
2026-06-10 11:04:52,240 [INFO] src.core.excel_parser: Parsed notes from 7 sheets
2026-06-10 11:04:52,244 [INFO] src.core.excel_parser: Found non-zero value for 'trade receivables' on row 'Trade receivables': CY=0.09, PY=0.12
2026-06-10 11:04:52,249 [INFO] src.core.excel_parser: BS Summary: total_ca=0, total_cl=0, debtors=0, equity=0
2026-06-10 11:04:52,249 [WARNING] src.core.excel_parser: Keyword 'revenue' matched row 'Revenue' but value is ZERO — may be a heading row; scanning further
2026-06-10 11:04:52,249 [INFO] src.core.excel_parser: Found non-zero value for 'revenue' on row 'Revenue from contracts with the customers': CY=0.23, PY=0.28
2026-06-10 11:04:52,249 [INFO] src.core.excel_parser: Found non-zero value for 'total income' on row 'Total Income': CY=0.24, PY=0.28
2026-06-10 11:04:52,249 [INFO] src.core.excel_parser: PBT found: row='Profit / (Loss) before exceptional items and tax', CY=0.01, PY=0.03
2026-06-10 11:04:52,250 [INFO] src.core.excel_parser: PAT found via keyword 'profit for the year': row='(Loss) / Profit for the year after tax', CY=0.00, PY=-0.16
2026-06-10 11:04:52,251 [WARNING] src.core.excel_parser: Keyword 'finance cost' matched row 'Finance costs' but value is ZERO — may be a heading row; scanning further
2026-06-10 11:04:52,251 [WARNING] src.core.excel_parser: All matches for keywords ['finance charge', 'finance cost', 'interest expense', 'interest and finance cost', 'borrowing cost'] returned zero — using zero as fallback
2026-06-10 11:04:52,251 [INFO] src.core.excel_parser: PL Summary: revenue_ops=0, pbt=0, pat=0, finance_cost=0
2026-06-10 11:04:52,252 [INFO] src.core.cpp_bridge: Ratio inputs — revenue_ops: CY=0 PY=0 | pat: CY=0 PY=-0 | debtors: CY=0 PY=0 (avg_cy=0) | total_ca: CY=0 PY=0 | total_cl: CY=0 PY=0
2026-06-10 11:04:52,252 [INFO] src.core.cpp_bridge: RATIO 'Debt Equity Ratio': CY=0.9167, PY=1.0000, Change=-8.33%
2026-06-10 11:04:52,252 [INFO] src.core.cpp_bridge: RATIO 'Current Ratio': CY=1.4167, PY=1.3125, Change=7.94%
2026-06-10 11:04:52,252 [INFO] src.core.cpp_bridge: RATIO 'GCA Days': CY=258.5417, PY=273.7500, Change=-5.56%
2026-06-10 11:04:52,252 [INFO] src.core.cpp_bridge: RATIO 'Total Outside Liab. vs Total Equity': CY=1.0833, PY=1.6364, Change=-33.80%
2026-06-10 11:04:52,252 [INFO] src.core.cpp_bridge: RATIO 'Net Profit Ratio': CY=0.0000, PY=-57.1429, Change=100.00%
2026-06-10 11:04:52,252 [INFO] src.core.cpp_bridge: RATIO 'Return on Equity (ROE)': CY=8.6957, PY=27.2727, Change=-68.12%
2026-06-10 11:04:52,252 [INFO] src.core.cpp_bridge: RATIO 'Return on Capital Employed (ROCE)': CY=4.3478, PY=13.6364, Change=-68.12%
2026-06-10 11:04:52,253 [INFO] src.core.cpp_bridge: RATIO 'Debtor Turnover Ratio': CY=2.1905, PY=2.3333, Change=-6.12%
2026-06-10 11:04:52,253 [INFO] src.core.validation: VALIDATION PASS - Balance Sheet identity: Assets=0 ≈ Equity+Liabilities=0 (diff=0, within tolerance 1)
2026-06-10 11:04:52,258 [INFO] src.core.validation: VALIDATION PASS - Revenue from Operations > 0: Revenue = 0
2026-06-10 11:04:52,259 [INFO] src.core.validation: VALIDATION PASS - Average Trade Receivables > 0: CY=0, PY=0, Avg=0
2026-06-10 11:04:52,259 [INFO] src.core.validation: VALIDATION PASS - Ratio 'Current Ratio': CY=1.4167 (non-zero)
2026-06-10 11:04:52,259 [WARNING] src.core.validation: VALIDATION WARN - Ratio 'Net Profit Ratio' = 0: Both numerator and denominator are 0 — verify source data has actual values for 'Net Profit Ratio'
2026-06-10 11:04:52,259 [INFO] src.core.validation: VALIDATION PASS - Ratio 'Return on Equity (ROE)': CY=8.6957 (non-zero)
2026-06-10 11:04:52,260 [INFO] src.core.validation: VALIDATION PASS - Ratio 'Return on Capital Employed (ROCE)': CY=4.3478 (non-zero)
2026-06-10 11:04:52,260 [INFO] src.core.validation: VALIDATION PASS - Ratio 'Debtor Turnover Ratio': CY=2.1905 (non-zero)
2026-06-10 11:04:52,260 [INFO] src.core.validation: VALIDATION PASS - P&L mapping: Revenue from Operations: = 0
2026-06-10 11:04:52,260 [INFO] src.core.validation: VALIDATION PASS - P&L mapping: Profit Before Tax: = 0
2026-06-10 11:04:52,260 [WARNING] src.core.validation: VALIDATION WARN - P&L mapping: Profit After Tax = 0: Key 'pat_cy' not found or is genuinely zero. Check P&L sheet for the correct row label.
2026-06-10 11:04:52,260 [INFO] src.core.validation: VALIDATION PASS - BS mapping: Total Current Assets: = 0
2026-06-10 11:04:52,260 [INFO] src.core.validation: VALIDATION PASS - BS mapping: Total Current Liabilities: = 0
2026-06-10 11:04:52,260 [INFO] src.core.validation: VALIDATION PASS - BS mapping: Total Equity: = 0
2026-06-10 11:04:52,261 [INFO] src.core.validation: VALIDATION PASS - BS mapping: Trade Receivables: = 0
2026-06-10 11:04:52,261 [INFO] src.core.validation: VALIDATION PASS - BS row count: 54 rows parsed
2026-06-10 11:04:52,261 [INFO] src.core.validation: VALIDATION PASS - P&L row count: 37 rows parsed
2026-06-10 11:04:52,261 [INFO] src.core.validation: Validation complete: 15 passed, 2 warnings, 0 failed, 0 auto-corrected
2026-06-10 11:04:52,261 [INFO] src.core.validation: ============================================================
FAR VALIDATION REPORT
============================================================

PASSED CHECKS:
  ? Balance Sheet identity: Assets=0 ? Equity+Liabilities=0 (diff=0, within tolerance 1)
  ? Revenue from Operations > 0: Revenue = 0
  ? Average Trade Receivables > 0: CY=0, PY=0, Avg=0
  ? Ratio 'Current Ratio': CY=1.4167 (non-zero)
  ? Ratio 'Return on Equity (ROE)': CY=8.6957 (non-zero)
  ? Ratio 'Return on Capital Employed (ROCE)': CY=4.3478 (non-zero)
  ? Ratio 'Debtor Turnover Ratio': CY=2.1905 (non-zero)
  ? P&L mapping: Revenue from Operations: = 0
  ? P&L mapping: Profit Before Tax: = 0
  ? BS mapping: Total Current Assets: = 0
  ? BS mapping: Total Current Liabilities: = 0
  ? BS mapping: Total Equity: = 0
  ? BS mapping: Trade Receivables: = 0
  ? BS row count: 54 rows parsed
  ? P&L row count: 37 rows parsed

WARNINGS:
  ? Ratio 'Net Profit Ratio' = 0: Both numerator and denominator are 0 ? verify source data has actual values for 'Net Profit Ratio'
  ? P&L mapping: Profit After Tax = 0: Key 'pat_cy' not found or is genuinely zero. Check P&L sheet for the correct row label.
============================================================
2026-06-10 11:04:52,943 [INFO] matplotlib.category: Using categorical units to plot a list of strings that are all parsable as floats or dates. If these strings should be plotted as numbers, cast to the appropriate data type before plotting.
2026-06-10 11:04:52,943 [INFO] matplotlib.category: Using categorical units to plot a list of strings that are all parsable as floats or dates. If these strings should be plotted as numbers, cast to the appropriate data type before plotting.
2026-06-10 11:04:52,943 [INFO] matplotlib.category: Using categorical units to plot a list of strings that are all parsable as floats or dates. If these strings should be plotted as numbers, cast to the appropriate data type before plotting.
2026-06-10 11:04:52,976 [INFO] matplotlib.category: Using categorical units to plot a list of strings that are all parsable as floats or dates. If these strings should be plotted as numbers, cast to the appropriate data type before plotting.
2026-06-10 11:04:52,977 [INFO] matplotlib.category: Using categorical units to plot a list of strings that are all parsable as floats or dates. If these strings should be plotted as numbers, cast to the appropriate data type before plotting.
2026-06-10 11:04:52,977 [INFO] matplotlib.category: Using categorical units to plot a list of strings that are all parsable as floats or dates. If these strings should be plotted as numbers, cast to the appropriate data type before plotting.
2026-06-10 11:04:52,978 [INFO] matplotlib.category: Using categorical units to plot a list of strings that are all parsable as floats or dates. If these strings should be plotted as numbers, cast to the appropriate data type before plotting.
2026-06-10 11:04:52,978 [INFO] matplotlib.category: Using categorical units to plot a list of strings that are all parsable as floats or dates. If these strings should be plotted as numbers, cast to the appropriate data type before plotting.
2026-06-10 11:04:52,979 [INFO] matplotlib.category: Using categorical units to plot a list of strings that are all parsable as floats or dates. If these strings should be plotted as numbers, cast to the appropriate data type before plotting.
2026-06-10 11:04:53,008 [INFO] matplotlib.category: Using categorical units to plot a list of strings that are all parsable as floats or dates. If these strings should be plotted as numbers, cast to the appropriate data type before plotting.
2026-06-10 11:04:53,009 [INFO] matplotlib.category: Using categorical units to plot a list of strings that are all parsable as floats or dates. If these strings should be plotted as numbers, cast to the appropriate data type before plotting.
2026-06-10 11:04:53,010 [INFO] matplotlib.category: Using categorical units to plot a list of strings that are all parsable as floats or dates. If these strings should be plotted as numbers, cast to the appropriate data type before plotting.
2026-06-10 11:04:53,010 [INFO] matplotlib.category: Using categorical units to plot a list of strings that are all parsable as floats or dates. If these strings should be plotted as numbers, cast to the appropriate data type before plotting.
2026-06-10 11:04:53,403 [INFO] src.gui.main_window: FAR generated: BS=54 rows, PL=37 rows, Ratios=8
2026-06-10 11:05:26,805 [INFO] src.core.excel_parser: Client name extracted from row 2 col 2: Balance Sheet as at 31 March 2025
2026-06-10 11:05:26,806 [INFO] src.core.excel_parser: Date headers found: CY=2025 (col 5, row 5), PY=2024 (col 6, row 5)
2026-06-10 11:05:26,807 [INFO] src.core.excel_parser: BS columns detected: Particulars=col 2, Notes=col 3
2026-06-10 11:05:26,808 [INFO] src.core.excel_parser: Parsed BS: 54 rows, CY=2025, PY=2024
2026-06-10 11:05:27,812 [INFO] src.core.excel_parser: Client name extracted from row 2 col 2: Statement of Profit and Loss for the year ended 31 March 2025
2026-06-10 11:05:27,813 [INFO] src.core.excel_parser: Date headers found: CY=2025 (col 4, row 5), PY=2024 (col 5, row 5)
2026-06-10 11:05:27,814 [INFO] src.core.excel_parser: PL columns detected: Particulars=col 2, Notes=col 3
2026-06-10 11:05:27,814 [INFO] src.core.excel_parser: Parsed PL: 37 rows, CY=2025, PY=2024
2026-06-10 11:05:28,778 [WARNING] src.core.excel_parser: No single row had at least two date headers.
2026-06-10 11:05:28,778 [INFO] src.core.excel_parser: Note 3: Found 'Total' column at col 8 for Asset note
2026-06-10 11:05:28,782 [WARNING] src.core.excel_parser: No single row had at least two date headers.
2026-06-10 11:05:28,783 [INFO] src.core.excel_parser: Note 4: Found 'Total' column at col 8 for Asset note
2026-06-10 11:05:28,787 [INFO] src.core.excel_parser: Date headers found: CY=2025 (col 3, row 8), PY=2025 (col 4, row 8)
2026-06-10 11:05:28,788 [INFO] src.core.excel_parser: Date headers found: CY=2025 (col 4, row 32), PY=2024 (col 5, row 32)
2026-06-10 11:05:28,789 [INFO] src.core.excel_parser: Date headers found: CY=2025 (col 3, row 48), PY=2025 (col 4, row 48)
2026-06-10 11:05:28,792 [INFO] src.core.excel_parser: Date headers found: CY=2025 (col 8, row 6), PY=2025 (col 9, row 6)
2026-06-10 11:05:28,793 [WARNING] src.core.excel_parser: Could not find two date header columns, found: [(22, 2, 2025)]
2026-06-10 11:05:28,793 [INFO] src.core.excel_parser: Note 8: Could not find date columns — falling back to columns 3 and 4
2026-06-10 11:05:28,795 [INFO] src.core.excel_parser: Date headers found: CY=2025 (col 8, row 46), PY=2025 (col 9, row 46)
2026-06-10 11:05:28,796 [INFO] src.core.excel_parser: Date headers found: CY=2025 (col 8, row 54), PY=2025 (col 9, row 54)
2026-06-10 11:05:28,800 [INFO] src.core.excel_parser: Date headers found: CY=2025 (col 8, row 68), PY=2025 (col 9, row 68)
2026-06-10 11:05:28,803 [INFO] src.core.excel_parser: Date headers found: CY=2025 (col 5, row 8), PY=2024 (col 7, row 8)
2026-06-10 11:05:28,807 [INFO] src.core.excel_parser: Date headers found: CY=2025 (col 5, row 82), PY=2024 (col 7, row 82)
2026-06-10 11:05:28,811 [INFO] src.core.excel_parser: Date headers found: CY=2025 (col 7, row 109), PY=2024 (col 8, row 109)
2026-06-10 11:05:28,814 [INFO] src.core.excel_parser: Date headers found: CY=2025 (col 7, row 143), PY=2024 (col 8, row 143)
2026-06-10 11:05:28,816 [INFO] src.core.excel_parser: Date headers found: CY=2025 (col 8, row 5), PY=2025 (col 9, row 5)
2026-06-10 11:05:28,818 [WARNING] src.core.excel_parser: No single row had at least two date headers.
2026-06-10 11:05:28,818 [INFO] src.core.excel_parser: Note 14: Could not find date columns — falling back to columns 3 and 4
2026-06-10 11:05:28,819 [INFO] src.core.excel_parser: Date headers found: CY=2025 (col 8, row 39), PY=2025 (col 9, row 39)
2026-06-10 11:05:28,821 [INFO] src.core.excel_parser: Date headers found: CY=2025 (col 8, row 49), PY=2025 (col 9, row 49)
2026-06-10 11:05:28,823 [INFO] src.core.excel_parser: Date headers found: CY=2025 (col 8, row 57), PY=2025 (col 9, row 57)
2026-06-10 11:05:28,824 [INFO] src.core.excel_parser: Date headers found: CY=2025 (col 3, row 5), PY=2025 (col 4, row 5)
2026-06-10 11:05:28,827 [INFO] src.core.excel_parser: Date headers found: CY=2025 (col 3, row 73), PY=2025 (col 4, row 73)
2026-06-10 11:05:28,830 [INFO] src.core.excel_parser: Date headers found: CY=2025 (col 3, row 93), PY=2025 (col 4, row 93)
2026-06-10 11:05:28,833 [INFO] src.core.excel_parser: Date headers found: CY=2025 (col 3, row 99), PY=2025 (col 4, row 99)
2026-06-10 11:05:28,835 [INFO] src.core.excel_parser: Date headers found: CY=2025 (col 3, row 110), PY=2025 (col 4, row 110)
2026-06-10 11:05:28,837 [INFO] src.core.excel_parser: Date headers found: CY=2025 (col 3, row 123), PY=2025 (col 4, row 123)
2026-06-10 11:05:28,839 [INFO] src.core.excel_parser: Date headers found: CY=2025 (col 3, row 137), PY=2025 (col 4, row 137)
2026-06-10 11:05:28,842 [INFO] src.core.excel_parser: Date headers found: CY=2025 (col 3, row 151), PY=2025 (col 4, row 151)
2026-06-10 11:05:28,847 [INFO] src.core.excel_parser: Date headers found: CY=2025 (col 3, row 194), PY=2025 (col 4, row 194)
2026-06-10 11:05:28,848 [WARNING] src.core.excel_parser: No single row had at least two date headers.
2026-06-10 11:05:28,849 [INFO] src.core.excel_parser: Note 25: Could not find date columns — falling back to columns 3 and 4
2026-06-10 11:05:28,850 [INFO] src.core.excel_parser: Date headers found: CY=2025 (col 6, row 9), PY=2024 (col 7, row 9)
2026-06-10 11:05:28,853 [INFO] src.core.excel_parser: Date headers found: CY=2025 (col 6, row 81), PY=2024 (col 7, row 81)
2026-06-10 11:05:28,855 [INFO] src.core.excel_parser: Date headers found: CY=2025 (col 6, row 125), PY=2024 (col 7, row 125)
2026-06-10 11:05:28,857 [INFO] src.core.excel_parser: Parsed notes from 7 sheets
2026-06-10 11:05:28,860 [INFO] src.core.excel_parser: Found non-zero value for 'trade receivables' on row 'Trade receivables': CY=9350.36, PY=11738.93
2026-06-10 11:05:28,860 [INFO] src.core.excel_parser: BS Summary: total_ca=17231, total_cl=11884, debtors=9350, equity=11527
2026-06-10 11:05:28,861 [WARNING] src.core.excel_parser: Keyword 'revenue' matched row 'Revenue' but value is ZERO — may be a heading row; scanning further
2026-06-10 11:05:28,861 [INFO] src.core.excel_parser: Found non-zero value for 'revenue' on row 'Revenue from contracts with the customers': CY=23301.29, PY=28077.97
2026-06-10 11:05:28,861 [INFO] src.core.excel_parser: Found non-zero value for 'total income' on row 'Total Income': CY=23563.25, PY=28462.99
2026-06-10 11:05:28,861 [INFO] src.core.excel_parser: PBT found: row='Profit / (Loss) before exceptional items and tax', CY=650.87, PY=3209.39
2026-06-10 11:05:28,862 [INFO] src.core.excel_parser: PAT found via keyword 'profit for the year': row='(Loss) / Profit for the year after tax', CY=-3.63, PY=-16123.40
2026-06-10 11:05:28,862 [INFO] src.core.excel_parser: Found non-zero value for 'finance cost' on row 'Finance costs': CY=140.67, PY=92.78
2026-06-10 11:05:28,862 [INFO] src.core.excel_parser: PL Summary: revenue_ops=23301, pbt=651, pat=-4, finance_cost=141
2026-06-10 11:05:28,863 [INFO] src.core.cpp_bridge: Ratio inputs — revenue_ops: CY=23301 PY=28078 | pat: CY=-4 PY=-16123 | debtors: CY=9350 PY=11739 (avg_cy=10545) | total_ca: CY=17231 PY=20594 | total_cl: CY=11884 PY=15761
2026-06-10 11:05:28,863 [INFO] src.core.cpp_bridge: RATIO 'Debt Equity Ratio': CY=1.0000, PY=1.0000, Change=0.00%
2026-06-10 11:05:28,863 [INFO] src.core.cpp_bridge: RATIO 'Current Ratio': CY=1.4500, PY=1.3066, Change=10.97%
2026-06-10 11:05:28,863 [INFO] src.core.cpp_bridge: RATIO 'GCA Days': CY=266.9158, PY=264.0868, Change=1.07%
2026-06-10 11:05:28,863 [INFO] src.core.cpp_bridge: RATIO 'Total Outside Liab. vs Total Equity': CY=1.0909, PY=1.5196, Change=-28.21%
2026-06-10 11:05:28,863 [INFO] src.core.cpp_bridge: RATIO 'Net Profit Ratio': CY=-0.0156, PY=-57.4237, Change=99.97%
2026-06-10 11:05:28,863 [INFO] src.core.cpp_bridge: RATIO 'Return on Equity (ROE)': CY=5.6737, PY=28.1134, Change=-79.82%
2026-06-10 11:05:28,863 [INFO] src.core.cpp_bridge: RATIO 'Return on Capital Employed (ROCE)': CY=3.4333, PY=14.4632, Change=-76.26%
2026-06-10 11:05:28,863 [INFO] src.core.cpp_bridge: RATIO 'Debtor Turnover Ratio': CY=2.2098, PY=2.3919, Change=-7.61%
2026-06-10 11:05:28,864 [INFO] src.core.validation: VALIDATION PASS - Balance Sheet identity: Assets=24,103 ≈ Equity+Liabilities=24,103 (diff=0, within tolerance 24)
2026-06-10 11:05:28,865 [INFO] src.core.validation: VALIDATION PASS - Revenue from Operations > 0: Revenue = 23,301
2026-06-10 11:05:28,865 [INFO] src.core.validation: VALIDATION PASS - Average Trade Receivables > 0: CY=9,350, PY=11,739, Avg=10,545
2026-06-10 11:05:28,865 [INFO] src.core.validation: VALIDATION PASS - Ratio 'Current Ratio': CY=1.4500 (non-zero)
2026-06-10 11:05:28,865 [INFO] src.core.validation: VALIDATION PASS - Ratio 'Net Profit Ratio': CY=-0.0156 (non-zero)
2026-06-10 11:05:28,865 [INFO] src.core.validation: VALIDATION PASS - Ratio 'Return on Equity (ROE)': CY=5.6737 (non-zero)
2026-06-10 11:05:28,865 [INFO] src.core.validation: VALIDATION PASS - Ratio 'Return on Capital Employed (ROCE)': CY=3.4333 (non-zero)
2026-06-10 11:05:28,865 [INFO] src.core.validation: VALIDATION PASS - Ratio 'Debtor Turnover Ratio': CY=2.2098 (non-zero)
2026-06-10 11:05:28,866 [INFO] src.core.validation: VALIDATION PASS - P&L mapping: Revenue from Operations: = 23,301
2026-06-10 11:05:28,866 [INFO] src.core.validation: VALIDATION PASS - P&L mapping: Profit Before Tax: = 651
2026-06-10 11:05:28,866 [INFO] src.core.validation: VALIDATION PASS - P&L mapping: Profit After Tax: = -4
2026-06-10 11:05:28,866 [INFO] src.core.validation: VALIDATION PASS - BS mapping: Total Current Assets: = 17,231
2026-06-10 11:05:28,866 [INFO] src.core.validation: VALIDATION PASS - BS mapping: Total Current Liabilities: = 11,884
2026-06-10 11:05:28,866 [INFO] src.core.validation: VALIDATION PASS - BS mapping: Total Equity: = 11,527
2026-06-10 11:05:28,866 [INFO] src.core.validation: VALIDATION PASS - BS mapping: Trade Receivables: = 9,350
2026-06-10 11:05:28,866 [INFO] src.core.validation: VALIDATION PASS - BS row count: 54 rows parsed
2026-06-10 11:05:28,866 [INFO] src.core.validation: VALIDATION PASS - P&L row count: 37 rows parsed
2026-06-10 11:05:28,866 [INFO] src.core.validation: Validation complete: 17 passed, 0 warnings, 0 failed, 0 auto-corrected
2026-06-10 11:05:28,866 [INFO] src.core.validation: ============================================================
FAR VALIDATION REPORT
============================================================

PASSED CHECKS:
  ? Balance Sheet identity: Assets=24,103 ? Equity+Liabilities=24,103 (diff=0, within tolerance 24)
  ? Revenue from Operations > 0: Revenue = 23,301
  ? Average Trade Receivables > 0: CY=9,350, PY=11,739, Avg=10,545
  ? Ratio 'Current Ratio': CY=1.4500 (non-zero)
  ? Ratio 'Net Profit Ratio': CY=-0.0156 (non-zero)
  ? Ratio 'Return on Equity (ROE)': CY=5.6737 (non-zero)
  ? Ratio 'Return on Capital Employed (ROCE)': CY=3.4333 (non-zero)
  ? Ratio 'Debtor Turnover Ratio': CY=2.2098 (non-zero)
  ? P&L mapping: Revenue from Operations: = 23,301
  ? P&L mapping: Profit Before Tax: = 651
  ? P&L mapping: Profit After Tax: = -4
  ? BS mapping: Total Current Assets: = 17,231
  ? BS mapping: Total Current Liabilities: = 11,884
  ? BS mapping: Total Equity: = 11,527
  ? BS mapping: Trade Receivables: = 9,350
  ? BS row count: 54 rows parsed
  ? P&L row count: 37 rows parsed
============================================================
2026-06-10 11:05:29,345 [INFO] matplotlib.category: Using categorical units to plot a list of strings that are all parsable as floats or dates. If these strings should be plotted as numbers, cast to the appropriate data type before plotting.
2026-06-10 11:05:29,346 [INFO] matplotlib.category: Using categorical units to plot a list of strings that are all parsable as floats or dates. If these strings should be plotted as numbers, cast to the appropriate data type before plotting.
2026-06-10 11:05:29,347 [INFO] matplotlib.category: Using categorical units to plot a list of strings that are all parsable as floats or dates. If these strings should be plotted as numbers, cast to the appropriate data type before plotting.
2026-06-10 11:05:29,373 [INFO] matplotlib.category: Using categorical units to plot a list of strings that are all parsable as floats or dates. If these strings should be plotted as numbers, cast to the appropriate data type before plotting.
2026-06-10 11:05:29,374 [INFO] matplotlib.category: Using categorical units to plot a list of strings that are all parsable as floats or dates. If these strings should be plotted as numbers, cast to the appropriate data type before plotting.
2026-06-10 11:05:29,375 [INFO] matplotlib.category: Using categorical units to plot a list of strings that are all parsable as floats or dates. If these strings should be plotted as numbers, cast to the appropriate data type before plotting.
2026-06-10 11:05:29,375 [INFO] matplotlib.category: Using categorical units to plot a list of strings that are all parsable as floats or dates. If these strings should be plotted as numbers, cast to the appropriate data type before plotting.
2026-06-10 11:05:29,376 [INFO] matplotlib.category: Using categorical units to plot a list of strings that are all parsable as floats or dates. If these strings should be plotted as numbers, cast to the appropriate data type before plotting.
2026-06-10 11:05:29,376 [INFO] matplotlib.category: Using categorical units to plot a list of strings that are all parsable as floats or dates. If these strings should be plotted as numbers, cast to the appropriate data type before plotting.
2026-06-10 11:05:29,399 [INFO] matplotlib.category: Using categorical units to plot a list of strings that are all parsable as floats or dates. If these strings should be plotted as numbers, cast to the appropriate data type before plotting.
2026-06-10 11:05:29,399 [INFO] matplotlib.category: Using categorical units to plot a list of strings that are all parsable as floats or dates. If these strings should be plotted as numbers, cast to the appropriate data type before plotting.
2026-06-10 11:05:29,401 [INFO] matplotlib.category: Using categorical units to plot a list of strings that are all parsable as floats or dates. If these strings should be plotted as numbers, cast to the appropriate data type before plotting.
2026-06-10 11:05:29,401 [INFO] matplotlib.category: Using categorical units to plot a list of strings that are all parsable as floats or dates. If these strings should be plotted as numbers, cast to the appropriate data type before plotting.
2026-06-10 11:05:29,595 [INFO] src.gui.main_window: FAR generated: BS=54 rows, PL=37 rows, Ratios=8
2026-06-10 11:11:28,615 [INFO] matplotlib.category: Using categorical units to plot a list of strings that are all parsable as floats or dates. If these strings should be plotted as numbers, cast to the appropriate data type before plotting.
2026-06-10 11:11:28,616 [INFO] matplotlib.category: Using categorical units to plot a list of strings that are all parsable as floats or dates. If these strings should be plotted as numbers, cast to the appropriate data type before plotting.
2026-06-10 11:11:28,617 [INFO] matplotlib.category: Using categorical units to plot a list of strings that are all parsable as floats or dates. If these strings should be plotted as numbers, cast to the appropriate data type before plotting.
2026-06-10 11:11:28,617 [INFO] matplotlib.category: Using categorical units to plot a list of strings that are all parsable as floats or dates. If these strings should be plotted as numbers, cast to the appropriate data type before plotting.
2026-06-10 11:11:55,730 [INFO] matplotlib.category: Using categorical units to plot a list of strings that are all parsable as floats or dates. If these strings should be plotted as numbers, cast to the appropriate data type before plotting.
2026-06-10 11:11:55,731 [INFO] matplotlib.category: Using categorical units to plot a list of strings that are all parsable as floats or dates. If these strings should be plotted as numbers, cast to the appropriate data type before plotting.
2026-06-10 11:11:55,732 [INFO] matplotlib.category: Using categorical units to plot a list of strings that are all parsable as floats or dates. If these strings should be plotted as numbers, cast to the appropriate data type before plotting.
2026-06-10 11:11:55,768 [INFO] matplotlib.category: Using categorical units to plot a list of strings that are all parsable as floats or dates. If these strings should be plotted as numbers, cast to the appropriate data type before plotting.
2026-06-10 11:11:55,768 [INFO] matplotlib.category: Using categorical units to plot a list of strings that are all parsable as floats or dates. If these strings should be plotted as numbers, cast to the appropriate data type before plotting.
2026-06-10 11:11:55,769 [INFO] matplotlib.category: Using categorical units to plot a list of strings that are all parsable as floats or dates. If these strings should be plotted as numbers, cast to the appropriate data type before plotting.
2026-06-10 11:11:55,769 [INFO] matplotlib.category: Using categorical units to plot a list of strings that are all parsable as floats or dates. If these strings should be plotted as numbers, cast to the appropriate data type before plotting.
2026-06-10 11:11:55,770 [INFO] matplotlib.category: Using categorical units to plot a list of strings that are all parsable as floats or dates. If these strings should be plotted as numbers, cast to the appropriate data type before plotting.
2026-06-10 11:11:55,770 [INFO] matplotlib.category: Using categorical units to plot a list of strings that are all parsable as floats or dates. If these strings should be plotted as numbers, cast to the appropriate data type before plotting.
2026-06-10 11:11:55,801 [INFO] matplotlib.category: Using categorical units to plot a list of strings that are all parsable as floats or dates. If these strings should be plotted as numbers, cast to the appropriate data type before plotting.
2026-06-10 11:11:55,803 [INFO] matplotlib.category: Using categorical units to plot a list of strings that are all parsable as floats or dates. If these strings should be plotted as numbers, cast to the appropriate data type before plotting.
2026-06-10 11:11:55,804 [INFO] matplotlib.category: Using categorical units to plot a list of strings that are all parsable as floats or dates. If these strings should be plotted as numbers, cast to the appropriate data type before plotting.
2026-06-10 11:11:55,805 [INFO] matplotlib.category: Using categorical units to plot a list of strings that are all parsable as floats or dates. If these strings should be plotted as numbers, cast to the appropriate data type before plotting.
2026-06-10 11:11:55,826 [INFO] matplotlib.category: Using categorical units to plot a list of strings that are all parsable as floats or dates. If these strings should be plotted as numbers, cast to the appropriate data type before plotting.
2026-06-10 11:11:55,827 [INFO] matplotlib.category: Using categorical units to plot a list of strings that are all parsable as floats or dates. If these strings should be plotted as numbers, cast to the appropriate data type before plotting.
2026-06-10 11:11:55,827 [INFO] matplotlib.category: Using categorical units to plot a list of strings that are all parsable as floats or dates. If these strings should be plotted as numbers, cast to the appropriate data type before plotting.
2026-06-10 11:11:55,828 [INFO] matplotlib.category: Using categorical units to plot a list of strings that are all parsable as floats or dates. If these strings should be plotted as numbers, cast to the appropriate data type before plotting.
2026-06-10 11:11:55,828 [INFO] matplotlib.category: Using categorical units to plot a list of strings that are all parsable as floats or dates. If these strings should be plotted as numbers, cast to the appropriate data type before plotting.
2026-06-10 11:11:55,828 [INFO] matplotlib.category: Using categorical units to plot a list of strings that are all parsable as floats or dates. If these strings should be plotted as numbers, cast to the appropriate data type before plotting.
2026-06-10 11:11:55,875 [INFO] matplotlib.category: Using categorical units to plot a list of strings that are all parsable as floats or dates. If these strings should be plotted as numbers, cast to the appropriate data type before plotting.
2026-06-10 11:11:55,876 [INFO] matplotlib.category: Using categorical units to plot a list of strings that are all parsable as floats or dates. If these strings should be plotted as numbers, cast to the appropriate data type before plotting.
2026-06-10 11:11:55,878 [INFO] matplotlib.category: Using categorical units to plot a list of strings that are all parsable as floats or dates. If these strings should be plotted as numbers, cast to the appropriate data type before plotting.
2026-06-10 11:11:55,878 [INFO] matplotlib.category: Using categorical units to plot a list of strings that are all parsable as floats or dates. If these strings should be plotted as numbers, cast to the appropriate data type before plotting.
2026-06-10 11:11:56,683 [INFO] src.core.excel_export: FAR workbook saved to E:/GT WORK @/GT Work/far-automation/Testing Dataset/Testing_FAR/Balance_Sheet_as_at_31_March_2025_FAR_2025-26.xlsx
2026-06-10 11:34:24,941 [INFO] src.core.excel_parser: Client name extracted from row 2 col 2: Balance Sheet as at 31 March 2025
2026-06-10 11:34:25,348 [INFO] src.core.excel_parser: Date headers found: CY=2025 (col 4, row 6), PY=2024 (col 5, row 6)
2026-06-10 11:35:34,265 [INFO] src.core.excel_parser: Client name extracted from row 2 col 2: Balance Sheet as at 31 March 2025
2026-06-10 11:35:34,268 [INFO] src.core.excel_parser: Date headers found: CY=2025 (col 4, row 6), PY=2024 (col 5, row 6)
2026-06-10 11:35:34,270 [INFO] src.core.excel_parser: BS columns detected: Particulars=col 2, Notes=col 3
2026-06-10 11:35:34,274 [INFO] src.core.excel_parser: Parsed BS: 52 rows, CY=2025, PY=2024
2026-06-10 11:36:40,100 [INFO] src.core.excel_parser: Client name extracted from row 2 col 2: Statement of profit and loss for the year ended 31 March 2025
2026-06-10 11:36:40,100 [INFO] src.core.excel_parser: Date headers found: CY=2025 (col 4, row 6), PY=2024 (col 5, row 6)
2026-06-10 11:36:40,101 [INFO] src.core.excel_parser: PL columns detected: Particulars=col 2, Notes=col 3
2026-06-10 11:36:40,101 [INFO] src.core.excel_parser: Parsed PL: 33 rows, CY=2025, PY=2024
2026-06-10 11:37:46,352 [WARNING] src.core.excel_parser: Notes sheet '3' was found but yielded no parsed groups
2026-06-10 11:37:46,455 [WARNING] src.core.excel_parser: Notes sheet '4-15' was found but yielded no parsed groups
2026-06-10 11:37:46,462 [WARNING] src.core.excel_parser: Notes sheet '16-22' was found but yielded no parsed groups
2026-06-10 11:37:46,475 [WARNING] src.core.excel_parser: Notes sheet '23-25' was found but yielded no parsed groups
2026-06-10 11:37:46,563 [WARNING] src.core.excel_parser: Notes sheet '26-37' was found but yielded no parsed groups
2026-06-10 11:37:46,563 [WARNING] src.core.excel_parser: No notes were parsed. This usually happens if you load a blank template instead of actual client data.
2026-06-10 11:37:46,565 [INFO] src.core.excel_parser: Found non-zero value for 'trade receivables' on row 'Trade receivables': CY=4945.09, PY=3944.83
2026-06-10 11:37:46,565 [INFO] src.core.excel_parser: BS Summary: total_ca=6064, total_cl=739, debtors=4945, equity=7141
2026-06-10 11:37:46,565 [INFO] src.core.excel_parser: Found non-zero value for 'revenue from operations' on row 'Revenue from operations': CY=3275.00, PY=4852.00
2026-06-10 11:37:46,565 [INFO] src.core.excel_parser: Found non-zero value for 'total income' on row 'Total income': CY=3630.00, PY=5454.00
2026-06-10 11:37:46,565 [INFO] src.core.excel_parser: PBT found: row='Profit / (Loss) before exceptional and extraordinary items and tax', CY=707.00, PY=881.00
2026-06-10 11:37:46,566 [INFO] src.core.excel_parser: PAT found via keyword 'profit/(loss) after tax': row='Profit/(Loss) after tax (A)', CY=780.24, PY=-1035.11
2026-06-10 11:37:46,566 [INFO] src.core.excel_parser: Found non-zero value for 'finance cost' on row 'Finance cost': CY=37.00, PY=119.00
2026-06-10 11:37:46,566 [INFO] src.core.excel_parser: PL Summary: revenue_ops=3275, pbt=707, pat=780, finance_cost=37
2026-06-10 11:37:46,566 [INFO] src.core.cpp_bridge: Ratio inputs — revenue_ops: CY=3275 PY=4852 | pat: CY=780 PY=-1035 | debtors: CY=4945 PY=3945 (avg_cy=4445) | total_ca: CY=6064 PY=5305 | total_cl: CY=739 PY=1162
2026-06-10 11:37:46,566 [INFO] src.core.cpp_bridge: RATIO 'Debt Equity Ratio': CY=0.0931, PY=0.1361, Change=-31.59%
2026-06-10 11:37:46,566 [INFO] src.core.cpp_bridge: RATIO 'Current Ratio': CY=8.2058, PY=4.5653, Change=79.74%
2026-06-10 11:37:46,566 [INFO] src.core.cpp_bridge: RATIO 'GCA Days': CY=609.7501, PY=355.0170, Change=71.75%
2026-06-10 11:37:46,566 [INFO] src.core.cpp_bridge: RATIO 'Total Outside Liab. vs Total Equity': CY=0.1316, PY=0.2310, Change=-43.01%
2026-06-10 11:37:46,566 [INFO] src.core.cpp_bridge: RATIO 'Net Profit Ratio': CY=23.8241, PY=-21.3337, Change=211.67%
2026-06-10 11:37:46,566 [INFO] src.core.cpp_bridge: RATIO 'Return on Equity (ROE)': CY=10.4663, PY=13.8326, Change=-24.34%
2026-06-10 11:37:46,566 [INFO] src.core.cpp_bridge: RATIO 'Return on Capital Employed (ROCE)': CY=9.5311, PY=13.8198, Change=-31.03%
2026-06-10 11:37:46,566 [INFO] src.core.cpp_bridge: RATIO 'Debtor Turnover Ratio': CY=0.7368, PY=1.2300, Change=-40.10%
2026-06-10 11:37:46,567 [INFO] src.core.validation: VALIDATION PASS - Balance Sheet identity: Assets=8,081 ≈ Equity+Liabilities=8,081 (diff=0, within tolerance 8)
2026-06-10 11:37:46,567 [INFO] src.core.validation: VALIDATION PASS - Revenue from Operations > 0: Revenue = 3,275
2026-06-10 11:37:46,567 [INFO] src.core.validation: VALIDATION PASS - Average Trade Receivables > 0: CY=4,945, PY=3,945, Avg=4,445
2026-06-10 11:37:46,567 [INFO] src.core.validation: VALIDATION PASS - Ratio 'Current Ratio': CY=8.2058 (non-zero)
2026-06-10 11:37:46,568 [INFO] src.core.validation: VALIDATION PASS - Ratio 'Net Profit Ratio': CY=23.8241 (non-zero)
2026-06-10 11:37:46,568 [INFO] src.core.validation: VALIDATION PASS - Ratio 'Return on Equity (ROE)': CY=10.4663 (non-zero)
2026-06-10 11:37:46,568 [INFO] src.core.validation: VALIDATION PASS - Ratio 'Return on Capital Employed (ROCE)': CY=9.5311 (non-zero)
2026-06-10 11:37:46,568 [INFO] src.core.validation: VALIDATION PASS - Ratio 'Debtor Turnover Ratio': CY=0.7368 (non-zero)
2026-06-10 11:37:46,568 [INFO] src.core.validation: VALIDATION PASS - P&L mapping: Revenue from Operations: = 3,275
2026-06-10 11:37:46,651 [INFO] src.core.validation: VALIDATION PASS - P&L mapping: Profit Before Tax: = 707
2026-06-10 11:37:46,661 [INFO] src.core.validation: VALIDATION PASS - P&L mapping: Profit After Tax: = 780
2026-06-10 11:37:46,661 [INFO] src.core.validation: VALIDATION PASS - BS mapping: Total Current Assets: = 6,064
2026-06-10 11:37:46,661 [INFO] src.core.validation: VALIDATION PASS - BS mapping: Total Current Liabilities: = 739
2026-06-10 11:37:46,661 [INFO] src.core.validation: VALIDATION PASS - BS mapping: Total Equity: = 7,141
2026-06-10 11:37:46,661 [INFO] src.core.validation: VALIDATION PASS - BS mapping: Trade Receivables: = 4,945
2026-06-10 11:37:46,661 [INFO] src.core.validation: VALIDATION PASS - BS row count: 52 rows parsed
2026-06-10 11:37:46,661 [INFO] src.core.validation: VALIDATION PASS - P&L row count: 33 rows parsed
2026-06-10 11:37:46,662 [INFO] src.core.validation: Validation complete: 17 passed, 0 warnings, 0 failed, 0 auto-corrected
2026-06-10 11:37:46,662 [INFO] src.core.validation: ============================================================
FAR VALIDATION REPORT
============================================================

PASSED CHECKS:
  ? Balance Sheet identity: Assets=8,081 ? Equity+Liabilities=8,081 (diff=0, within tolerance 8)
  ? Revenue from Operations > 0: Revenue = 3,275
  ? Average Trade Receivables > 0: CY=4,945, PY=3,945, Avg=4,445
  ? Ratio 'Current Ratio': CY=8.2058 (non-zero)
  ? Ratio 'Net Profit Ratio': CY=23.8241 (non-zero)
  ? Ratio 'Return on Equity (ROE)': CY=10.4663 (non-zero)
  ? Ratio 'Return on Capital Employed (ROCE)': CY=9.5311 (non-zero)
  ? Ratio 'Debtor Turnover Ratio': CY=0.7368 (non-zero)
  ? P&L mapping: Revenue from Operations: = 3,275
  ? P&L mapping: Profit Before Tax: = 707
  ? P&L mapping: Profit After Tax: = 780
  ? BS mapping: Total Current Assets: = 6,064
  ? BS mapping: Total Current Liabilities: = 739
  ? BS mapping: Total Equity: = 7,141
  ? BS mapping: Trade Receivables: = 4,945
  ? BS row count: 52 rows parsed
  ? P&L row count: 33 rows parsed
============================================================
2026-06-10 11:37:46,808 [INFO] matplotlib.category: Using categorical units to plot a list of strings that are all parsable as floats or dates. If these strings should be plotted as numbers, cast to the appropriate data type before plotting.
2026-06-10 11:37:46,810 [INFO] matplotlib.category: Using categorical units to plot a list of strings that are all parsable as floats or dates. If these strings should be plotted as numbers, cast to the appropriate data type before plotting.
2026-06-10 11:37:46,810 [INFO] matplotlib.category: Using categorical units to plot a list of strings that are all parsable as floats or dates. If these strings should be plotted as numbers, cast to the appropriate data type before plotting.
2026-06-10 11:37:46,828 [INFO] matplotlib.category: Using categorical units to plot a list of strings that are all parsable as floats or dates. If these strings should be plotted as numbers, cast to the appropriate data type before plotting.
2026-06-10 11:37:46,829 [INFO] matplotlib.category: Using categorical units to plot a list of strings that are all parsable as floats or dates. If these strings should be plotted as numbers, cast to the appropriate data type before plotting.
2026-06-10 11:37:46,830 [INFO] matplotlib.category: Using categorical units to plot a list of strings that are all parsable as floats or dates. If these strings should be plotted as numbers, cast to the appropriate data type before plotting.
2026-06-10 11:37:46,831 [INFO] matplotlib.category: Using categorical units to plot a list of strings that are all parsable as floats or dates. If these strings should be plotted as numbers, cast to the appropriate data type before plotting.
2026-06-10 11:37:46,831 [INFO] matplotlib.category: Using categorical units to plot a list of strings that are all parsable as floats or dates. If these strings should be plotted as numbers, cast to the appropriate data type before plotting.
2026-06-10 11:37:46,831 [INFO] matplotlib.category: Using categorical units to plot a list of strings that are all parsable as floats or dates. If these strings should be plotted as numbers, cast to the appropriate data type before plotting.
2026-06-10 11:37:46,851 [INFO] matplotlib.category: Using categorical units to plot a list of strings that are all parsable as floats or dates. If these strings should be plotted as numbers, cast to the appropriate data type before plotting.
2026-06-10 11:37:46,851 [INFO] matplotlib.category: Using categorical units to plot a list of strings that are all parsable as floats or dates. If these strings should be plotted as numbers, cast to the appropriate data type before plotting.
2026-06-10 11:37:46,852 [INFO] matplotlib.category: Using categorical units to plot a list of strings that are all parsable as floats or dates. If these strings should be plotted as numbers, cast to the appropriate data type before plotting.
2026-06-10 11:37:46,852 [INFO] matplotlib.category: Using categorical units to plot a list of strings that are all parsable as floats or dates. If these strings should be plotted as numbers, cast to the appropriate data type before plotting.
2026-06-10 11:37:47,115 [INFO] src.gui.main_window: FAR generated: BS=52 rows, PL=33 rows, Ratios=8
2026-06-10 11:54:50,664 [INFO] __main__: Application exiting with code 0
2026-06-10 11:54:51,851 [INFO] __main__: Application exiting with code 0
2026-06-10 12:51:37,321 [INFO] __main__: ============================================================
2026-06-10 12:51:37,425 [INFO] __main__: FAR Automation Tool started at 2026-06-10T12:51:37.425423
2026-06-10 12:51:37,425 [INFO] __main__: Python 3.10.11 (tags/v3.10.11:7d4cc5a, Apr  5 2023, 00:38:17) [MSC v.1929 64 bit (AMD64)]
2026-06-10 12:51:37,425 [INFO] __main__: Project root: E:\GT WORK @\GT Work\far-automation
2026-06-10 12:51:37,684 [INFO] __main__: Stylesheet loaded
2026-06-10 12:51:40,349 [INFO] __main__: Main window shown
2026-06-10 12:52:23,400 [INFO] src.gui.input_form: Auto-filled client name from workbook: Balance Sheet as at 31 March 2025
2026-06-10 12:52:54,015 [INFO] src.core.cpp_bridge: C++ DLL not found at E:\GT WORK @\GT Work\far-automation\cpp_engine\build\far_engine.dll — using Python fallback
2026-06-10 12:53:08,726 [INFO] src.core.excel_parser: Found non-zero value for 'trade receivables' on row 'Trade receivables': CY=0.05, PY=0.04
2026-06-10 12:53:08,726 [INFO] src.core.excel_parser: BS Summary: total_ca=0, total_cl=0, debtors=0, equity=0
2026-06-10 12:53:08,727 [INFO] src.core.excel_parser: Found non-zero value for 'revenue from operations' on row 'Revenue from operations': CY=0.03, PY=0.05
2026-06-10 12:53:08,727 [INFO] src.core.excel_parser: Found non-zero value for 'total income' on row 'Total income': CY=0.04, PY=0.05
2026-06-10 12:53:08,727 [INFO] src.core.excel_parser: PBT found: row='Profit / (Loss) before exceptional and extraordinary items and tax', CY=0.01, PY=0.01
2026-06-10 12:53:08,727 [INFO] src.core.excel_parser: PAT found via keyword 'profit/(loss) after tax': row='Profit/(Loss) after tax (A)', CY=0.01, PY=-0.01
2026-06-10 12:53:08,728 [INFO] src.core.excel_parser: Found non-zero value for 'finance cost' on row 'Finance cost': CY=0.00, PY=0.00
2026-06-10 12:53:08,728 [INFO] src.core.excel_parser: PL Summary: revenue_ops=0, pbt=0, pat=0, finance_cost=0
2026-06-10 12:53:08,735 [INFO] src.core.cache_manager: Data cached to .far_cache\98ede8f102208520033978590a0fe1216b4681a629ed9f1bcdfa07b5ea2adfbc.pkl
2026-06-10 12:53:08,746 [INFO] src.core.validation: VALIDATION PASS - Balance Sheet identity: Assets=0 ≈ Equity+Liabilities=0 (diff=0, within tolerance 1)
2026-06-10 12:53:08,748 [INFO] src.core.validation: VALIDATION PASS - Revenue from Operations > 0: Revenue = 0
2026-06-10 12:53:08,748 [INFO] src.core.validation: VALIDATION PASS - Average Trade Receivables > 0: CY=0, PY=0, Avg=0
2026-06-10 12:53:08,748 [INFO] src.core.validation: VALIDATION PASS - Ratio 'Current Ratio': CY=8.2058 (non-zero)
2026-06-10 12:53:08,749 [INFO] src.core.validation: VALIDATION PASS - Ratio 'Net Profit Ratio': CY=23.8242 (non-zero)
2026-06-10 12:53:08,749 [INFO] src.core.validation: VALIDATION PASS - Ratio 'Return on Equity (ROE)': CY=10.4663 (non-zero)
2026-06-10 12:53:08,749 [INFO] src.core.validation: VALIDATION PASS - Ratio 'Return on Capital Employed (ROCE)': CY=9.5311 (non-zero)
2026-06-10 12:53:08,750 [INFO] src.core.validation: VALIDATION PASS - Ratio 'Debtor Turnover Ratio': CY=0.7368 (non-zero)
2026-06-10 12:53:08,750 [INFO] src.core.validation: VALIDATION PASS - P&L mapping: Revenue from Operations: = 0
2026-06-10 12:53:08,750 [INFO] src.core.validation: VALIDATION PASS - P&L mapping: Profit Before Tax: = 0
2026-06-10 12:53:08,750 [INFO] src.core.validation: VALIDATION PASS - P&L mapping: Profit After Tax: = 0
2026-06-10 12:53:08,751 [INFO] src.core.validation: VALIDATION PASS - BS mapping: Total Current Assets: = 0
2026-06-10 12:53:08,751 [INFO] src.core.validation: VALIDATION PASS - BS mapping: Total Current Liabilities: = 0
2026-06-10 12:53:08,751 [INFO] src.core.validation: VALIDATION PASS - BS mapping: Total Equity: = 0
2026-06-10 12:53:08,752 [INFO] src.core.validation: VALIDATION PASS - BS mapping: Trade Receivables: = 0
2026-06-10 12:53:08,752 [INFO] src.core.validation: VALIDATION PASS - BS row count: 52 rows parsed
2026-06-10 12:53:08,752 [INFO] src.core.validation: VALIDATION PASS - P&L row count: 33 rows parsed
2026-06-10 12:53:08,753 [INFO] src.core.validation: Validation complete: 17 passed, 0 warnings, 0 failed, 0 auto-corrected
2026-06-10 12:53:08,754 [INFO] src.core.validation: ============================================================
FAR VALIDATION REPORT
============================================================

PASSED CHECKS:
  ? Balance Sheet identity: Assets=0 ? Equity+Liabilities=0 (diff=0, within tolerance 1)
  ? Revenue from Operations > 0: Revenue = 0
  ? Average Trade Receivables > 0: CY=0, PY=0, Avg=0
  ? Ratio 'Current Ratio': CY=8.2058 (non-zero)
  ? Ratio 'Net Profit Ratio': CY=23.8242 (non-zero)
  ? Ratio 'Return on Equity (ROE)': CY=10.4663 (non-zero)
  ? Ratio 'Return on Capital Employed (ROCE)': CY=9.5311 (non-zero)
  ? Ratio 'Debtor Turnover Ratio': CY=0.7368 (non-zero)
  ? P&L mapping: Revenue from Operations: = 0
  ? P&L mapping: Profit Before Tax: = 0
  ? P&L mapping: Profit After Tax: = 0
  ? BS mapping: Total Current Assets: = 0
  ? BS mapping: Total Current Liabilities: = 0
  ? BS mapping: Total Equity: = 0
  ? BS mapping: Trade Receivables: = 0
  ? BS row count: 52 rows parsed
  ? P&L row count: 33 rows parsed
============================================================
2026-06-10 12:53:08,850 [CRITICAL] __main__: Unhandled exception
Traceback (most recent call last):
  File "E:\GT WORK @\GT Work\far-automation\src\gui\main_window.py", line 412, in _on_generate_finished
    self.notes_view.load_data(notes_result, client_name, cy_year, py_year, rounding_unit)
  File "E:\GT WORK @\GT Work\far-automation\src\gui\notes_view.py", line 94, in load_data
    for sheet_name, note_groups in notes_data.items():
AttributeError: 'list' object has no attribute 'items'
2026-06-10 12:56:07,471 [INFO] src.core.cache_manager: Cache hit for 98ede8f102208520033978590a0fe1216b4681a629ed9f1bcdfa07b5ea2adfbc — Returning instantly.
2026-06-10 12:56:07,473 [INFO] src.core.validation: VALIDATION PASS - Balance Sheet identity: Assets=0 ≈ Equity+Liabilities=0 (diff=0, within tolerance 1)
2026-06-10 12:56:07,474 [INFO] src.core.validation: VALIDATION PASS - Revenue from Operations > 0: Revenue = 0
2026-06-10 12:56:07,474 [INFO] src.core.validation: VALIDATION PASS - Average Trade Receivables > 0: CY=0, PY=0, Avg=0
2026-06-10 12:56:07,475 [INFO] src.core.validation: VALIDATION PASS - Ratio 'Current Ratio': CY=8.2058 (non-zero)
2026-06-10 12:56:07,475 [INFO] src.core.validation: VALIDATION PASS - Ratio 'Net Profit Ratio': CY=23.8242 (non-zero)
2026-06-10 12:56:07,475 [INFO] src.core.validation: VALIDATION PASS - Ratio 'Return on Equity (ROE)': CY=10.4663 (non-zero)
2026-06-10 12:56:07,475 [INFO] src.core.validation: VALIDATION PASS - Ratio 'Return on Capital Employed (ROCE)': CY=9.5311 (non-zero)
2026-06-10 12:56:07,475 [INFO] src.core.validation: VALIDATION PASS - Ratio 'Debtor Turnover Ratio': CY=0.7368 (non-zero)
2026-06-10 12:56:07,476 [INFO] src.core.validation: VALIDATION PASS - P&L mapping: Revenue from Operations: = 0
2026-06-10 12:56:07,476 [INFO] src.core.validation: VALIDATION PASS - P&L mapping: Profit Before Tax: = 0
2026-06-10 12:56:07,476 [INFO] src.core.validation: VALIDATION PASS - P&L mapping: Profit After Tax: = 0
2026-06-10 12:56:07,477 [INFO] src.core.validation: VALIDATION PASS - BS mapping: Total Current Assets: = 0
2026-06-10 12:56:07,477 [INFO] src.core.validation: VALIDATION PASS - BS mapping: Total Current Liabilities: = 0
2026-06-10 12:56:07,477 [INFO] src.core.validation: VALIDATION PASS - BS mapping: Total Equity: = 0
2026-06-10 12:56:07,477 [INFO] src.core.validation: VALIDATION PASS - BS mapping: Trade Receivables: = 0
2026-06-10 12:56:07,478 [INFO] src.core.validation: VALIDATION PASS - BS row count: 52 rows parsed
2026-06-10 12:56:07,478 [INFO] src.core.validation: VALIDATION PASS - P&L row count: 33 rows parsed
2026-06-10 12:56:07,479 [INFO] src.core.validation: Validation complete: 17 passed, 0 warnings, 0 failed, 0 auto-corrected
2026-06-10 12:56:07,480 [INFO] src.core.validation: ============================================================
FAR VALIDATION REPORT
============================================================

PASSED CHECKS:
  ? Balance Sheet identity: Assets=0 ? Equity+Liabilities=0 (diff=0, within tolerance 1)
  ? Revenue from Operations > 0: Revenue = 0
  ? Average Trade Receivables > 0: CY=0, PY=0, Avg=0
  ? Ratio 'Current Ratio': CY=8.2058 (non-zero)
  ? Ratio 'Net Profit Ratio': CY=23.8242 (non-zero)
  ? Ratio 'Return on Equity (ROE)': CY=10.4663 (non-zero)
  ? Ratio 'Return on Capital Employed (ROCE)': CY=9.5311 (non-zero)
  ? Ratio 'Debtor Turnover Ratio': CY=0.7368 (non-zero)
  ? P&L mapping: Revenue from Operations: = 0
  ? P&L mapping: Profit Before Tax: = 0
  ? P&L mapping: Profit After Tax: = 0
  ? BS mapping: Total Current Assets: = 0
  ? BS mapping: Total Current Liabilities: = 0
  ? BS mapping: Total Equity: = 0
  ? BS mapping: Trade Receivables: = 0
  ? BS row count: 52 rows parsed
  ? P&L row count: 33 rows parsed
============================================================
2026-06-10 12:56:07,527 [CRITICAL] __main__: Unhandled exception
Traceback (most recent call last):
  File "E:\GT WORK @\GT Work\far-automation\src\gui\main_window.py", line 412, in _on_generate_finished
    self.notes_view.load_data(notes_result, client_name, cy_year, py_year, rounding_unit)
  File "E:\GT WORK @\GT Work\far-automation\src\gui\notes_view.py", line 94, in load_data
    for sheet_name, note_groups in notes_data.items():
AttributeError: 'list' object has no attribute 'items'
2026-06-10 12:56:09,066 [INFO] src.core.cache_manager: Cache hit for 98ede8f102208520033978590a0fe1216b4681a629ed9f1bcdfa07b5ea2adfbc — Returning instantly.
2026-06-10 12:56:09,068 [INFO] src.core.validation: VALIDATION PASS - Balance Sheet identity: Assets=0 ≈ Equity+Liabilities=0 (diff=0, within tolerance 1)
2026-06-10 12:56:09,068 [INFO] src.core.validation: VALIDATION PASS - Revenue from Operations > 0: Revenue = 0
2026-06-10 12:56:09,070 [INFO] src.core.validation: VALIDATION PASS - Average Trade Receivables > 0: CY=0, PY=0, Avg=0
2026-06-10 12:56:09,070 [INFO] src.core.validation: VALIDATION PASS - Ratio 'Current Ratio': CY=8.2058 (non-zero)
2026-06-10 12:56:09,070 [INFO] src.core.validation: VALIDATION PASS - Ratio 'Net Profit Ratio': CY=23.8242 (non-zero)
2026-06-10 12:56:09,071 [INFO] src.core.validation: VALIDATION PASS - Ratio 'Return on Equity (ROE)': CY=10.4663 (non-zero)
2026-06-10 12:56:09,071 [INFO] src.core.validation: VALIDATION PASS - Ratio 'Return on Capital Employed (ROCE)': CY=9.5311 (non-zero)
2026-06-10 12:56:09,071 [INFO] src.core.validation: VALIDATION PASS - Ratio 'Debtor Turnover Ratio': CY=0.7368 (non-zero)
2026-06-10 12:56:09,160 [INFO] src.core.validation: VALIDATION PASS - P&L mapping: Revenue from Operations: = 0
2026-06-10 12:56:09,174 [INFO] src.core.validation: VALIDATION PASS - P&L mapping: Profit Before Tax: = 0
2026-06-10 12:56:09,175 [INFO] src.core.validation: VALIDATION PASS - P&L mapping: Profit After Tax: = 0
2026-06-10 12:56:09,175 [INFO] src.core.validation: VALIDATION PASS - BS mapping: Total Current Assets: = 0
2026-06-10 12:56:09,175 [INFO] src.core.validation: VALIDATION PASS - BS mapping: Total Current Liabilities: = 0
2026-06-10 12:56:09,176 [INFO] src.core.validation: VALIDATION PASS - BS mapping: Total Equity: = 0
2026-06-10 12:56:09,176 [INFO] src.core.validation: VALIDATION PASS - BS mapping: Trade Receivables: = 0
2026-06-10 12:56:09,176 [INFO] src.core.validation: VALIDATION PASS - BS row count: 52 rows parsed
2026-06-10 12:56:09,176 [INFO] src.core.validation: VALIDATION PASS - P&L row count: 33 rows parsed
2026-06-10 12:56:09,176 [INFO] src.core.validation: Validation complete: 17 passed, 0 warnings, 0 failed, 0 auto-corrected
2026-06-10 12:56:09,177 [INFO] src.core.validation: ============================================================
FAR VALIDATION REPORT
============================================================

PASSED CHECKS:
  ? Balance Sheet identity: Assets=0 ? Equity+Liabilities=0 (diff=0, within tolerance 1)
  ? Revenue from Operations > 0: Revenue = 0
  ? Average Trade Receivables > 0: CY=0, PY=0, Avg=0
  ? Ratio 'Current Ratio': CY=8.2058 (non-zero)
  ? Ratio 'Net Profit Ratio': CY=23.8242 (non-zero)
  ? Ratio 'Return on Equity (ROE)': CY=10.4663 (non-zero)
  ? Ratio 'Return on Capital Employed (ROCE)': CY=9.5311 (non-zero)
  ? Ratio 'Debtor Turnover Ratio': CY=0.7368 (non-zero)
  ? P&L mapping: Revenue from Operations: = 0
  ? P&L mapping: Profit Before Tax: = 0
  ? P&L mapping: Profit After Tax: = 0
  ? BS mapping: Total Current Assets: = 0
  ? BS mapping: Total Current Liabilities: = 0
  ? BS mapping: Total Equity: = 0
  ? BS mapping: Trade Receivables: = 0
  ? BS row count: 52 rows parsed
  ? P&L row count: 33 rows parsed
============================================================
2026-06-10 12:56:09,233 [CRITICAL] __main__: Unhandled exception
Traceback (most recent call last):
  File "E:\GT WORK @\GT Work\far-automation\src\gui\main_window.py", line 412, in _on_generate_finished
    self.notes_view.load_data(notes_result, client_name, cy_year, py_year, rounding_unit)
  File "E:\GT WORK @\GT Work\far-automation\src\gui\notes_view.py", line 94, in load_data
    for sheet_name, note_groups in notes_data.items():
AttributeError: 'list' object has no attribute 'items'
2026-06-10 12:56:09,993 [INFO] src.core.cache_manager: Cache hit for 98ede8f102208520033978590a0fe1216b4681a629ed9f1bcdfa07b5ea2adfbc — Returning instantly.
2026-06-10 12:56:09,994 [INFO] src.core.validation: VALIDATION PASS - Balance Sheet identity: Assets=0 ≈ Equity+Liabilities=0 (diff=0, within tolerance 1)
2026-06-10 12:56:09,995 [INFO] src.core.validation: VALIDATION PASS - Revenue from Operations > 0: Revenue = 0
2026-06-10 12:56:09,996 [INFO] src.core.validation: VALIDATION PASS - Average Trade Receivables > 0: CY=0, PY=0, Avg=0
2026-06-10 12:56:09,996 [INFO] src.core.validation: VALIDATION PASS - Ratio 'Current Ratio': CY=8.2058 (non-zero)
2026-06-10 12:56:09,996 [INFO] src.core.validation: VALIDATION PASS - Ratio 'Net Profit Ratio': CY=23.8242 (non-zero)
2026-06-10 12:56:09,996 [INFO] src.core.validation: VALIDATION PASS - Ratio 'Return on Equity (ROE)': CY=10.4663 (non-zero)
2026-06-10 12:56:09,996 [INFO] src.core.validation: VALIDATION PASS - Ratio 'Return on Capital Employed (ROCE)': CY=9.5311 (non-zero)
2026-06-10 12:56:09,997 [INFO] src.core.validation: VALIDATION PASS - Ratio 'Debtor Turnover Ratio': CY=0.7368 (non-zero)
2026-06-10 12:56:09,997 [INFO] src.core.validation: VALIDATION PASS - P&L mapping: Revenue from Operations: = 0
2026-06-10 12:56:09,997 [INFO] src.core.validation: VALIDATION PASS - P&L mapping: Profit Before Tax: = 0
2026-06-10 12:56:09,998 [INFO] src.core.validation: VALIDATION PASS - P&L mapping: Profit After Tax: = 0
2026-06-10 12:56:09,998 [INFO] src.core.validation: VALIDATION PASS - BS mapping: Total Current Assets: = 0
2026-06-10 12:56:09,998 [INFO] src.core.validation: VALIDATION PASS - BS mapping: Total Current Liabilities: = 0
2026-06-10 12:56:09,998 [INFO] src.core.validation: VALIDATION PASS - BS mapping: Total Equity: = 0
2026-06-10 12:56:09,998 [INFO] src.core.validation: VALIDATION PASS - BS mapping: Trade Receivables: = 0
2026-06-10 12:56:09,999 [INFO] src.core.validation: VALIDATION PASS - BS row count: 52 rows parsed
2026-06-10 12:56:09,999 [INFO] src.core.validation: VALIDATION PASS - P&L row count: 33 rows parsed
2026-06-10 12:56:10,000 [INFO] src.core.validation: Validation complete: 17 passed, 0 warnings, 0 failed, 0 auto-corrected
2026-06-10 12:56:10,000 [INFO] src.core.validation: ============================================================
FAR VALIDATION REPORT
============================================================

PASSED CHECKS:
  ? Balance Sheet identity: Assets=0 ? Equity+Liabilities=0 (diff=0, within tolerance 1)
  ? Revenue from Operations > 0: Revenue = 0
  ? Average Trade Receivables > 0: CY=0, PY=0, Avg=0
  ? Ratio 'Current Ratio': CY=8.2058 (non-zero)
  ? Ratio 'Net Profit Ratio': CY=23.8242 (non-zero)
  ? Ratio 'Return on Equity (ROE)': CY=10.4663 (non-zero)
  ? Ratio 'Return on Capital Employed (ROCE)': CY=9.5311 (non-zero)
  ? Ratio 'Debtor Turnover Ratio': CY=0.7368 (non-zero)
  ? P&L mapping: Revenue from Operations: = 0
  ? P&L mapping: Profit Before Tax: = 0
  ? P&L mapping: Profit After Tax: = 0
  ? BS mapping: Total Current Assets: = 0
  ? BS mapping: Total Current Liabilities: = 0
  ? BS mapping: Total Equity: = 0
  ? BS mapping: Trade Receivables: = 0
  ? BS row count: 52 rows parsed
  ? P&L row count: 33 rows parsed
============================================================
2026-06-10 12:56:10,048 [CRITICAL] __main__: Unhandled exception
Traceback (most recent call last):
  File "E:\GT WORK @\GT Work\far-automation\src\gui\main_window.py", line 412, in _on_generate_finished
    self.notes_view.load_data(notes_result, client_name, cy_year, py_year, rounding_unit)
  File "E:\GT WORK @\GT Work\far-automation\src\gui\notes_view.py", line 94, in load_data
    for sheet_name, note_groups in notes_data.items():
AttributeError: 'list' object has no attribute 'items'
2026-06-10 12:56:10,684 [INFO] src.core.cache_manager: Cache hit for 98ede8f102208520033978590a0fe1216b4681a629ed9f1bcdfa07b5ea2adfbc — Returning instantly.
2026-06-10 12:56:10,685 [INFO] src.core.validation: VALIDATION PASS - Balance Sheet identity: Assets=0 ≈ Equity+Liabilities=0 (diff=0, within tolerance 1)
2026-06-10 12:56:10,687 [INFO] src.core.validation: VALIDATION PASS - Revenue from Operations > 0: Revenue = 0
2026-06-10 12:56:10,687 [INFO] src.core.validation: VALIDATION PASS - Average Trade Receivables > 0: CY=0, PY=0, Avg=0
2026-06-10 12:56:10,688 [INFO] src.core.validation: VALIDATION PASS - Ratio 'Current Ratio': CY=8.2058 (non-zero)
2026-06-10 12:56:10,688 [INFO] src.core.validation: VALIDATION PASS - Ratio 'Net Profit Ratio': CY=23.8242 (non-zero)
2026-06-10 12:56:10,688 [INFO] src.core.validation: VALIDATION PASS - Ratio 'Return on Equity (ROE)': CY=10.4663 (non-zero)
2026-06-10 12:56:10,688 [INFO] src.core.validation: VALIDATION PASS - Ratio 'Return on Capital Employed (ROCE)': CY=9.5311 (non-zero)
2026-06-10 12:56:10,689 [INFO] src.core.validation: VALIDATION PASS - Ratio 'Debtor Turnover Ratio': CY=0.7368 (non-zero)
2026-06-10 12:56:10,689 [INFO] src.core.validation: VALIDATION PASS - P&L mapping: Revenue from Operations: = 0
2026-06-10 12:56:10,689 [INFO] src.core.validation: VALIDATION PASS - P&L mapping: Profit Before Tax: = 0
2026-06-10 12:56:10,689 [INFO] src.core.validation: VALIDATION PASS - P&L mapping: Profit After Tax: = 0
2026-06-10 12:56:10,689 [INFO] src.core.validation: VALIDATION PASS - BS mapping: Total Current Assets: = 0
2026-06-10 12:56:10,689 [INFO] src.core.validation: VALIDATION PASS - BS mapping: Total Current Liabilities: = 0
2026-06-10 12:56:10,690 [INFO] src.core.validation: VALIDATION PASS - BS mapping: Total Equity: = 0
2026-06-10 12:56:10,690 [INFO] src.core.validation: VALIDATION PASS - BS mapping: Trade Receivables: = 0
2026-06-10 12:56:10,690 [INFO] src.core.validation: VALIDATION PASS - BS row count: 52 rows parsed
2026-06-10 12:56:10,690 [INFO] src.core.validation: VALIDATION PASS - P&L row count: 33 rows parsed
2026-06-10 12:56:10,690 [INFO] src.core.validation: Validation complete: 17 passed, 0 warnings, 0 failed, 0 auto-corrected
2026-06-10 12:56:10,690 [INFO] src.core.validation: ============================================================
FAR VALIDATION REPORT
============================================================

PASSED CHECKS:
  ? Balance Sheet identity: Assets=0 ? Equity+Liabilities=0 (diff=0, within tolerance 1)
  ? Revenue from Operations > 0: Revenue = 0
  ? Average Trade Receivables > 0: CY=0, PY=0, Avg=0
  ? Ratio 'Current Ratio': CY=8.2058 (non-zero)
  ? Ratio 'Net Profit Ratio': CY=23.8242 (non-zero)
  ? Ratio 'Return on Equity (ROE)': CY=10.4663 (non-zero)
  ? Ratio 'Return on Capital Employed (ROCE)': CY=9.5311 (non-zero)
  ? Ratio 'Debtor Turnover Ratio': CY=0.7368 (non-zero)
  ? P&L mapping: Revenue from Operations: = 0
  ? P&L mapping: Profit Before Tax: = 0
  ? P&L mapping: Profit After Tax: = 0
  ? BS mapping: Total Current Assets: = 0
  ? BS mapping: Total Current Liabilities: = 0
  ? BS mapping: Total Equity: = 0
  ? BS mapping: Trade Receivables: = 0
  ? BS row count: 52 rows parsed
  ? P&L row count: 33 rows parsed
============================================================
2026-06-10 12:56:10,742 [CRITICAL] __main__: Unhandled exception
Traceback (most recent call last):
  File "E:\GT WORK @\GT Work\far-automation\src\gui\main_window.py", line 412, in _on_generate_finished
    self.notes_view.load_data(notes_result, client_name, cy_year, py_year, rounding_unit)
  File "E:\GT WORK @\GT Work\far-automation\src\gui\notes_view.py", line 94, in load_data
    for sheet_name, note_groups in notes_data.items():
AttributeError: 'list' object has no attribute 'items'
2026-06-10 12:56:11,025 [INFO] src.core.cache_manager: Cache hit for 98ede8f102208520033978590a0fe1216b4681a629ed9f1bcdfa07b5ea2adfbc — Returning instantly.
2026-06-10 12:56:11,026 [INFO] src.core.validation: VALIDATION PASS - Balance Sheet identity: Assets=0 ≈ Equity+Liabilities=0 (diff=0, within tolerance 1)
2026-06-10 12:56:11,028 [INFO] src.core.validation: VALIDATION PASS - Revenue from Operations > 0: Revenue = 0
2026-06-10 12:56:11,028 [INFO] src.core.validation: VALIDATION PASS - Average Trade Receivables > 0: CY=0, PY=0, Avg=0
2026-06-10 12:56:11,029 [INFO] src.core.validation: VALIDATION PASS - Ratio 'Current Ratio': CY=8.2058 (non-zero)
2026-06-10 12:56:11,029 [INFO] src.core.validation: VALIDATION PASS - Ratio 'Net Profit Ratio': CY=23.8242 (non-zero)
2026-06-10 12:56:11,029 [INFO] src.core.validation: VALIDATION PASS - Ratio 'Return on Equity (ROE)': CY=10.4663 (non-zero)
2026-06-10 12:56:11,029 [INFO] src.core.validation: VALIDATION PASS - Ratio 'Return on Capital Employed (ROCE)': CY=9.5311 (non-zero)
2026-06-10 12:56:11,029 [INFO] src.core.validation: VALIDATION PASS - Ratio 'Debtor Turnover Ratio': CY=0.7368 (non-zero)
2026-06-10 12:56:11,029 [INFO] src.core.validation: VALIDATION PASS - P&L mapping: Revenue from Operations: = 0
2026-06-10 12:56:11,030 [INFO] src.core.validation: VALIDATION PASS - P&L mapping: Profit Before Tax: = 0
2026-06-10 12:56:11,030 [INFO] src.core.validation: VALIDATION PASS - P&L mapping: Profit After Tax: = 0
2026-06-10 12:56:11,030 [INFO] src.core.validation: VALIDATION PASS - BS mapping: Total Current Assets: = 0
2026-06-10 12:56:11,030 [INFO] src.core.validation: VALIDATION PASS - BS mapping: Total Current Liabilities: = 0
2026-06-10 12:56:11,030 [INFO] src.core.validation: VALIDATION PASS - BS mapping: Total Equity: = 0
2026-06-10 12:56:11,031 [INFO] src.core.validation: VALIDATION PASS - BS mapping: Trade Receivables: = 0
2026-06-10 12:56:11,031 [INFO] src.core.validation: VALIDATION PASS - BS row count: 52 rows parsed
2026-06-10 12:56:11,031 [INFO] src.core.validation: VALIDATION PASS - P&L row count: 33 rows parsed
2026-06-10 12:56:11,031 [INFO] src.core.validation: Validation complete: 17 passed, 0 warnings, 0 failed, 0 auto-corrected
2026-06-10 12:56:11,032 [INFO] src.core.validation: ============================================================
FAR VALIDATION REPORT
============================================================

PASSED CHECKS:
  ? Balance Sheet identity: Assets=0 ? Equity+Liabilities=0 (diff=0, within tolerance 1)
  ? Revenue from Operations > 0: Revenue = 0
  ? Average Trade Receivables > 0: CY=0, PY=0, Avg=0
  ? Ratio 'Current Ratio': CY=8.2058 (non-zero)
  ? Ratio 'Net Profit Ratio': CY=23.8242 (non-zero)
  ? Ratio 'Return on Equity (ROE)': CY=10.4663 (non-zero)
  ? Ratio 'Return on Capital Employed (ROCE)': CY=9.5311 (non-zero)
  ? Ratio 'Debtor Turnover Ratio': CY=0.7368 (non-zero)
  ? P&L mapping: Revenue from Operations: = 0
  ? P&L mapping: Profit Before Tax: = 0
  ? P&L mapping: Profit After Tax: = 0
  ? BS mapping: Total Current Assets: = 0
  ? BS mapping: Total Current Liabilities: = 0
  ? BS mapping: Total Equity: = 0
  ? BS mapping: Trade Receivables: = 0
  ? BS row count: 52 rows parsed
  ? P&L row count: 33 rows parsed
============================================================
2026-06-10 12:56:11,083 [CRITICAL] __main__: Unhandled exception
Traceback (most recent call last):
  File "E:\GT WORK @\GT Work\far-automation\src\gui\main_window.py", line 412, in _on_generate_finished
    self.notes_view.load_data(notes_result, client_name, cy_year, py_year, rounding_unit)
  File "E:\GT WORK @\GT Work\far-automation\src\gui\notes_view.py", line 94, in load_data
    for sheet_name, note_groups in notes_data.items():
AttributeError: 'list' object has no attribute 'items'
2026-06-10 12:56:11,393 [INFO] src.core.cache_manager: Cache hit for 98ede8f102208520033978590a0fe1216b4681a629ed9f1bcdfa07b5ea2adfbc — Returning instantly.
2026-06-10 12:56:11,396 [INFO] src.core.validation: VALIDATION PASS - Balance Sheet identity: Assets=0 ≈ Equity+Liabilities=0 (diff=0, within tolerance 1)
2026-06-10 12:56:11,398 [INFO] src.core.validation: VALIDATION PASS - Revenue from Operations > 0: Revenue = 0
2026-06-10 12:56:11,399 [INFO] src.core.validation: VALIDATION PASS - Average Trade Receivables > 0: CY=0, PY=0, Avg=0
2026-06-10 12:56:11,399 [INFO] src.core.validation: VALIDATION PASS - Ratio 'Current Ratio': CY=8.2058 (non-zero)
2026-06-10 12:56:11,399 [INFO] src.core.validation: VALIDATION PASS - Ratio 'Net Profit Ratio': CY=23.8242 (non-zero)
2026-06-10 12:56:11,399 [INFO] src.core.validation: VALIDATION PASS - Ratio 'Return on Equity (ROE)': CY=10.4663 (non-zero)
2026-06-10 12:56:11,400 [INFO] src.core.validation: VALIDATION PASS - Ratio 'Return on Capital Employed (ROCE)': CY=9.5311 (non-zero)
2026-06-10 12:56:11,402 [INFO] src.core.validation: VALIDATION PASS - Ratio 'Debtor Turnover Ratio': CY=0.7368 (non-zero)
2026-06-10 12:56:11,402 [INFO] src.core.validation: VALIDATION PASS - P&L mapping: Revenue from Operations: = 0
2026-06-10 12:56:11,403 [INFO] src.core.validation: VALIDATION PASS - P&L mapping: Profit Before Tax: = 0
2026-06-10 12:56:11,404 [INFO] src.core.validation: VALIDATION PASS - P&L mapping: Profit After Tax: = 0
2026-06-10 12:56:11,405 [INFO] src.core.validation: VALIDATION PASS - BS mapping: Total Current Assets: = 0
2026-06-10 12:56:11,406 [INFO] src.core.validation: VALIDATION PASS - BS mapping: Total Current Liabilities: = 0
2026-06-10 12:56:11,412 [INFO] src.core.validation: VALIDATION PASS - BS mapping: Total Equity: = 0
2026-06-10 12:56:11,413 [INFO] src.core.validation: VALIDATION PASS - BS mapping: Trade Receivables: = 0
2026-06-10 12:56:11,414 [INFO] src.core.validation: VALIDATION PASS - BS row count: 52 rows parsed
2026-06-10 12:56:11,415 [INFO] src.core.validation: VALIDATION PASS - P&L row count: 33 rows parsed
2026-06-10 12:56:11,417 [INFO] src.core.validation: Validation complete: 17 passed, 0 warnings, 0 failed, 0 auto-corrected
2026-06-10 12:56:11,418 [INFO] src.core.validation: ============================================================
FAR VALIDATION REPORT
============================================================

PASSED CHECKS:
  ? Balance Sheet identity: Assets=0 ? Equity+Liabilities=0 (diff=0, within tolerance 1)
  ? Revenue from Operations > 0: Revenue = 0
  ? Average Trade Receivables > 0: CY=0, PY=0, Avg=0
  ? Ratio 'Current Ratio': CY=8.2058 (non-zero)
  ? Ratio 'Net Profit Ratio': CY=23.8242 (non-zero)
  ? Ratio 'Return on Equity (ROE)': CY=10.4663 (non-zero)
  ? Ratio 'Return on Capital Employed (ROCE)': CY=9.5311 (non-zero)
  ? Ratio 'Debtor Turnover Ratio': CY=0.7368 (non-zero)
  ? P&L mapping: Revenue from Operations: = 0
  ? P&L mapping: Profit Before Tax: = 0
  ? P&L mapping: Profit After Tax: = 0
  ? BS mapping: Total Current Assets: = 0
  ? BS mapping: Total Current Liabilities: = 0
  ? BS mapping: Total Equity: = 0
  ? BS mapping: Trade Receivables: = 0
  ? BS row count: 52 rows parsed
  ? P&L row count: 33 rows parsed
============================================================
2026-06-10 12:56:11,467 [CRITICAL] __main__: Unhandled exception
Traceback (most recent call last):
  File "E:\GT WORK @\GT Work\far-automation\src\gui\main_window.py", line 412, in _on_generate_finished
    self.notes_view.load_data(notes_result, client_name, cy_year, py_year, rounding_unit)
  File "E:\GT WORK @\GT Work\far-automation\src\gui\notes_view.py", line 94, in load_data
    for sheet_name, note_groups in notes_data.items():
AttributeError: 'list' object has no attribute 'items'
2026-06-10 12:56:51,130 [INFO] src.core.excel_parser: Found non-zero value for 'trade receivables' on row 'Trade receivables': CY=86.07, PY=20.12
2026-06-10 12:56:51,131 [INFO] src.core.excel_parser: BS Summary: total_ca=2583, total_cl=2570, debtors=86, equity=171
2026-06-10 12:56:51,131 [WARNING] src.core.excel_parser: Keyword 'revenue from operations' matched row 'Revenue from operations' but value is ZERO — may be a heading row; scanning further
2026-06-10 12:56:51,131 [INFO] src.core.excel_parser: Found non-zero value for 'software services' on row '- Software services': CY=109.85, PY=144.80
2026-06-10 12:56:51,132 [INFO] src.core.excel_parser: Found non-zero value for 'total income' on row 'Total income': CY=268.88, PY=509.46
2026-06-10 12:56:51,132 [INFO] src.core.excel_parser: PBT found: row='Profit / (Loss) before exceptional and extraordinary items and tax', CY=-29.56, PY=194.00
2026-06-10 12:56:51,132 [WARNING] src.core.excel_parser: PAT: Could not find Profit After Tax row — falling back to PBT (-29.56). Net Profit Ratio may be slightly overstated (ignores tax).
2026-06-10 12:56:51,133 [INFO] src.core.excel_parser: Found non-zero value for 'finance charge' on row 'Finance charges': CY=117.61, PY=140.32
2026-06-10 12:56:51,133 [INFO] src.core.excel_parser: PL Summary: revenue_ops=110, pbt=-30, pat=-30, finance_cost=118
2026-06-10 12:56:51,142 [INFO] src.core.cache_manager: Data cached to .far_cache\919f003fb9fba9319ff3a108e1d2ad23ecb7fe2f51124fa540e1d74f60130f5d.pkl
2026-06-10 12:56:51,154 [INFO] src.core.validation: VALIDATION PASS - Balance Sheet identity: Assets=2,753 ≈ Equity+Liabilities=2,753 (diff=0, within tolerance 3)
2026-06-10 12:56:51,156 [INFO] src.core.validation: VALIDATION PASS - Revenue from Operations > 0: Revenue = 110
2026-06-10 12:56:51,157 [INFO] src.core.validation: VALIDATION PASS - Average Trade Receivables > 0: CY=86, PY=20, Avg=53
2026-06-10 12:56:51,157 [INFO] src.core.validation: VALIDATION PASS - Ratio 'Current Ratio': CY=1.0052 (non-zero)
2026-06-10 12:56:51,157 [INFO] src.core.validation: VALIDATION PASS - Ratio 'Net Profit Ratio': CY=-26.9132 (non-zero)
2026-06-10 12:56:51,157 [INFO] src.core.validation: VALIDATION PASS - Ratio 'Return on Equity (ROE)': CY=-7.0978 (non-zero)
2026-06-10 12:56:51,158 [INFO] src.core.validation: VALIDATION PASS - Ratio 'Return on Capital Employed (ROCE)': CY=3.2892 (non-zero)
2026-06-10 12:56:51,158 [INFO] src.core.validation: VALIDATION PASS - Ratio 'Debtor Turnover Ratio': CY=2.0687 (non-zero)
2026-06-10 12:56:51,158 [INFO] src.core.validation: VALIDATION PASS - P&L mapping: Revenue from Operations: = 110
2026-06-10 12:56:51,159 [INFO] src.core.validation: VALIDATION PASS - P&L mapping: Profit Before Tax: = -30
2026-06-10 12:56:51,159 [INFO] src.core.validation: VALIDATION PASS - P&L mapping: Profit After Tax: = -30
2026-06-10 12:56:51,159 [INFO] src.core.validation: VALIDATION PASS - BS mapping: Total Current Assets: = 2,583
2026-06-10 12:56:51,160 [INFO] src.core.validation: VALIDATION PASS - BS mapping: Total Current Liabilities: = 2,570
2026-06-10 12:56:51,160 [INFO] src.core.validation: VALIDATION PASS - BS mapping: Total Equity: = 171
2026-06-10 12:56:51,160 [INFO] src.core.validation: VALIDATION PASS - BS mapping: Trade Receivables: = 86
2026-06-10 12:56:51,160 [INFO] src.core.validation: VALIDATION PASS - BS row count: 64 rows parsed
2026-06-10 12:56:51,160 [INFO] src.core.validation: VALIDATION PASS - P&L row count: 40 rows parsed
2026-06-10 12:56:51,161 [INFO] src.core.validation: Validation complete: 17 passed, 0 warnings, 0 failed, 0 auto-corrected
2026-06-10 12:56:51,161 [INFO] src.core.validation: ============================================================
FAR VALIDATION REPORT
============================================================

PASSED CHECKS:
  ? Balance Sheet identity: Assets=2,753 ? Equity+Liabilities=2,753 (diff=0, within tolerance 3)
  ? Revenue from Operations > 0: Revenue = 110
  ? Average Trade Receivables > 0: CY=86, PY=20, Avg=53
  ? Ratio 'Current Ratio': CY=1.0052 (non-zero)
  ? Ratio 'Net Profit Ratio': CY=-26.9132 (non-zero)
  ? Ratio 'Return on Equity (ROE)': CY=-7.0978 (non-zero)
  ? Ratio 'Return on Capital Employed (ROCE)': CY=3.2892 (non-zero)
  ? Ratio 'Debtor Turnover Ratio': CY=2.0687 (non-zero)
  ? P&L mapping: Revenue from Operations: = 110
  ? P&L mapping: Profit Before Tax: = -30
  ? P&L mapping: Profit After Tax: = -30
  ? BS mapping: Total Current Assets: = 2,583
  ? BS mapping: Total Current Liabilities: = 2,570
  ? BS mapping: Total Equity: = 171
  ? BS mapping: Trade Receivables: = 86
  ? BS row count: 64 rows parsed
  ? P&L row count: 40 rows parsed
============================================================
2026-06-10 12:56:51,215 [CRITICAL] __main__: Unhandled exception
Traceback (most recent call last):
  File "E:\GT WORK @\GT Work\far-automation\src\gui\main_window.py", line 412, in _on_generate_finished
    self.notes_view.load_data(notes_result, client_name, cy_year, py_year, rounding_unit)
  File "E:\GT WORK @\GT Work\far-automation\src\gui\notes_view.py", line 94, in load_data
    for sheet_name, note_groups in notes_data.items():
AttributeError: 'list' object has no attribute 'items'
2026-06-10 13:02:03,169 [INFO] __main__: Application exiting with code 0
2026-06-10 13:02:25,429 [INFO] __main__: ============================================================
2026-06-10 13:02:25,432 [INFO] __main__: FAR Automation Tool started at 2026-06-10T13:02:25.432887
2026-06-10 13:02:25,437 [INFO] __main__: Python 3.10.11 (tags/v3.10.11:7d4cc5a, Apr  5 2023, 00:38:17) [MSC v.1929 64 bit (AMD64)]
2026-06-10 13:02:25,437 [INFO] __main__: Project root: E:\GT WORK @\GT Work\far-automation
2026-06-10 13:02:25,611 [INFO] __main__: Stylesheet loaded
2026-06-10 13:02:27,686 [INFO] __main__: Main window shown
2026-06-10 13:03:12,527 [INFO] src.gui.input_form: Auto-filled client name from workbook: Balance Sheet as at 31 March 2025
2026-06-10 13:03:35,596 [INFO] src.core.cpp_bridge: C++ DLL not found at E:\GT WORK @\GT Work\far-automation\cpp_engine\build\far_engine.dll — using Python fallback
2026-06-10 13:03:50,665 [INFO] src.core.excel_parser: Found non-zero value for 'trade receivables' on row 'Trade receivables': CY=0.05, PY=0.04
2026-06-10 13:03:50,665 [INFO] src.core.excel_parser: BS Summary: total_ca=0, total_cl=0, debtors=0, equity=0
2026-06-10 13:03:50,665 [INFO] src.core.excel_parser: Found non-zero value for 'revenue from operations' on row 'Revenue from operations': CY=0.03, PY=0.05
2026-06-10 13:03:50,666 [INFO] src.core.excel_parser: Found non-zero value for 'total income' on row 'Total income': CY=0.04, PY=0.05
2026-06-10 13:03:50,666 [INFO] src.core.excel_parser: PBT found: row='Profit / (Loss) before exceptional and extraordinary items and tax', CY=0.01, PY=0.01
2026-06-10 13:03:50,666 [INFO] src.core.excel_parser: PAT found via keyword 'profit/(loss) after tax': row='Profit/(Loss) after tax (A)', CY=0.01, PY=-0.01
2026-06-10 13:03:50,666 [INFO] src.core.excel_parser: Found non-zero value for 'finance cost' on row 'Finance cost': CY=0.00, PY=0.00
2026-06-10 13:03:50,667 [INFO] src.core.excel_parser: PL Summary: revenue_ops=0, pbt=0, pat=0, finance_cost=0
2026-06-10 13:03:50,673 [INFO] src.core.cache_manager: Data cached to .far_cache\98ede8f102208520033978590a0fe1216b4681a629ed9f1bcdfa07b5ea2adfbc.pkl
2026-06-10 13:03:50,684 [INFO] src.core.validation: VALIDATION PASS - Balance Sheet identity: Assets=0 ≈ Equity+Liabilities=0 (diff=0, within tolerance 1)
2026-06-10 13:03:50,686 [INFO] src.core.validation: VALIDATION PASS - Revenue from Operations > 0: Revenue = 0
2026-06-10 13:03:50,686 [INFO] src.core.validation: VALIDATION PASS - Average Trade Receivables > 0: CY=0, PY=0, Avg=0
2026-06-10 13:03:50,687 [INFO] src.core.validation: VALIDATION PASS - Ratio 'Current Ratio': CY=8.2058 (non-zero)
2026-06-10 13:03:50,687 [INFO] src.core.validation: VALIDATION PASS - Ratio 'Net Profit Ratio': CY=23.8242 (non-zero)
2026-06-10 13:03:50,687 [INFO] src.core.validation: VALIDATION PASS - Ratio 'Return on Equity (ROE)': CY=10.4663 (non-zero)
2026-06-10 13:03:50,687 [INFO] src.core.validation: VALIDATION PASS - Ratio 'Return on Capital Employed (ROCE)': CY=9.5311 (non-zero)
2026-06-10 13:03:50,688 [INFO] src.core.validation: VALIDATION PASS - Ratio 'Debtor Turnover Ratio': CY=0.7368 (non-zero)
2026-06-10 13:03:50,688 [INFO] src.core.validation: VALIDATION PASS - P&L mapping: Revenue from Operations: = 0
2026-06-10 13:03:50,688 [INFO] src.core.validation: VALIDATION PASS - P&L mapping: Profit Before Tax: = 0
2026-06-10 13:03:50,688 [INFO] src.core.validation: VALIDATION PASS - P&L mapping: Profit After Tax: = 0
2026-06-10 13:03:50,689 [INFO] src.core.validation: VALIDATION PASS - BS mapping: Total Current Assets: = 0
2026-06-10 13:03:50,689 [INFO] src.core.validation: VALIDATION PASS - BS mapping: Total Current Liabilities: = 0
2026-06-10 13:03:50,689 [INFO] src.core.validation: VALIDATION PASS - BS mapping: Total Equity: = 0
2026-06-10 13:03:50,690 [INFO] src.core.validation: VALIDATION PASS - BS mapping: Trade Receivables: = 0
2026-06-10 13:03:50,690 [INFO] src.core.validation: VALIDATION PASS - BS row count: 52 rows parsed
2026-06-10 13:03:50,690 [INFO] src.core.validation: VALIDATION PASS - P&L row count: 33 rows parsed
2026-06-10 13:03:50,690 [INFO] src.core.validation: Validation complete: 17 passed, 0 warnings, 0 failed, 0 auto-corrected
2026-06-10 13:03:50,690 [INFO] src.core.validation: ============================================================
FAR VALIDATION REPORT
============================================================

PASSED CHECKS:
  ? Balance Sheet identity: Assets=0 ? Equity+Liabilities=0 (diff=0, within tolerance 1)
  ? Revenue from Operations > 0: Revenue = 0
  ? Average Trade Receivables > 0: CY=0, PY=0, Avg=0
  ? Ratio 'Current Ratio': CY=8.2058 (non-zero)
  ? Ratio 'Net Profit Ratio': CY=23.8242 (non-zero)
  ? Ratio 'Return on Equity (ROE)': CY=10.4663 (non-zero)
  ? Ratio 'Return on Capital Employed (ROCE)': CY=9.5311 (non-zero)
  ? Ratio 'Debtor Turnover Ratio': CY=0.7368 (non-zero)
  ? P&L mapping: Revenue from Operations: = 0
  ? P&L mapping: Profit Before Tax: = 0
  ? P&L mapping: Profit After Tax: = 0
  ? BS mapping: Total Current Assets: = 0
  ? BS mapping: Total Current Liabilities: = 0
  ? BS mapping: Total Equity: = 0
  ? BS mapping: Trade Receivables: = 0
  ? BS row count: 52 rows parsed
  ? P&L row count: 33 rows parsed
============================================================
2026-06-10 13:03:50,920 [INFO] matplotlib.category: Using categorical units to plot a list of strings that are all parsable as floats or dates. If these strings should be plotted as numbers, cast to the appropriate data type before plotting.
2026-06-10 13:03:50,921 [INFO] matplotlib.category: Using categorical units to plot a list of strings that are all parsable as floats or dates. If these strings should be plotted as numbers, cast to the appropriate data type before plotting.
2026-06-10 13:03:50,922 [INFO] matplotlib.category: Using categorical units to plot a list of strings that are all parsable as floats or dates. If these strings should be plotted as numbers, cast to the appropriate data type before plotting.
2026-06-10 13:03:50,950 [INFO] matplotlib.category: Using categorical units to plot a list of strings that are all parsable as floats or dates. If these strings should be plotted as numbers, cast to the appropriate data type before plotting.
2026-06-10 13:03:50,951 [INFO] matplotlib.category: Using categorical units to plot a list of strings that are all parsable as floats or dates. If these strings should be plotted as numbers, cast to the appropriate data type before plotting.
2026-06-10 13:03:50,952 [INFO] matplotlib.category: Using categorical units to plot a list of strings that are all parsable as floats or dates. If these strings should be plotted as numbers, cast to the appropriate data type before plotting.
2026-06-10 13:03:50,953 [INFO] matplotlib.category: Using categorical units to plot a list of strings that are all parsable as floats or dates. If these strings should be plotted as numbers, cast to the appropriate data type before plotting.
2026-06-10 13:03:50,954 [INFO] matplotlib.category: Using categorical units to plot a list of strings that are all parsable as floats or dates. If these strings should be plotted as numbers, cast to the appropriate data type before plotting.
2026-06-10 13:03:50,954 [INFO] matplotlib.category: Using categorical units to plot a list of strings that are all parsable as floats or dates. If these strings should be plotted as numbers, cast to the appropriate data type before plotting.
2026-06-10 13:03:50,983 [INFO] matplotlib.category: Using categorical units to plot a list of strings that are all parsable as floats or dates. If these strings should be plotted as numbers, cast to the appropriate data type before plotting.
2026-06-10 13:03:50,984 [INFO] matplotlib.category: Using categorical units to plot a list of strings that are all parsable as floats or dates. If these strings should be plotted as numbers, cast to the appropriate data type before plotting.
2026-06-10 13:03:50,985 [INFO] matplotlib.category: Using categorical units to plot a list of strings that are all parsable as floats or dates. If these strings should be plotted as numbers, cast to the appropriate data type before plotting.
2026-06-10 13:03:50,987 [INFO] matplotlib.category: Using categorical units to plot a list of strings that are all parsable as floats or dates. If these strings should be plotted as numbers, cast to the appropriate data type before plotting.
2026-06-10 13:03:51,269 [INFO] src.gui.main_window: FAR generated: BS=52 rows, PL=33 rows, Ratios=8
2026-06-10 13:03:59,538 [INFO] matplotlib.category: Using categorical units to plot a list of strings that are all parsable as floats or dates. If these strings should be plotted as numbers, cast to the appropriate data type before plotting.
2026-06-10 13:03:59,538 [INFO] matplotlib.category: Using categorical units to plot a list of strings that are all parsable as floats or dates. If these strings should be plotted as numbers, cast to the appropriate data type before plotting.
2026-06-10 13:03:59,540 [INFO] matplotlib.category: Using categorical units to plot a list of strings that are all parsable as floats or dates. If these strings should be plotted as numbers, cast to the appropriate data type before plotting.
2026-06-10 13:03:59,542 [INFO] matplotlib.category: Using categorical units to plot a list of strings that are all parsable as floats or dates. If these strings should be plotted as numbers, cast to the appropriate data type before plotting.
2026-06-10 13:14:40,897 [INFO] __main__: Application exiting with code 0
2026-06-10 13:14:50,840 [INFO] __main__: ============================================================
2026-06-10 13:14:50,843 [INFO] __main__: FAR Automation Tool started at 2026-06-10T13:14:50.843255
2026-06-10 13:14:50,847 [INFO] __main__: Python 3.10.11 (tags/v3.10.11:7d4cc5a, Apr  5 2023, 00:38:17) [MSC v.1929 64 bit (AMD64)]
2026-06-10 13:14:50,847 [INFO] __main__: Project root: E:\GT WORK @\GT Work\far-automation
2026-06-10 13:14:51,032 [INFO] __main__: Stylesheet loaded
2026-06-10 13:14:53,127 [INFO] __main__: Main window shown
2026-06-10 13:15:28,364 [INFO] src.gui.input_form: Auto-filled client name from workbook: Balance Sheet as at 31 March 2025
2026-06-10 13:15:45,682 [INFO] src.core.cpp_bridge: C++ DLL not found at E:\GT WORK @\GT Work\far-automation\cpp_engine\build\far_engine.dll — using Python fallback
2026-06-10 13:16:01,324 [INFO] src.core.excel_parser: Found non-zero value for 'trade receivables' on row 'Trade receivables': CY=0.05, PY=0.04
2026-06-10 13:16:01,325 [INFO] src.core.excel_parser: BS Summary: total_ca=0, total_cl=0, debtors=0, equity=0
2026-06-10 13:16:01,325 [INFO] src.core.excel_parser: Found non-zero value for 'revenue from operations' on row 'Revenue from operations': CY=0.03, PY=0.05
2026-06-10 13:16:01,325 [INFO] src.core.excel_parser: Found non-zero value for 'total income' on row 'Total income': CY=0.04, PY=0.05
2026-06-10 13:16:01,326 [INFO] src.core.excel_parser: PBT found: row='Profit / (Loss) before exceptional and extraordinary items and tax', CY=0.01, PY=0.01
2026-06-10 13:16:01,326 [INFO] src.core.excel_parser: PAT found via keyword 'profit/(loss) after tax': row='Profit/(Loss) after tax (A)', CY=0.01, PY=-0.01
2026-06-10 13:16:01,326 [INFO] src.core.excel_parser: Found non-zero value for 'finance cost' on row 'Finance cost': CY=0.00, PY=0.00
2026-06-10 13:16:01,326 [INFO] src.core.excel_parser: PL Summary: revenue_ops=0, pbt=0, pat=0, finance_cost=0
2026-06-10 13:16:01,333 [INFO] src.core.cache_manager: Data cached to .far_cache\98ede8f102208520033978590a0fe1216b4681a629ed9f1bcdfa07b5ea2adfbc.pkl
2026-06-10 13:16:01,344 [INFO] src.core.validation: VALIDATION PASS - Balance Sheet identity: Assets=0 ≈ Equity+Liabilities=0 (diff=0, within tolerance 1)
2026-06-10 13:16:01,346 [INFO] src.core.validation: VALIDATION PASS - Revenue from Operations > 0: Revenue = 0
2026-06-10 13:16:01,346 [INFO] src.core.validation: VALIDATION PASS - Average Trade Receivables > 0: CY=0, PY=0, Avg=0
2026-06-10 13:16:01,347 [INFO] src.core.validation: VALIDATION PASS - Ratio 'Current Ratio': CY=8.2058 (non-zero)
2026-06-10 13:16:01,347 [INFO] src.core.validation: VALIDATION PASS - Ratio 'Net Profit Ratio': CY=23.8242 (non-zero)
2026-06-10 13:16:01,347 [INFO] src.core.validation: VALIDATION PASS - Ratio 'Return on Equity (ROE)': CY=10.4663 (non-zero)
2026-06-10 13:16:01,347 [INFO] src.core.validation: VALIDATION PASS - Ratio 'Return on Capital Employed (ROCE)': CY=9.5311 (non-zero)
2026-06-10 13:16:01,347 [INFO] src.core.validation: VALIDATION PASS - Ratio 'Debtor Turnover Ratio': CY=0.7368 (non-zero)
2026-06-10 13:16:01,348 [INFO] src.core.validation: VALIDATION PASS - P&L mapping: Revenue from Operations: = 0
2026-06-10 13:16:01,348 [INFO] src.core.validation: VALIDATION PASS - P&L mapping: Profit Before Tax: = 0
2026-06-10 13:16:01,348 [INFO] src.core.validation: VALIDATION PASS - P&L mapping: Profit After Tax: = 0
2026-06-10 13:16:01,349 [INFO] src.core.validation: VALIDATION PASS - BS mapping: Total Current Assets: = 0
2026-06-10 13:16:01,349 [INFO] src.core.validation: VALIDATION PASS - BS mapping: Total Current Liabilities: = 0
2026-06-10 13:16:01,349 [INFO] src.core.validation: VALIDATION PASS - BS mapping: Total Equity: = 0
2026-06-10 13:16:01,350 [INFO] src.core.validation: VALIDATION PASS - BS mapping: Trade Receivables: = 0
2026-06-10 13:16:01,350 [INFO] src.core.validation: VALIDATION PASS - BS row count: 52 rows parsed
2026-06-10 13:16:01,350 [INFO] src.core.validation: VALIDATION PASS - P&L row count: 33 rows parsed
2026-06-10 13:16:01,350 [INFO] src.core.validation: Validation complete: 17 passed, 0 warnings, 0 failed, 0 auto-corrected
2026-06-10 13:16:01,351 [INFO] src.core.validation: ============================================================
FAR VALIDATION REPORT
============================================================

PASSED CHECKS:
  ? Balance Sheet identity: Assets=0 ? Equity+Liabilities=0 (diff=0, within tolerance 1)
  ? Revenue from Operations > 0: Revenue = 0
  ? Average Trade Receivables > 0: CY=0, PY=0, Avg=0
  ? Ratio 'Current Ratio': CY=8.2058 (non-zero)
  ? Ratio 'Net Profit Ratio': CY=23.8242 (non-zero)
  ? Ratio 'Return on Equity (ROE)': CY=10.4663 (non-zero)
  ? Ratio 'Return on Capital Employed (ROCE)': CY=9.5311 (non-zero)
  ? Ratio 'Debtor Turnover Ratio': CY=0.7368 (non-zero)
  ? P&L mapping: Revenue from Operations: = 0
  ? P&L mapping: Profit Before Tax: = 0
  ? P&L mapping: Profit After Tax: = 0
  ? BS mapping: Total Current Assets: = 0
  ? BS mapping: Total Current Liabilities: = 0
  ? BS mapping: Total Equity: = 0
  ? BS mapping: Trade Receivables: = 0
  ? BS row count: 52 rows parsed
  ? P&L row count: 33 rows parsed
============================================================
2026-06-10 13:16:01,533 [INFO] matplotlib.category: Using categorical units to plot a list of strings that are all parsable as floats or dates. If these strings should be plotted as numbers, cast to the appropriate data type before plotting.
2026-06-10 13:16:01,535 [INFO] matplotlib.category: Using categorical units to plot a list of strings that are all parsable as floats or dates. If these strings should be plotted as numbers, cast to the appropriate data type before plotting.
2026-06-10 13:16:01,536 [INFO] matplotlib.category: Using categorical units to plot a list of strings that are all parsable as floats or dates. If these strings should be plotted as numbers, cast to the appropriate data type before plotting.
2026-06-10 13:16:01,558 [INFO] matplotlib.category: Using categorical units to plot a list of strings that are all parsable as floats or dates. If these strings should be plotted as numbers, cast to the appropriate data type before plotting.
2026-06-10 13:16:01,559 [INFO] matplotlib.category: Using categorical units to plot a list of strings that are all parsable as floats or dates. If these strings should be plotted as numbers, cast to the appropriate data type before plotting.
2026-06-10 13:16:01,560 [INFO] matplotlib.category: Using categorical units to plot a list of strings that are all parsable as floats or dates. If these strings should be plotted as numbers, cast to the appropriate data type before plotting.
2026-06-10 13:16:01,561 [INFO] matplotlib.category: Using categorical units to plot a list of strings that are all parsable as floats or dates. If these strings should be plotted as numbers, cast to the appropriate data type before plotting.
2026-06-10 13:16:01,562 [INFO] matplotlib.category: Using categorical units to plot a list of strings that are all parsable as floats or dates. If these strings should be plotted as numbers, cast to the appropriate data type before plotting.
2026-06-10 13:16:01,563 [INFO] matplotlib.category: Using categorical units to plot a list of strings that are all parsable as floats or dates. If these strings should be plotted as numbers, cast to the appropriate data type before plotting.
2026-06-10 13:16:01,583 [INFO] matplotlib.category: Using categorical units to plot a list of strings that are all parsable as floats or dates. If these strings should be plotted as numbers, cast to the appropriate data type before plotting.
2026-06-10 13:16:01,584 [INFO] matplotlib.category: Using categorical units to plot a list of strings that are all parsable as floats or dates. If these strings should be plotted as numbers, cast to the appropriate data type before plotting.
2026-06-10 13:16:01,585 [INFO] matplotlib.category: Using categorical units to plot a list of strings that are all parsable as floats or dates. If these strings should be plotted as numbers, cast to the appropriate data type before plotting.
2026-06-10 13:16:01,585 [INFO] matplotlib.category: Using categorical units to plot a list of strings that are all parsable as floats or dates. If these strings should be plotted as numbers, cast to the appropriate data type before plotting.
2026-06-10 13:16:01,818 [INFO] src.gui.main_window: FAR generated: BS=52 rows, PL=33 rows, Ratios=8
2026-06-10 13:16:13,145 [INFO] matplotlib.category: Using categorical units to plot a list of strings that are all parsable as floats or dates. If these strings should be plotted as numbers, cast to the appropriate data type before plotting.
2026-06-10 13:16:13,146 [INFO] matplotlib.category: Using categorical units to plot a list of strings that are all parsable as floats or dates. If these strings should be plotted as numbers, cast to the appropriate data type before plotting.
2026-06-10 13:16:13,148 [INFO] matplotlib.category: Using categorical units to plot a list of strings that are all parsable as floats or dates. If these strings should be plotted as numbers, cast to the appropriate data type before plotting.
2026-06-10 13:16:13,149 [INFO] matplotlib.category: Using categorical units to plot a list of strings that are all parsable as floats or dates. If these strings should be plotted as numbers, cast to the appropriate data type before plotting.
2026-06-10 14:21:13,229 [INFO] __main__: Application exiting with code 0
2026-06-10 14:21:26,701 [INFO] __main__: ============================================================
2026-06-10 14:21:26,704 [INFO] __main__: FAR Automation Tool started at 2026-06-10T14:21:26.704849
2026-06-10 14:21:26,709 [INFO] __main__: Python 3.10.11 (tags/v3.10.11:7d4cc5a, Apr  5 2023, 00:38:17) [MSC v.1929 64 bit (AMD64)]
2026-06-10 14:21:26,709 [INFO] __main__: Project root: E:\GT WORK @\GT Work\far-automation
2026-06-10 14:21:26,934 [INFO] __main__: Stylesheet loaded
2026-06-10 14:21:28,672 [INFO] __main__: Main window shown
2026-06-10 14:22:05,067 [INFO] src.gui.input_form: Auto-filled client name from workbook: Balance Sheet as at 31 March 2025
2026-06-10 14:22:25,117 [INFO] src.core.cpp_bridge: C++ DLL not found at E:\GT WORK @\GT Work\far-automation\cpp_engine\build\far_engine.dll — using Python fallback
2026-06-10 14:23:09,297 [INFO] src.core.excel_parser: Found non-zero value for 'trade receivables' on row 'Trade receivables': CY=0.05, PY=0.04
2026-06-10 14:23:09,297 [INFO] src.core.excel_parser: BS Summary: total_ca=0, total_cl=0, debtors=0, equity=0
2026-06-10 14:23:09,297 [INFO] src.core.excel_parser: Found non-zero value for 'revenue from operations' on row 'Revenue from operations': CY=0.03, PY=0.05
2026-06-10 14:23:09,297 [INFO] src.core.excel_parser: Found non-zero value for 'total income' on row 'Total income': CY=0.04, PY=0.05
2026-06-10 14:23:09,298 [INFO] src.core.excel_parser: PBT found: row='Profit / (Loss) before exceptional and extraordinary items and tax', CY=0.01, PY=0.01
2026-06-10 14:23:09,298 [INFO] src.core.excel_parser: PAT found via keyword 'profit/(loss) after tax': row='Profit/(Loss) after tax (A)', CY=0.01, PY=-0.01
2026-06-10 14:23:09,298 [INFO] src.core.excel_parser: Found non-zero value for 'finance cost' on row 'Finance cost': CY=0.00, PY=0.00
2026-06-10 14:23:09,299 [INFO] src.core.excel_parser: PL Summary: revenue_ops=0, pbt=0, pat=0, finance_cost=0
2026-06-10 14:23:09,454 [INFO] src.core.cache_manager: Data cached to .far_cache\98ede8f102208520033978590a0fe1216b4681a629ed9f1bcdfa07b5ea2adfbc.pkl
2026-06-10 14:23:09,545 [INFO] src.core.validation: VALIDATION PASS - Balance Sheet identity: Assets=0 ≈ Equity+Liabilities=0 (diff=0, within tolerance 1)
2026-06-10 14:23:09,549 [INFO] src.core.validation: VALIDATION PASS - Revenue from Operations > 0: Revenue = 0
2026-06-10 14:23:09,550 [INFO] src.core.validation: VALIDATION PASS - Average Trade Receivables > 0: CY=0, PY=0, Avg=0
2026-06-10 14:23:09,551 [INFO] src.core.validation: VALIDATION PASS - Ratio 'Current Ratio': CY=8.2058 (non-zero)
2026-06-10 14:23:09,551 [INFO] src.core.validation: VALIDATION PASS - Ratio 'Net Profit Ratio': CY=23.8242 (non-zero)
2026-06-10 14:23:09,551 [INFO] src.core.validation: VALIDATION PASS - Ratio 'Return on Equity (ROE)': CY=10.4663 (non-zero)
2026-06-10 14:23:09,552 [INFO] src.core.validation: VALIDATION PASS - Ratio 'Return on Capital Employed (ROCE)': CY=9.5311 (non-zero)
2026-06-10 14:23:09,552 [INFO] src.core.validation: VALIDATION PASS - Ratio 'Debtor Turnover Ratio': CY=0.7368 (non-zero)
2026-06-10 14:23:09,552 [INFO] src.core.validation: VALIDATION PASS - P&L mapping: Revenue from Operations: = 0
2026-06-10 14:23:09,552 [INFO] src.core.validation: VALIDATION PASS - P&L mapping: Profit Before Tax: = 0
2026-06-10 14:23:09,552 [INFO] src.core.validation: VALIDATION PASS - P&L mapping: Profit After Tax: = 0
2026-06-10 14:23:09,553 [INFO] src.core.validation: VALIDATION PASS - BS mapping: Total Current Assets: = 0
2026-06-10 14:23:09,553 [INFO] src.core.validation: VALIDATION PASS - BS mapping: Total Current Liabilities: = 0
2026-06-10 14:23:09,553 [INFO] src.core.validation: VALIDATION PASS - BS mapping: Total Equity: = 0
2026-06-10 14:23:09,553 [INFO] src.core.validation: VALIDATION PASS - BS mapping: Trade Receivables: = 0
2026-06-10 14:23:09,553 [INFO] src.core.validation: VALIDATION PASS - BS row count: 52 rows parsed
2026-06-10 14:23:09,554 [INFO] src.core.validation: VALIDATION PASS - P&L row count: 33 rows parsed
2026-06-10 14:23:09,554 [INFO] src.core.validation: Validation complete: 17 passed, 0 warnings, 0 failed, 0 auto-corrected
2026-06-10 14:23:09,554 [INFO] src.core.validation: ============================================================
FAR VALIDATION REPORT
============================================================

PASSED CHECKS:
  ? Balance Sheet identity: Assets=0 ? Equity+Liabilities=0 (diff=0, within tolerance 1)
  ? Revenue from Operations > 0: Revenue = 0
  ? Average Trade Receivables > 0: CY=0, PY=0, Avg=0
  ? Ratio 'Current Ratio': CY=8.2058 (non-zero)
  ? Ratio 'Net Profit Ratio': CY=23.8242 (non-zero)
  ? Ratio 'Return on Equity (ROE)': CY=10.4663 (non-zero)
  ? Ratio 'Return on Capital Employed (ROCE)': CY=9.5311 (non-zero)
  ? Ratio 'Debtor Turnover Ratio': CY=0.7368 (non-zero)
  ? P&L mapping: Revenue from Operations: = 0
  ? P&L mapping: Profit Before Tax: = 0
  ? P&L mapping: Profit After Tax: = 0
  ? BS mapping: Total Current Assets: = 0
  ? BS mapping: Total Current Liabilities: = 0
  ? BS mapping: Total Equity: = 0
  ? BS mapping: Trade Receivables: = 0
  ? BS row count: 52 rows parsed
  ? P&L row count: 33 rows parsed
============================================================
2026-06-10 14:23:10,459 [INFO] matplotlib.category: Using categorical units to plot a list of strings that are all parsable as floats or dates. If these strings should be plotted as numbers, cast to the appropriate data type before plotting.
2026-06-10 14:23:10,461 [INFO] matplotlib.category: Using categorical units to plot a list of strings that are all parsable as floats or dates. If these strings should be plotted as numbers, cast to the appropriate data type before plotting.
2026-06-10 14:23:10,462 [INFO] matplotlib.category: Using categorical units to plot a list of strings that are all parsable as floats or dates. If these strings should be plotted as numbers, cast to the appropriate data type before plotting.
2026-06-10 14:23:10,487 [INFO] matplotlib.category: Using categorical units to plot a list of strings that are all parsable as floats or dates. If these strings should be plotted as numbers, cast to the appropriate data type before plotting.
2026-06-10 14:23:10,489 [INFO] matplotlib.category: Using categorical units to plot a list of strings that are all parsable as floats or dates. If these strings should be plotted as numbers, cast to the appropriate data type before plotting.
2026-06-10 14:23:10,490 [INFO] matplotlib.category: Using categorical units to plot a list of strings that are all parsable as floats or dates. If these strings should be plotted as numbers, cast to the appropriate data type before plotting.
2026-06-10 14:23:10,514 [INFO] matplotlib.category: Using categorical units to plot a list of strings that are all parsable as floats or dates. If these strings should be plotted as numbers, cast to the appropriate data type before plotting.
2026-06-10 14:23:10,515 [INFO] matplotlib.category: Using categorical units to plot a list of strings that are all parsable as floats or dates. If these strings should be plotted as numbers, cast to the appropriate data type before plotting.
2026-06-10 14:23:10,515 [INFO] matplotlib.category: Using categorical units to plot a list of strings that are all parsable as floats or dates. If these strings should be plotted as numbers, cast to the appropriate data type before plotting.
2026-06-10 14:23:10,538 [INFO] matplotlib.category: Using categorical units to plot a list of strings that are all parsable as floats or dates. If these strings should be plotted as numbers, cast to the appropriate data type before plotting.
2026-06-10 14:23:10,539 [INFO] matplotlib.category: Using categorical units to plot a list of strings that are all parsable as floats or dates. If these strings should be plotted as numbers, cast to the appropriate data type before plotting.
2026-06-10 14:23:10,540 [INFO] matplotlib.category: Using categorical units to plot a list of strings that are all parsable as floats or dates. If these strings should be plotted as numbers, cast to the appropriate data type before plotting.
2026-06-10 14:23:10,541 [INFO] matplotlib.category: Using categorical units to plot a list of strings that are all parsable as floats or dates. If these strings should be plotted as numbers, cast to the appropriate data type before plotting.
2026-06-10 14:23:10,792 [INFO] src.gui.main_window: FAR generated: BS=52 rows, PL=33 rows, Ratios=8
2026-06-10 14:23:23,510 [INFO] matplotlib.category: Using categorical units to plot a list of strings that are all parsable as floats or dates. If these strings should be plotted as numbers, cast to the appropriate data type before plotting.
2026-06-10 14:23:23,511 [INFO] matplotlib.category: Using categorical units to plot a list of strings that are all parsable as floats or dates. If these strings should be plotted as numbers, cast to the appropriate data type before plotting.
2026-06-10 14:23:23,512 [INFO] matplotlib.category: Using categorical units to plot a list of strings that are all parsable as floats or dates. If these strings should be plotted as numbers, cast to the appropriate data type before plotting.
2026-06-10 14:23:23,513 [INFO] matplotlib.category: Using categorical units to plot a list of strings that are all parsable as floats or dates. If these strings should be plotted as numbers, cast to the appropriate data type before plotting.
2026-06-10 14:24:42,872 [INFO] matplotlib.category: Using categorical units to plot a list of strings that are all parsable as floats or dates. If these strings should be plotted as numbers, cast to the appropriate data type before plotting.
2026-06-10 14:24:42,876 [INFO] matplotlib.category: Using categorical units to plot a list of strings that are all parsable as floats or dates. If these strings should be plotted as numbers, cast to the appropriate data type before plotting.
2026-06-10 14:24:42,877 [INFO] matplotlib.category: Using categorical units to plot a list of strings that are all parsable as floats or dates. If these strings should be plotted as numbers, cast to the appropriate data type before plotting.
2026-06-10 14:24:42,914 [INFO] matplotlib.category: Using categorical units to plot a list of strings that are all parsable as floats or dates. If these strings should be plotted as numbers, cast to the appropriate data type before plotting.
2026-06-10 14:24:42,915 [INFO] matplotlib.category: Using categorical units to plot a list of strings that are all parsable as floats or dates. If these strings should be plotted as numbers, cast to the appropriate data type before plotting.
2026-06-10 14:24:42,916 [INFO] matplotlib.category: Using categorical units to plot a list of strings that are all parsable as floats or dates. If these strings should be plotted as numbers, cast to the appropriate data type before plotting.
2026-06-10 14:24:42,917 [INFO] matplotlib.category: Using categorical units to plot a list of strings that are all parsable as floats or dates. If these strings should be plotted as numbers, cast to the appropriate data type before plotting.
2026-06-10 14:24:42,918 [INFO] matplotlib.category: Using categorical units to plot a list of strings that are all parsable as floats or dates. If these strings should be plotted as numbers, cast to the appropriate data type before plotting.
2026-06-10 14:24:42,918 [INFO] matplotlib.category: Using categorical units to plot a list of strings that are all parsable as floats or dates. If these strings should be plotted as numbers, cast to the appropriate data type before plotting.
2026-06-10 14:24:42,940 [INFO] matplotlib.category: Using categorical units to plot a list of strings that are all parsable as floats or dates. If these strings should be plotted as numbers, cast to the appropriate data type before plotting.
2026-06-10 14:24:42,941 [INFO] matplotlib.category: Using categorical units to plot a list of strings that are all parsable as floats or dates. If these strings should be plotted as numbers, cast to the appropriate data type before plotting.
2026-06-10 14:24:42,942 [INFO] matplotlib.category: Using categorical units to plot a list of strings that are all parsable as floats or dates. If these strings should be plotted as numbers, cast to the appropriate data type before plotting.
2026-06-10 14:24:42,942 [INFO] matplotlib.category: Using categorical units to plot a list of strings that are all parsable as floats or dates. If these strings should be plotted as numbers, cast to the appropriate data type before plotting.
2026-06-10 14:24:42,961 [INFO] matplotlib.category: Using categorical units to plot a list of strings that are all parsable as floats or dates. If these strings should be plotted as numbers, cast to the appropriate data type before plotting.
2026-06-10 14:24:42,962 [INFO] matplotlib.category: Using categorical units to plot a list of strings that are all parsable as floats or dates. If these strings should be plotted as numbers, cast to the appropriate data type before plotting.
2026-06-10 14:24:42,962 [INFO] matplotlib.category: Using categorical units to plot a list of strings that are all parsable as floats or dates. If these strings should be plotted as numbers, cast to the appropriate data type before plotting.
2026-06-10 14:24:42,963 [INFO] matplotlib.category: Using categorical units to plot a list of strings that are all parsable as floats or dates. If these strings should be plotted as numbers, cast to the appropriate data type before plotting.
2026-06-10 14:24:42,964 [INFO] matplotlib.category: Using categorical units to plot a list of strings that are all parsable as floats or dates. If these strings should be plotted as numbers, cast to the appropriate data type before plotting.
2026-06-10 14:24:42,964 [INFO] matplotlib.category: Using categorical units to plot a list of strings that are all parsable as floats or dates. If these strings should be plotted as numbers, cast to the appropriate data type before plotting.
2026-06-10 14:24:43,004 [INFO] matplotlib.category: Using categorical units to plot a list of strings that are all parsable as floats or dates. If these strings should be plotted as numbers, cast to the appropriate data type before plotting.
2026-06-10 14:24:43,005 [INFO] matplotlib.category: Using categorical units to plot a list of strings that are all parsable as floats or dates. If these strings should be plotted as numbers, cast to the appropriate data type before plotting.
2026-06-10 14:24:43,008 [INFO] matplotlib.category: Using categorical units to plot a list of strings that are all parsable as floats or dates. If these strings should be plotted as numbers, cast to the appropriate data type before plotting.
2026-06-10 14:24:43,009 [INFO] matplotlib.category: Using categorical units to plot a list of strings that are all parsable as floats or dates. If these strings should be plotted as numbers, cast to the appropriate data type before plotting.
2026-06-10 14:24:44,033 [INFO] src.core.excel_export: FAR workbook saved to E:/GT WORK @/GT Work/far-automation/Testing Dataset/Testing_FAR/Evidqen_IT_FAR_2025-26.xlsx
2026-06-10 14:32:20,402 [INFO] matplotlib.category: Using categorical units to plot a list of strings that are all parsable as floats or dates. If these strings should be plotted as numbers, cast to the appropriate data type before plotting.
2026-06-10 14:32:20,405 [INFO] matplotlib.category: Using categorical units to plot a list of strings that are all parsable as floats or dates. If these strings should be plotted as numbers, cast to the appropriate data type before plotting.
2026-06-10 14:32:20,407 [INFO] matplotlib.category: Using categorical units to plot a list of strings that are all parsable as floats or dates. If these strings should be plotted as numbers, cast to the appropriate data type before plotting.
2026-06-10 14:32:20,449 [INFO] matplotlib.category: Using categorical units to plot a list of strings that are all parsable as floats or dates. If these strings should be plotted as numbers, cast to the appropriate data type before plotting.
2026-06-10 14:32:20,450 [INFO] matplotlib.category: Using categorical units to plot a list of strings that are all parsable as floats or dates. If these strings should be plotted as numbers, cast to the appropriate data type before plotting.
2026-06-10 14:32:20,451 [INFO] matplotlib.category: Using categorical units to plot a list of strings that are all parsable as floats or dates. If these strings should be plotted as numbers, cast to the appropriate data type before plotting.
2026-06-10 14:32:20,453 [INFO] matplotlib.category: Using categorical units to plot a list of strings that are all parsable as floats or dates. If these strings should be plotted as numbers, cast to the appropriate data type before plotting.
2026-06-10 14:32:20,454 [INFO] matplotlib.category: Using categorical units to plot a list of strings that are all parsable as floats or dates. If these strings should be plotted as numbers, cast to the appropriate data type before plotting.
2026-06-10 14:32:20,455 [INFO] matplotlib.category: Using categorical units to plot a list of strings that are all parsable as floats or dates. If these strings should be plotted as numbers, cast to the appropriate data type before plotting.
2026-06-10 14:32:20,490 [INFO] matplotlib.category: Using categorical units to plot a list of strings that are all parsable as floats or dates. If these strings should be plotted as numbers, cast to the appropriate data type before plotting.
2026-06-10 14:32:20,491 [INFO] matplotlib.category: Using categorical units to plot a list of strings that are all parsable as floats or dates. If these strings should be plotted as numbers, cast to the appropriate data type before plotting.
2026-06-10 14:32:20,492 [INFO] matplotlib.category: Using categorical units to plot a list of strings that are all parsable as floats or dates. If these strings should be plotted as numbers, cast to the appropriate data type before plotting.
2026-06-10 14:32:20,493 [INFO] matplotlib.category: Using categorical units to plot a list of strings that are all parsable as floats or dates. If these strings should be plotted as numbers, cast to the appropriate data type before plotting.
2026-06-10 14:32:20,511 [INFO] matplotlib.category: Using categorical units to plot a list of strings that are all parsable as floats or dates. If these strings should be plotted as numbers, cast to the appropriate data type before plotting.
2026-06-10 14:32:20,511 [INFO] matplotlib.category: Using categorical units to plot a list of strings that are all parsable as floats or dates. If these strings should be plotted as numbers, cast to the appropriate data type before plotting.
2026-06-10 14:32:20,512 [INFO] matplotlib.category: Using categorical units to plot a list of strings that are all parsable as floats or dates. If these strings should be plotted as numbers, cast to the appropriate data type before plotting.
2026-06-10 14:32:20,514 [INFO] matplotlib.category: Using categorical units to plot a list of strings that are all parsable as floats or dates. If these strings should be plotted as numbers, cast to the appropriate data type before plotting.
2026-06-10 14:32:20,514 [INFO] matplotlib.category: Using categorical units to plot a list of strings that are all parsable as floats or dates. If these strings should be plotted as numbers, cast to the appropriate data type before plotting.
2026-06-10 14:32:20,514 [INFO] matplotlib.category: Using categorical units to plot a list of strings that are all parsable as floats or dates. If these strings should be plotted as numbers, cast to the appropriate data type before plotting.
2026-06-10 14:32:20,565 [INFO] matplotlib.category: Using categorical units to plot a list of strings that are all parsable as floats or dates. If these strings should be plotted as numbers, cast to the appropriate data type before plotting.
2026-06-10 14:32:20,566 [INFO] matplotlib.category: Using categorical units to plot a list of strings that are all parsable as floats or dates. If these strings should be plotted as numbers, cast to the appropriate data type before plotting.
2026-06-10 14:32:20,568 [INFO] matplotlib.category: Using categorical units to plot a list of strings that are all parsable as floats or dates. If these strings should be plotted as numbers, cast to the appropriate data type before plotting.
2026-06-10 14:32:20,569 [INFO] matplotlib.category: Using categorical units to plot a list of strings that are all parsable as floats or dates. If these strings should be plotted as numbers, cast to the appropriate data type before plotting.
2026-06-10 14:32:21,449 [INFO] src.core.excel_export: FAR workbook saved to E:/GT WORK @/GT Work/far-automation/Testing Dataset/Testing_FAR/1Eviden_IT_FAR_2025-26.xlsx
2026-06-10 14:32:39,877 [INFO] __main__: Application exiting with code 0
2026-06-10 14:32:45,418 [INFO] __main__: ============================================================
2026-06-10 14:32:45,420 [INFO] __main__: FAR Automation Tool started at 2026-06-10T14:32:45.420582
2026-06-10 14:32:45,425 [INFO] __main__: Python 3.10.11 (tags/v3.10.11:7d4cc5a, Apr  5 2023, 00:38:17) [MSC v.1929 64 bit (AMD64)]
2026-06-10 14:32:45,425 [INFO] __main__: Project root: E:\GT WORK @\GT Work\far-automation
2026-06-10 14:32:45,617 [INFO] __main__: Stylesheet loaded
2026-06-10 14:32:47,924 [INFO] __main__: Main window shown
2026-06-10 14:33:45,048 [INFO] src.gui.input_form: Auto-filled client name from workbook: Balance Sheet as at 31 March 2025
2026-06-10 14:34:02,291 [INFO] src.core.cpp_bridge: C++ DLL not found at E:\GT WORK @\GT Work\far-automation\cpp_engine\build\far_engine.dll — using Python fallback
2026-06-10 14:34:02,353 [INFO] src.core.cache_manager: Cache hit for 98ede8f102208520033978590a0fe1216b4681a629ed9f1bcdfa07b5ea2adfbc — Returning instantly.
2026-06-10 14:34:02,356 [INFO] src.core.validation: VALIDATION PASS - Balance Sheet identity: Assets=0 ≈ Equity+Liabilities=0 (diff=0, within tolerance 1)
2026-06-10 14:34:02,358 [INFO] src.core.validation: VALIDATION PASS - Revenue from Operations > 0: Revenue = 0
2026-06-10 14:34:02,359 [INFO] src.core.validation: VALIDATION PASS - Average Trade Receivables > 0: CY=0, PY=0, Avg=0
2026-06-10 14:34:02,359 [INFO] src.core.validation: VALIDATION PASS - Ratio 'Current Ratio': CY=8.2058 (non-zero)
2026-06-10 14:34:02,359 [INFO] src.core.validation: VALIDATION PASS - Ratio 'Net Profit Ratio': CY=23.8242 (non-zero)
2026-06-10 14:34:02,359 [INFO] src.core.validation: VALIDATION PASS - Ratio 'Return on Equity (ROE)': CY=10.4663 (non-zero)
2026-06-10 14:34:02,362 [INFO] src.core.validation: VALIDATION PASS - Ratio 'Return on Capital Employed (ROCE)': CY=9.5311 (non-zero)
2026-06-10 14:34:02,387 [INFO] src.core.validation: VALIDATION PASS - Ratio 'Debtor Turnover Ratio': CY=0.7368 (non-zero)
2026-06-10 14:34:02,387 [INFO] src.core.validation: VALIDATION PASS - P&L mapping: Revenue from Operations: = 0
2026-06-10 14:34:02,388 [INFO] src.core.validation: VALIDATION PASS - P&L mapping: Profit Before Tax: = 0
2026-06-10 14:34:02,388 [INFO] src.core.validation: VALIDATION PASS - P&L mapping: Profit After Tax: = 0
2026-06-10 14:34:02,390 [INFO] src.core.validation: VALIDATION PASS - BS mapping: Total Current Assets: = 0
2026-06-10 14:34:02,392 [INFO] src.core.validation: VALIDATION PASS - BS mapping: Total Current Liabilities: = 0
2026-06-10 14:34:02,392 [INFO] src.core.validation: VALIDATION PASS - BS mapping: Total Equity: = 0
2026-06-10 14:34:02,392 [INFO] src.core.validation: VALIDATION PASS - BS mapping: Trade Receivables: = 0
2026-06-10 14:34:02,393 [INFO] src.core.validation: VALIDATION PASS - BS row count: 52 rows parsed
2026-06-10 14:34:02,394 [INFO] src.core.validation: VALIDATION PASS - P&L row count: 33 rows parsed
2026-06-10 14:34:02,413 [INFO] src.core.validation: Validation complete: 17 passed, 0 warnings, 0 failed, 0 auto-corrected
2026-06-10 14:34:02,414 [INFO] src.core.validation: ============================================================
FAR VALIDATION REPORT
============================================================

PASSED CHECKS:
  ? Balance Sheet identity: Assets=0 ? Equity+Liabilities=0 (diff=0, within tolerance 1)
  ? Revenue from Operations > 0: Revenue = 0
  ? Average Trade Receivables > 0: CY=0, PY=0, Avg=0
  ? Ratio 'Current Ratio': CY=8.2058 (non-zero)
  ? Ratio 'Net Profit Ratio': CY=23.8242 (non-zero)
  ? Ratio 'Return on Equity (ROE)': CY=10.4663 (non-zero)
  ? Ratio 'Return on Capital Employed (ROCE)': CY=9.5311 (non-zero)
  ? Ratio 'Debtor Turnover Ratio': CY=0.7368 (non-zero)
  ? P&L mapping: Revenue from Operations: = 0
  ? P&L mapping: Profit Before Tax: = 0
  ? P&L mapping: Profit After Tax: = 0
  ? BS mapping: Total Current Assets: = 0
  ? BS mapping: Total Current Liabilities: = 0
  ? BS mapping: Total Equity: = 0
  ? BS mapping: Trade Receivables: = 0
  ? BS row count: 52 rows parsed
  ? P&L row count: 33 rows parsed
============================================================
2026-06-10 14:34:03,234 [INFO] matplotlib.category: Using categorical units to plot a list of strings that are all parsable as floats or dates. If these strings should be plotted as numbers, cast to the appropriate data type before plotting.
2026-06-10 14:34:03,235 [INFO] matplotlib.category: Using categorical units to plot a list of strings that are all parsable as floats or dates. If these strings should be plotted as numbers, cast to the appropriate data type before plotting.
2026-06-10 14:34:03,236 [INFO] matplotlib.category: Using categorical units to plot a list of strings that are all parsable as floats or dates. If these strings should be plotted as numbers, cast to the appropriate data type before plotting.
2026-06-10 14:34:03,261 [INFO] matplotlib.category: Using categorical units to plot a list of strings that are all parsable as floats or dates. If these strings should be plotted as numbers, cast to the appropriate data type before plotting.
2026-06-10 14:34:03,262 [INFO] matplotlib.category: Using categorical units to plot a list of strings that are all parsable as floats or dates. If these strings should be plotted as numbers, cast to the appropriate data type before plotting.
2026-06-10 14:34:03,263 [INFO] matplotlib.category: Using categorical units to plot a list of strings that are all parsable as floats or dates. If these strings should be plotted as numbers, cast to the appropriate data type before plotting.
2026-06-10 14:34:03,265 [INFO] matplotlib.category: Using categorical units to plot a list of strings that are all parsable as floats or dates. If these strings should be plotted as numbers, cast to the appropriate data type before plotting.
2026-06-10 14:34:03,266 [INFO] matplotlib.category: Using categorical units to plot a list of strings that are all parsable as floats or dates. If these strings should be plotted as numbers, cast to the appropriate data type before plotting.
2026-06-10 14:34:03,267 [INFO] matplotlib.category: Using categorical units to plot a list of strings that are all parsable as floats or dates. If these strings should be plotted as numbers, cast to the appropriate data type before plotting.
2026-06-10 14:34:03,297 [INFO] matplotlib.category: Using categorical units to plot a list of strings that are all parsable as floats or dates. If these strings should be plotted as numbers, cast to the appropriate data type before plotting.
2026-06-10 14:34:03,299 [INFO] matplotlib.category: Using categorical units to plot a list of strings that are all parsable as floats or dates. If these strings should be plotted as numbers, cast to the appropriate data type before plotting.
2026-06-10 14:34:03,301 [INFO] matplotlib.category: Using categorical units to plot a list of strings that are all parsable as floats or dates. If these strings should be plotted as numbers, cast to the appropriate data type before plotting.
2026-06-10 14:34:03,302 [INFO] matplotlib.category: Using categorical units to plot a list of strings that are all parsable as floats or dates. If these strings should be plotted as numbers, cast to the appropriate data type before plotting.
2026-06-10 14:34:03,563 [INFO] src.gui.main_window: FAR generated: BS=52 rows, PL=33 rows, Ratios=8
2026-06-10 14:34:19,594 [INFO] matplotlib.category: Using categorical units to plot a list of strings that are all parsable as floats or dates. If these strings should be plotted as numbers, cast to the appropriate data type before plotting.
2026-06-10 14:34:19,595 [INFO] matplotlib.category: Using categorical units to plot a list of strings that are all parsable as floats or dates. If these strings should be plotted as numbers, cast to the appropriate data type before plotting.
2026-06-10 14:34:19,597 [INFO] matplotlib.category: Using categorical units to plot a list of strings that are all parsable as floats or dates. If these strings should be plotted as numbers, cast to the appropriate data type before plotting.
2026-06-10 14:34:19,637 [INFO] matplotlib.category: Using categorical units to plot a list of strings that are all parsable as floats or dates. If these strings should be plotted as numbers, cast to the appropriate data type before plotting.
2026-06-10 14:34:19,640 [INFO] matplotlib.category: Using categorical units to plot a list of strings that are all parsable as floats or dates. If these strings should be plotted as numbers, cast to the appropriate data type before plotting.
2026-06-10 14:34:19,641 [INFO] matplotlib.category: Using categorical units to plot a list of strings that are all parsable as floats or dates. If these strings should be plotted as numbers, cast to the appropriate data type before plotting.
2026-06-10 14:34:19,643 [INFO] matplotlib.category: Using categorical units to plot a list of strings that are all parsable as floats or dates. If these strings should be plotted as numbers, cast to the appropriate data type before plotting.
2026-06-10 14:34:19,643 [INFO] matplotlib.category: Using categorical units to plot a list of strings that are all parsable as floats or dates. If these strings should be plotted as numbers, cast to the appropriate data type before plotting.
2026-06-10 14:34:19,644 [INFO] matplotlib.category: Using categorical units to plot a list of strings that are all parsable as floats or dates. If these strings should be plotted as numbers, cast to the appropriate data type before plotting.
2026-06-10 14:34:19,671 [INFO] matplotlib.category: Using categorical units to plot a list of strings that are all parsable as floats or dates. If these strings should be plotted as numbers, cast to the appropriate data type before plotting.
2026-06-10 14:34:19,672 [INFO] matplotlib.category: Using categorical units to plot a list of strings that are all parsable as floats or dates. If these strings should be plotted as numbers, cast to the appropriate data type before plotting.
2026-06-10 14:34:19,673 [INFO] matplotlib.category: Using categorical units to plot a list of strings that are all parsable as floats or dates. If these strings should be plotted as numbers, cast to the appropriate data type before plotting.
2026-06-10 14:34:19,674 [INFO] matplotlib.category: Using categorical units to plot a list of strings that are all parsable as floats or dates. If these strings should be plotted as numbers, cast to the appropriate data type before plotting.
2026-06-10 14:34:19,686 [INFO] matplotlib.category: Using categorical units to plot a list of strings that are all parsable as floats or dates. If these strings should be plotted as numbers, cast to the appropriate data type before plotting.
2026-06-10 14:34:19,687 [INFO] matplotlib.category: Using categorical units to plot a list of strings that are all parsable as floats or dates. If these strings should be plotted as numbers, cast to the appropriate data type before plotting.
2026-06-10 14:34:19,688 [INFO] matplotlib.category: Using categorical units to plot a list of strings that are all parsable as floats or dates. If these strings should be plotted as numbers, cast to the appropriate data type before plotting.
2026-06-10 14:34:19,689 [INFO] matplotlib.category: Using categorical units to plot a list of strings that are all parsable as floats or dates. If these strings should be plotted as numbers, cast to the appropriate data type before plotting.
2026-06-10 14:34:19,689 [INFO] matplotlib.category: Using categorical units to plot a list of strings that are all parsable as floats or dates. If these strings should be plotted as numbers, cast to the appropriate data type before plotting.
2026-06-10 14:34:19,690 [INFO] matplotlib.category: Using categorical units to plot a list of strings that are all parsable as floats or dates. If these strings should be plotted as numbers, cast to the appropriate data type before plotting.
2026-06-10 14:34:19,736 [INFO] matplotlib.category: Using categorical units to plot a list of strings that are all parsable as floats or dates. If these strings should be plotted as numbers, cast to the appropriate data type before plotting.
2026-06-10 14:34:19,737 [INFO] matplotlib.category: Using categorical units to plot a list of strings that are all parsable as floats or dates. If these strings should be plotted as numbers, cast to the appropriate data type before plotting.
2026-06-10 14:34:19,738 [INFO] matplotlib.category: Using categorical units to plot a list of strings that are all parsable as floats or dates. If these strings should be plotted as numbers, cast to the appropriate data type before plotting.
2026-06-10 14:34:19,739 [INFO] matplotlib.category: Using categorical units to plot a list of strings that are all parsable as floats or dates. If these strings should be plotted as numbers, cast to the appropriate data type before plotting.
2026-06-10 14:34:21,030 [INFO] src.core.excel_export: FAR workbook saved to E:/GT WORK @/GT Work/far-automation/Testing Dataset/Testing_FAR/Eviden_IT_FAR_2025-26.xlsx
2026-06-10 14:45:54,739 [INFO] src.core.cache_manager: Cache hit for 98ede8f102208520033978590a0fe1216b4681a629ed9f1bcdfa07b5ea2adfbc — Returning instantly.
2026-06-10 14:45:54,742 [INFO] src.core.validation: VALIDATION PASS - Balance Sheet identity: Assets=0 ≈ Equity+Liabilities=0 (diff=0, within tolerance 1)
2026-06-10 14:45:54,744 [INFO] src.core.validation: VALIDATION PASS - Revenue from Operations > 0: Revenue = 0
2026-06-10 14:45:54,744 [INFO] src.core.validation: VALIDATION PASS - Average Trade Receivables > 0: CY=0, PY=0, Avg=0
2026-06-10 14:45:54,744 [INFO] src.core.validation: VALIDATION PASS - Ratio 'Current Ratio': CY=8.2058 (non-zero)
2026-06-10 14:45:54,745 [INFO] src.core.validation: VALIDATION PASS - Ratio 'Net Profit Ratio': CY=23.8242 (non-zero)
2026-06-10 14:45:54,745 [INFO] src.core.validation: VALIDATION PASS - Ratio 'Return on Equity (ROE)': CY=10.4663 (non-zero)
2026-06-10 14:45:54,745 [INFO] src.core.validation: VALIDATION PASS - Ratio 'Return on Capital Employed (ROCE)': CY=9.5311 (non-zero)
2026-06-10 14:45:54,746 [INFO] src.core.validation: VALIDATION PASS - Ratio 'Debtor Turnover Ratio': CY=0.7368 (non-zero)
2026-06-10 14:45:54,746 [INFO] src.core.validation: VALIDATION PASS - P&L mapping: Revenue from Operations: = 0
2026-06-10 14:45:54,747 [INFO] src.core.validation: VALIDATION PASS - P&L mapping: Profit Before Tax: = 0
2026-06-10 14:45:54,747 [INFO] src.core.validation: VALIDATION PASS - P&L mapping: Profit After Tax: = 0
2026-06-10 14:45:54,748 [INFO] src.core.validation: VALIDATION PASS - BS mapping: Total Current Assets: = 0
2026-06-10 14:45:54,748 [INFO] src.core.validation: VALIDATION PASS - BS mapping: Total Current Liabilities: = 0
2026-06-10 14:45:54,749 [INFO] src.core.validation: VALIDATION PASS - BS mapping: Total Equity: = 0
2026-06-10 14:45:54,749 [INFO] src.core.validation: VALIDATION PASS - BS mapping: Trade Receivables: = 0
2026-06-10 14:45:54,750 [INFO] src.core.validation: VALIDATION PASS - BS row count: 52 rows parsed
2026-06-10 14:45:54,750 [INFO] src.core.validation: VALIDATION PASS - P&L row count: 33 rows parsed
2026-06-10 14:45:54,750 [INFO] src.core.validation: Validation complete: 17 passed, 0 warnings, 0 failed, 0 auto-corrected
2026-06-10 14:45:54,751 [INFO] src.core.validation: ============================================================
FAR VALIDATION REPORT
============================================================

PASSED CHECKS:
  ? Balance Sheet identity: Assets=0 ? Equity+Liabilities=0 (diff=0, within tolerance 1)
  ? Revenue from Operations > 0: Revenue = 0
  ? Average Trade Receivables > 0: CY=0, PY=0, Avg=0
  ? Ratio 'Current Ratio': CY=8.2058 (non-zero)
  ? Ratio 'Net Profit Ratio': CY=23.8242 (non-zero)
  ? Ratio 'Return on Equity (ROE)': CY=10.4663 (non-zero)
  ? Ratio 'Return on Capital Employed (ROCE)': CY=9.5311 (non-zero)
  ? Ratio 'Debtor Turnover Ratio': CY=0.7368 (non-zero)
  ? P&L mapping: Revenue from Operations: = 0
  ? P&L mapping: Profit Before Tax: = 0
  ? P&L mapping: Profit After Tax: = 0
  ? BS mapping: Total Current Assets: = 0
  ? BS mapping: Total Current Liabilities: = 0
  ? BS mapping: Total Equity: = 0
  ? BS mapping: Trade Receivables: = 0
  ? BS row count: 52 rows parsed
  ? P&L row count: 33 rows parsed
============================================================
2026-06-10 14:45:55,577 [INFO] matplotlib.category: Using categorical units to plot a list of strings that are all parsable as floats or dates. If these strings should be plotted as numbers, cast to the appropriate data type before plotting.
2026-06-10 14:45:55,578 [INFO] matplotlib.category: Using categorical units to plot a list of strings that are all parsable as floats or dates. If these strings should be plotted as numbers, cast to the appropriate data type before plotting.
2026-06-10 14:45:55,579 [INFO] matplotlib.category: Using categorical units to plot a list of strings that are all parsable as floats or dates. If these strings should be plotted as numbers, cast to the appropriate data type before plotting.
2026-06-10 14:45:55,607 [INFO] matplotlib.category: Using categorical units to plot a list of strings that are all parsable as floats or dates. If these strings should be plotted as numbers, cast to the appropriate data type before plotting.
2026-06-10 14:45:55,609 [INFO] matplotlib.category: Using categorical units to plot a list of strings that are all parsable as floats or dates. If these strings should be plotted as numbers, cast to the appropriate data type before plotting.
2026-06-10 14:45:55,610 [INFO] matplotlib.category: Using categorical units to plot a list of strings that are all parsable as floats or dates. If these strings should be plotted as numbers, cast to the appropriate data type before plotting.
2026-06-10 14:45:55,613 [INFO] matplotlib.category: Using categorical units to plot a list of strings that are all parsable as floats or dates. If these strings should be plotted as numbers, cast to the appropriate data type before plotting.
2026-06-10 14:45:55,614 [INFO] matplotlib.category: Using categorical units to plot a list of strings that are all parsable as floats or dates. If these strings should be plotted as numbers, cast to the appropriate data type before plotting.
2026-06-10 14:45:55,616 [INFO] matplotlib.category: Using categorical units to plot a list of strings that are all parsable as floats or dates. If these strings should be plotted as numbers, cast to the appropriate data type before plotting.
2026-06-10 14:45:55,649 [INFO] matplotlib.category: Using categorical units to plot a list of strings that are all parsable as floats or dates. If these strings should be plotted as numbers, cast to the appropriate data type before plotting.
2026-06-10 14:45:55,651 [INFO] matplotlib.category: Using categorical units to plot a list of strings that are all parsable as floats or dates. If these strings should be plotted as numbers, cast to the appropriate data type before plotting.
2026-06-10 14:45:55,652 [INFO] matplotlib.category: Using categorical units to plot a list of strings that are all parsable as floats or dates. If these strings should be plotted as numbers, cast to the appropriate data type before plotting.
2026-06-10 14:45:55,652 [INFO] matplotlib.category: Using categorical units to plot a list of strings that are all parsable as floats or dates. If these strings should be plotted as numbers, cast to the appropriate data type before plotting.
2026-06-10 14:45:55,924 [INFO] src.gui.main_window: FAR generated: BS=52 rows, PL=33 rows, Ratios=8
2026-06-10 14:46:04,665 [INFO] matplotlib.category: Using categorical units to plot a list of strings that are all parsable as floats or dates. If these strings should be plotted as numbers, cast to the appropriate data type before plotting.
2026-06-10 14:46:04,666 [INFO] matplotlib.category: Using categorical units to plot a list of strings that are all parsable as floats or dates. If these strings should be plotted as numbers, cast to the appropriate data type before plotting.
2026-06-10 14:46:04,667 [INFO] matplotlib.category: Using categorical units to plot a list of strings that are all parsable as floats or dates. If these strings should be plotted as numbers, cast to the appropriate data type before plotting.
2026-06-10 14:46:04,668 [INFO] matplotlib.category: Using categorical units to plot a list of strings that are all parsable as floats or dates. If these strings should be plotted as numbers, cast to the appropriate data type before plotting.
2026-06-10 14:46:23,788 [INFO] src.core.cache_manager: Cache hit for 98ede8f102208520033978590a0fe1216b4681a629ed9f1bcdfa07b5ea2adfbc — Returning instantly.
2026-06-10 14:46:23,790 [INFO] src.core.validation: VALIDATION PASS - Balance Sheet identity: Assets=0 ≈ Equity+Liabilities=0 (diff=0, within tolerance 1)
2026-06-10 14:46:23,791 [INFO] src.core.validation: VALIDATION PASS - Revenue from Operations > 0: Revenue = 0
2026-06-10 14:46:23,793 [INFO] src.core.validation: VALIDATION PASS - Average Trade Receivables > 0: CY=0, PY=0, Avg=0
2026-06-10 14:46:23,793 [INFO] src.core.validation: VALIDATION PASS - Ratio 'Current Ratio': CY=8.2058 (non-zero)
2026-06-10 14:46:23,793 [INFO] src.core.validation: VALIDATION PASS - Ratio 'Net Profit Ratio': CY=23.8242 (non-zero)
2026-06-10 14:46:23,793 [INFO] src.core.validation: VALIDATION PASS - Ratio 'Return on Equity (ROE)': CY=10.4663 (non-zero)
2026-06-10 14:46:23,794 [INFO] src.core.validation: VALIDATION PASS - Ratio 'Return on Capital Employed (ROCE)': CY=9.5311 (non-zero)
2026-06-10 14:46:23,794 [INFO] src.core.validation: VALIDATION PASS - Ratio 'Debtor Turnover Ratio': CY=0.7368 (non-zero)
2026-06-10 14:46:23,794 [INFO] src.core.validation: VALIDATION PASS - P&L mapping: Revenue from Operations: = 0
2026-06-10 14:46:23,795 [INFO] src.core.validation: VALIDATION PASS - P&L mapping: Profit Before Tax: = 0
2026-06-10 14:46:23,795 [INFO] src.core.validation: VALIDATION PASS - P&L mapping: Profit After Tax: = 0
2026-06-10 14:46:23,795 [INFO] src.core.validation: VALIDATION PASS - BS mapping: Total Current Assets: = 0
2026-06-10 14:46:23,795 [INFO] src.core.validation: VALIDATION PASS - BS mapping: Total Current Liabilities: = 0
2026-06-10 14:46:23,795 [INFO] src.core.validation: VALIDATION PASS - BS mapping: Total Equity: = 0
2026-06-10 14:46:23,796 [INFO] src.core.validation: VALIDATION PASS - BS mapping: Trade Receivables: = 0
2026-06-10 14:46:23,796 [INFO] src.core.validation: VALIDATION PASS - BS row count: 52 rows parsed
2026-06-10 14:46:23,796 [INFO] src.core.validation: VALIDATION PASS - P&L row count: 33 rows parsed
2026-06-10 14:46:23,796 [INFO] src.core.validation: Validation complete: 17 passed, 0 warnings, 0 failed, 0 auto-corrected
2026-06-10 14:46:23,797 [INFO] src.core.validation: ============================================================
FAR VALIDATION REPORT
============================================================

PASSED CHECKS:
  ? Balance Sheet identity: Assets=0 ? Equity+Liabilities=0 (diff=0, within tolerance 1)
  ? Revenue from Operations > 0: Revenue = 0
  ? Average Trade Receivables > 0: CY=0, PY=0, Avg=0
  ? Ratio 'Current Ratio': CY=8.2058 (non-zero)
  ? Ratio 'Net Profit Ratio': CY=23.8242 (non-zero)
  ? Ratio 'Return on Equity (ROE)': CY=10.4663 (non-zero)
  ? Ratio 'Return on Capital Employed (ROCE)': CY=9.5311 (non-zero)
  ? Ratio 'Debtor Turnover Ratio': CY=0.7368 (non-zero)
  ? P&L mapping: Revenue from Operations: = 0
  ? P&L mapping: Profit Before Tax: = 0
  ? P&L mapping: Profit After Tax: = 0
  ? BS mapping: Total Current Assets: = 0
  ? BS mapping: Total Current Liabilities: = 0
  ? BS mapping: Total Equity: = 0
  ? BS mapping: Trade Receivables: = 0
  ? BS row count: 52 rows parsed
  ? P&L row count: 33 rows parsed
============================================================
2026-06-10 14:46:24,575 [INFO] matplotlib.category: Using categorical units to plot a list of strings that are all parsable as floats or dates. If these strings should be plotted as numbers, cast to the appropriate data type before plotting.
2026-06-10 14:46:24,576 [INFO] matplotlib.category: Using categorical units to plot a list of strings that are all parsable as floats or dates. If these strings should be plotted as numbers, cast to the appropriate data type before plotting.
2026-06-10 14:46:24,577 [INFO] matplotlib.category: Using categorical units to plot a list of strings that are all parsable as floats or dates. If these strings should be plotted as numbers, cast to the appropriate data type before plotting.
2026-06-10 14:46:24,597 [INFO] matplotlib.category: Using categorical units to plot a list of strings that are all parsable as floats or dates. If these strings should be plotted as numbers, cast to the appropriate data type before plotting.
2026-06-10 14:46:24,598 [INFO] matplotlib.category: Using categorical units to plot a list of strings that are all parsable as floats or dates. If these strings should be plotted as numbers, cast to the appropriate data type before plotting.
2026-06-10 14:46:24,600 [INFO] matplotlib.category: Using categorical units to plot a list of strings that are all parsable as floats or dates. If these strings should be plotted as numbers, cast to the appropriate data type before plotting.
2026-06-10 14:46:24,602 [INFO] matplotlib.category: Using categorical units to plot a list of strings that are all parsable as floats or dates. If these strings should be plotted as numbers, cast to the appropriate data type before plotting.
2026-06-10 14:46:24,604 [INFO] matplotlib.category: Using categorical units to plot a list of strings that are all parsable as floats or dates. If these strings should be plotted as numbers, cast to the appropriate data type before plotting.
2026-06-10 14:46:24,605 [INFO] matplotlib.category: Using categorical units to plot a list of strings that are all parsable as floats or dates. If these strings should be plotted as numbers, cast to the appropriate data type before plotting.
2026-06-10 14:46:24,630 [INFO] matplotlib.category: Using categorical units to plot a list of strings that are all parsable as floats or dates. If these strings should be plotted as numbers, cast to the appropriate data type before plotting.
2026-06-10 14:46:24,631 [INFO] matplotlib.category: Using categorical units to plot a list of strings that are all parsable as floats or dates. If these strings should be plotted as numbers, cast to the appropriate data type before plotting.
2026-06-10 14:46:24,632 [INFO] matplotlib.category: Using categorical units to plot a list of strings that are all parsable as floats or dates. If these strings should be plotted as numbers, cast to the appropriate data type before plotting.
2026-06-10 14:46:24,633 [INFO] matplotlib.category: Using categorical units to plot a list of strings that are all parsable as floats or dates. If these strings should be plotted as numbers, cast to the appropriate data type before plotting.
2026-06-10 14:46:25,494 [INFO] src.gui.main_window: FAR generated: BS=52 rows, PL=33 rows, Ratios=8
2026-06-10 14:46:35,741 [INFO] src.core.cache_manager: Cache hit for 98ede8f102208520033978590a0fe1216b4681a629ed9f1bcdfa07b5ea2adfbc — Returning instantly.
2026-06-10 14:46:35,743 [INFO] src.core.validation: VALIDATION PASS - Balance Sheet identity: Assets=0 ≈ Equity+Liabilities=0 (diff=0, within tolerance 1)
2026-06-10 14:46:35,746 [INFO] src.core.validation: VALIDATION PASS - Revenue from Operations > 0: Revenue = 0
2026-06-10 14:46:35,746 [INFO] src.core.validation: VALIDATION PASS - Average Trade Receivables > 0: CY=0, PY=0, Avg=0
2026-06-10 14:46:35,746 [INFO] src.core.validation: VALIDATION PASS - Ratio 'Current Ratio': CY=8.2058 (non-zero)
2026-06-10 14:46:35,746 [INFO] src.core.validation: VALIDATION PASS - Ratio 'Net Profit Ratio': CY=23.8242 (non-zero)
2026-06-10 14:46:35,747 [INFO] src.core.validation: VALIDATION PASS - Ratio 'Return on Equity (ROE)': CY=10.4663 (non-zero)
2026-06-10 14:46:35,747 [INFO] src.core.validation: VALIDATION PASS - Ratio 'Return on Capital Employed (ROCE)': CY=9.5311 (non-zero)
2026-06-10 14:46:35,747 [INFO] src.core.validation: VALIDATION PASS - Ratio 'Debtor Turnover Ratio': CY=0.7368 (non-zero)
2026-06-10 14:46:35,747 [INFO] src.core.validation: VALIDATION PASS - P&L mapping: Revenue from Operations: = 0
2026-06-10 14:46:35,749 [INFO] src.core.validation: VALIDATION PASS - P&L mapping: Profit Before Tax: = 0
2026-06-10 14:46:35,749 [INFO] src.core.validation: VALIDATION PASS - P&L mapping: Profit After Tax: = 0
2026-06-10 14:46:35,750 [INFO] src.core.validation: VALIDATION PASS - BS mapping: Total Current Assets: = 0
2026-06-10 14:46:35,750 [INFO] src.core.validation: VALIDATION PASS - BS mapping: Total Current Liabilities: = 0
2026-06-10 14:46:35,750 [INFO] src.core.validation: VALIDATION PASS - BS mapping: Total Equity: = 0
2026-06-10 14:46:35,750 [INFO] src.core.validation: VALIDATION PASS - BS mapping: Trade Receivables: = 0
2026-06-10 14:46:35,750 [INFO] src.core.validation: VALIDATION PASS - BS row count: 52 rows parsed
2026-06-10 14:46:35,751 [INFO] src.core.validation: VALIDATION PASS - P&L row count: 33 rows parsed
2026-06-10 14:46:35,751 [INFO] src.core.validation: Validation complete: 17 passed, 0 warnings, 0 failed, 0 auto-corrected
2026-06-10 14:46:35,751 [INFO] src.core.validation: ============================================================
FAR VALIDATION REPORT
============================================================

PASSED CHECKS:
  ? Balance Sheet identity: Assets=0 ? Equity+Liabilities=0 (diff=0, within tolerance 1)
  ? Revenue from Operations > 0: Revenue = 0
  ? Average Trade Receivables > 0: CY=0, PY=0, Avg=0
  ? Ratio 'Current Ratio': CY=8.2058 (non-zero)
  ? Ratio 'Net Profit Ratio': CY=23.8242 (non-zero)
  ? Ratio 'Return on Equity (ROE)': CY=10.4663 (non-zero)
  ? Ratio 'Return on Capital Employed (ROCE)': CY=9.5311 (non-zero)
  ? Ratio 'Debtor Turnover Ratio': CY=0.7368 (non-zero)
  ? P&L mapping: Revenue from Operations: = 0
  ? P&L mapping: Profit Before Tax: = 0
  ? P&L mapping: Profit After Tax: = 0
  ? BS mapping: Total Current Assets: = 0
  ? BS mapping: Total Current Liabilities: = 0
  ? BS mapping: Total Equity: = 0
  ? BS mapping: Trade Receivables: = 0
  ? BS row count: 52 rows parsed
  ? P&L row count: 33 rows parsed
============================================================
2026-06-10 14:46:36,550 [INFO] matplotlib.category: Using categorical units to plot a list of strings that are all parsable as floats or dates. If these strings should be plotted as numbers, cast to the appropriate data type before plotting.
2026-06-10 14:46:36,552 [INFO] matplotlib.category: Using categorical units to plot a list of strings that are all parsable as floats or dates. If these strings should be plotted as numbers, cast to the appropriate data type before plotting.
2026-06-10 14:46:36,552 [INFO] matplotlib.category: Using categorical units to plot a list of strings that are all parsable as floats or dates. If these strings should be plotted as numbers, cast to the appropriate data type before plotting.
2026-06-10 14:46:36,565 [INFO] matplotlib.category: Using categorical units to plot a list of strings that are all parsable as floats or dates. If these strings should be plotted as numbers, cast to the appropriate data type before plotting.
2026-06-10 14:46:36,566 [INFO] matplotlib.category: Using categorical units to plot a list of strings that are all parsable as floats or dates. If these strings should be plotted as numbers, cast to the appropriate data type before plotting.
2026-06-10 14:46:36,567 [INFO] matplotlib.category: Using categorical units to plot a list of strings that are all parsable as floats or dates. If these strings should be plotted as numbers, cast to the appropriate data type before plotting.
2026-06-10 14:46:36,568 [INFO] matplotlib.category: Using categorical units to plot a list of strings that are all parsable as floats or dates. If these strings should be plotted as numbers, cast to the appropriate data type before plotting.
2026-06-10 14:46:36,569 [INFO] matplotlib.category: Using categorical units to plot a list of strings that are all parsable as floats or dates. If these strings should be plotted as numbers, cast to the appropriate data type before plotting.
2026-06-10 14:46:36,570 [INFO] matplotlib.category: Using categorical units to plot a list of strings that are all parsable as floats or dates. If these strings should be plotted as numbers, cast to the appropriate data type before plotting.
2026-06-10 14:46:36,595 [INFO] matplotlib.category: Using categorical units to plot a list of strings that are all parsable as floats or dates. If these strings should be plotted as numbers, cast to the appropriate data type before plotting.
2026-06-10 14:46:36,596 [INFO] matplotlib.category: Using categorical units to plot a list of strings that are all parsable as floats or dates. If these strings should be plotted as numbers, cast to the appropriate data type before plotting.
2026-06-10 14:46:36,597 [INFO] matplotlib.category: Using categorical units to plot a list of strings that are all parsable as floats or dates. If these strings should be plotted as numbers, cast to the appropriate data type before plotting.
2026-06-10 14:46:36,597 [INFO] matplotlib.category: Using categorical units to plot a list of strings that are all parsable as floats or dates. If these strings should be plotted as numbers, cast to the appropriate data type before plotting.
2026-06-10 14:46:36,853 [INFO] src.gui.main_window: FAR generated: BS=52 rows, PL=33 rows, Ratios=8
2026-06-10 14:53:33,335 [INFO] __main__: Application exiting with code 0
2026-06-10 15:24:17,940 [INFO] __main__: ============================================================
2026-06-10 15:24:17,942 [INFO] __main__: FAR Automation Tool started at 2026-06-10T15:24:17.942003
2026-06-10 15:24:17,947 [INFO] __main__: Python 3.10.11 (tags/v3.10.11:7d4cc5a, Apr  5 2023, 00:38:17) [MSC v.1929 64 bit (AMD64)]
2026-06-10 15:24:17,947 [INFO] __main__: Project root: E:\GT WORK @\GT Work\far-automation
2026-06-10 15:24:18,149 [INFO] __main__: Stylesheet loaded
2026-06-10 15:24:20,412 [INFO] __main__: Main window shown
2026-06-10 15:25:05,171 [INFO] src.gui.input_form: Auto-filled client name from workbook: Balance Sheet as at 31 March 2025
2026-06-10 15:25:21,163 [INFO] src.core.cpp_bridge: C++ DLL not found at E:\GT WORK @\GT Work\far-automation\cpp_engine\build\far_engine.dll — using Python fallback
2026-06-10 15:26:57,364 [INFO] src.core.data_engine: Balanced Balance Sheet rounding difference (+0.42 CY, +0.33 PY) in Other Current Liabilities.
2026-06-10 15:26:57,365 [INFO] src.core.data_engine: Source files auto-detected as already scaled. Setting rounding factor to 1.0.
2026-06-10 15:26:57,420 [INFO] src.core.excel_parser: Found non-zero value for 'trade receivables' on row 'Trade receivables (Round off Adj for matching)': CY=4945.09, PY=3944.83
2026-06-10 15:26:57,420 [INFO] src.core.excel_parser: BS Summary: total_ca=6064, total_cl=739, debtors=4945, equity=7141
2026-06-10 15:26:57,420 [INFO] src.core.excel_parser: Found non-zero value for 'revenue from operations' on row 'Revenue from operations': CY=3275.00, PY=4852.00
2026-06-10 15:26:57,421 [INFO] src.core.excel_parser: Found non-zero value for 'total income' on row 'Total income': CY=3630.00, PY=5454.00
2026-06-10 15:26:57,421 [INFO] src.core.excel_parser: PBT found: row='Profit / (Loss) before exceptional and extraordinary items and tax', CY=707.00, PY=881.00
2026-06-10 15:26:57,421 [INFO] src.core.excel_parser: PAT found via keyword 'profit/(loss) after tax': row='Profit/(Loss) after tax (A)', CY=780.24, PY=-1035.11
2026-06-10 15:26:57,422 [INFO] src.core.excel_parser: Found non-zero value for 'finance cost' on row 'Finance cost': CY=37.00, PY=119.00
2026-06-10 15:26:57,422 [INFO] src.core.excel_parser: PL Summary: revenue_ops=3275, pbt=707, pat=780, finance_cost=37
2026-06-10 15:26:57,523 [INFO] src.core.cache_manager: Data cached to .far_cache\98ede8f102208520033978590a0fe1216b4681a629ed9f1bcdfa07b5ea2adfbc.pkl
2026-06-10 15:26:57,536 [INFO] src.core.validation: VALIDATION PASS - Balance Sheet identity: Assets=8,081 ≈ Equity+Liabilities=8,081 (diff=0, within tolerance 8)
2026-06-10 15:26:57,539 [INFO] src.core.validation: VALIDATION PASS - Revenue from Operations > 0: Revenue = 3,275
2026-06-10 15:26:57,540 [INFO] src.core.validation: VALIDATION PASS - Average Trade Receivables > 0: CY=4,945, PY=3,945, Avg=4,445
2026-06-10 15:26:57,540 [INFO] src.core.validation: VALIDATION PASS - Ratio 'Current Ratio': CY=8.2011 (non-zero)
2026-06-10 15:26:57,541 [INFO] src.core.validation: VALIDATION PASS - Ratio 'Net Profit Ratio': CY=23.8242 (non-zero)
2026-06-10 15:26:57,541 [INFO] src.core.validation: VALIDATION PASS - Ratio 'Return on Equity (ROE)': CY=10.4663 (non-zero)
2026-06-10 15:26:57,541 [INFO] src.core.validation: VALIDATION PASS - Ratio 'Return on Capital Employed (ROCE)': CY=9.5311 (non-zero)
2026-06-10 15:26:57,542 [INFO] src.core.validation: VALIDATION PASS - Ratio 'Debtor Turnover Ratio': CY=0.7368 (non-zero)
2026-06-10 15:26:57,542 [INFO] src.core.validation: VALIDATION PASS - P&L mapping: Revenue from Operations: = 3,275
2026-06-10 15:26:57,542 [INFO] src.core.validation: VALIDATION PASS - P&L mapping: Profit Before Tax: = 707
2026-06-10 15:26:57,542 [INFO] src.core.validation: VALIDATION PASS - P&L mapping: Profit After Tax: = 780
2026-06-10 15:26:57,543 [INFO] src.core.validation: VALIDATION PASS - BS mapping: Total Current Assets: = 6,064
2026-06-10 15:26:57,543 [INFO] src.core.validation: VALIDATION PASS - BS mapping: Total Current Liabilities: = 739
2026-06-10 15:26:57,543 [INFO] src.core.validation: VALIDATION PASS - BS mapping: Total Equity: = 7,141
2026-06-10 15:26:57,544 [INFO] src.core.validation: VALIDATION PASS - BS mapping: Trade Receivables: = 4,945
2026-06-10 15:26:57,544 [INFO] src.core.validation: VALIDATION PASS - BS row count: 50 rows parsed
2026-06-10 15:26:57,544 [INFO] src.core.validation: VALIDATION PASS - P&L row count: 33 rows parsed
2026-06-10 15:26:57,544 [INFO] src.core.validation: Validation complete: 17 passed, 0 warnings, 0 failed, 0 auto-corrected
2026-06-10 15:26:57,545 [INFO] src.core.validation: ============================================================
FAR VALIDATION REPORT
============================================================

PASSED CHECKS:
  ? Balance Sheet identity: Assets=8,081 ? Equity+Liabilities=8,081 (diff=0, within tolerance 8)
  ? Revenue from Operations > 0: Revenue = 3,275
  ? Average Trade Receivables > 0: CY=4,945, PY=3,945, Avg=4,445
  ? Ratio 'Current Ratio': CY=8.2011 (non-zero)
  ? Ratio 'Net Profit Ratio': CY=23.8242 (non-zero)
  ? Ratio 'Return on Equity (ROE)': CY=10.4663 (non-zero)
  ? Ratio 'Return on Capital Employed (ROCE)': CY=9.5311 (non-zero)
  ? Ratio 'Debtor Turnover Ratio': CY=0.7368 (non-zero)
  ? P&L mapping: Revenue from Operations: = 3,275
  ? P&L mapping: Profit Before Tax: = 707
  ? P&L mapping: Profit After Tax: = 780
  ? BS mapping: Total Current Assets: = 6,064
  ? BS mapping: Total Current Liabilities: = 739
  ? BS mapping: Total Equity: = 7,141
  ? BS mapping: Trade Receivables: = 4,945
  ? BS row count: 50 rows parsed
  ? P&L row count: 33 rows parsed
============================================================
2026-06-10 15:26:58,481 [INFO] matplotlib.category: Using categorical units to plot a list of strings that are all parsable as floats or dates. If these strings should be plotted as numbers, cast to the appropriate data type before plotting.
2026-06-10 15:26:58,483 [INFO] matplotlib.category: Using categorical units to plot a list of strings that are all parsable as floats or dates. If these strings should be plotted as numbers, cast to the appropriate data type before plotting.
2026-06-10 15:26:58,483 [INFO] matplotlib.category: Using categorical units to plot a list of strings that are all parsable as floats or dates. If these strings should be plotted as numbers, cast to the appropriate data type before plotting.
2026-06-10 15:26:58,508 [INFO] matplotlib.category: Using categorical units to plot a list of strings that are all parsable as floats or dates. If these strings should be plotted as numbers, cast to the appropriate data type before plotting.
2026-06-10 15:26:58,509 [INFO] matplotlib.category: Using categorical units to plot a list of strings that are all parsable as floats or dates. If these strings should be plotted as numbers, cast to the appropriate data type before plotting.
2026-06-10 15:26:58,510 [INFO] matplotlib.category: Using categorical units to plot a list of strings that are all parsable as floats or dates. If these strings should be plotted as numbers, cast to the appropriate data type before plotting.
2026-06-10 15:26:58,511 [INFO] matplotlib.category: Using categorical units to plot a list of strings that are all parsable as floats or dates. If these strings should be plotted as numbers, cast to the appropriate data type before plotting.
2026-06-10 15:26:58,512 [INFO] matplotlib.category: Using categorical units to plot a list of strings that are all parsable as floats or dates. If these strings should be plotted as numbers, cast to the appropriate data type before plotting.
2026-06-10 15:26:58,513 [INFO] matplotlib.category: Using categorical units to plot a list of strings that are all parsable as floats or dates. If these strings should be plotted as numbers, cast to the appropriate data type before plotting.
2026-06-10 15:26:58,535 [INFO] matplotlib.category: Using categorical units to plot a list of strings that are all parsable as floats or dates. If these strings should be plotted as numbers, cast to the appropriate data type before plotting.
2026-06-10 15:26:58,537 [INFO] matplotlib.category: Using categorical units to plot a list of strings that are all parsable as floats or dates. If these strings should be plotted as numbers, cast to the appropriate data type before plotting.
2026-06-10 15:26:58,538 [INFO] matplotlib.category: Using categorical units to plot a list of strings that are all parsable as floats or dates. If these strings should be plotted as numbers, cast to the appropriate data type before plotting.
2026-06-10 15:26:58,539 [INFO] matplotlib.category: Using categorical units to plot a list of strings that are all parsable as floats or dates. If these strings should be plotted as numbers, cast to the appropriate data type before plotting.
2026-06-10 15:26:58,857 [INFO] src.gui.main_window: FAR generated: BS=50 rows, PL=33 rows, Ratios=8
2026-06-10 15:28:24,576 [INFO] src.core.data_engine: Balanced Balance Sheet rounding difference (+0.42 CY, +0.33 PY) in Other Current Liabilities.
2026-06-10 15:28:24,577 [INFO] src.core.data_engine: Source files auto-detected as already scaled. Setting rounding factor to 1.0.
2026-06-10 15:28:24,583 [INFO] src.core.excel_parser: Found non-zero value for 'trade receivables' on row 'Trade receivables (Round off Adj for matching)': CY=4945.09, PY=3944.83
2026-06-10 15:28:24,584 [INFO] src.core.excel_parser: BS Summary: total_ca=6064, total_cl=739, debtors=4945, equity=7141
2026-06-10 15:28:24,584 [INFO] src.core.excel_parser: Found non-zero value for 'revenue from operations' on row 'Revenue from operations': CY=3275.00, PY=4852.00
2026-06-10 15:28:24,584 [INFO] src.core.excel_parser: Found non-zero value for 'total income' on row 'Total income': CY=3630.00, PY=5454.00
2026-06-10 15:28:24,584 [INFO] src.core.excel_parser: PBT found: row='Profit / (Loss) before exceptional and extraordinary items and tax', CY=707.00, PY=881.00
2026-06-10 15:28:24,584 [INFO] src.core.excel_parser: PAT found via keyword 'profit/(loss) after tax': row='Profit/(Loss) after tax (A)', CY=780.24, PY=-1035.11
2026-06-10 15:28:24,585 [INFO] src.core.excel_parser: Found non-zero value for 'finance cost' on row 'Finance cost': CY=37.00, PY=119.00
2026-06-10 15:28:24,585 [INFO] src.core.excel_parser: PL Summary: revenue_ops=3275, pbt=707, pat=780, finance_cost=37
2026-06-10 15:28:24,691 [INFO] src.core.cache_manager: Data cached to .far_cache\98ede8f102208520033978590a0fe1216b4681a629ed9f1bcdfa07b5ea2adfbc.pkl
2026-06-10 15:28:24,699 [INFO] src.core.validation: VALIDATION PASS - Balance Sheet identity: Assets=8,081 ≈ Equity+Liabilities=8,081 (diff=0, within tolerance 8)
2026-06-10 15:28:24,704 [INFO] src.core.validation: VALIDATION PASS - Revenue from Operations > 0: Revenue = 3,275
2026-06-10 15:28:24,704 [INFO] src.core.validation: VALIDATION PASS - Average Trade Receivables > 0: CY=4,945, PY=3,945, Avg=4,445
2026-06-10 15:28:24,705 [INFO] src.core.validation: VALIDATION PASS - Ratio 'Current Ratio': CY=8.2011 (non-zero)
2026-06-10 15:28:24,705 [INFO] src.core.validation: VALIDATION PASS - Ratio 'Net Profit Ratio': CY=23.8242 (non-zero)
2026-06-10 15:28:24,705 [INFO] src.core.validation: VALIDATION PASS - Ratio 'Return on Equity (ROE)': CY=10.4663 (non-zero)
2026-06-10 15:28:24,705 [INFO] src.core.validation: VALIDATION PASS - Ratio 'Return on Capital Employed (ROCE)': CY=9.5311 (non-zero)
2026-06-10 15:28:24,705 [INFO] src.core.validation: VALIDATION PASS - Ratio 'Debtor Turnover Ratio': CY=0.7368 (non-zero)
2026-06-10 15:28:24,705 [INFO] src.core.validation: VALIDATION PASS - P&L mapping: Revenue from Operations: = 3,275
2026-06-10 15:28:24,706 [INFO] src.core.validation: VALIDATION PASS - P&L mapping: Profit Before Tax: = 707
2026-06-10 15:28:24,706 [INFO] src.core.validation: VALIDATION PASS - P&L mapping: Profit After Tax: = 780
2026-06-10 15:28:24,706 [INFO] src.core.validation: VALIDATION PASS - BS mapping: Total Current Assets: = 6,064
2026-06-10 15:28:24,706 [INFO] src.core.validation: VALIDATION PASS - BS mapping: Total Current Liabilities: = 739
2026-06-10 15:28:24,707 [INFO] src.core.validation: VALIDATION PASS - BS mapping: Total Equity: = 7,141
2026-06-10 15:28:24,707 [INFO] src.core.validation: VALIDATION PASS - BS mapping: Trade Receivables: = 4,945
2026-06-10 15:28:24,707 [INFO] src.core.validation: VALIDATION PASS - BS row count: 50 rows parsed
2026-06-10 15:28:24,707 [INFO] src.core.validation: VALIDATION PASS - P&L row count: 33 rows parsed
2026-06-10 15:28:24,707 [INFO] src.core.validation: Validation complete: 17 passed, 0 warnings, 0 failed, 0 auto-corrected
2026-06-10 15:28:24,708 [INFO] src.core.validation: ============================================================
FAR VALIDATION REPORT
============================================================

PASSED CHECKS:
  ? Balance Sheet identity: Assets=8,081 ? Equity+Liabilities=8,081 (diff=0, within tolerance 8)
  ? Revenue from Operations > 0: Revenue = 3,275
  ? Average Trade Receivables > 0: CY=4,945, PY=3,945, Avg=4,445
  ? Ratio 'Current Ratio': CY=8.2011 (non-zero)
  ? Ratio 'Net Profit Ratio': CY=23.8242 (non-zero)
  ? Ratio 'Return on Equity (ROE)': CY=10.4663 (non-zero)
  ? Ratio 'Return on Capital Employed (ROCE)': CY=9.5311 (non-zero)
  ? Ratio 'Debtor Turnover Ratio': CY=0.7368 (non-zero)
  ? P&L mapping: Revenue from Operations: = 3,275
  ? P&L mapping: Profit Before Tax: = 707
  ? P&L mapping: Profit After Tax: = 780
  ? BS mapping: Total Current Assets: = 6,064
  ? BS mapping: Total Current Liabilities: = 739
  ? BS mapping: Total Equity: = 7,141
  ? BS mapping: Trade Receivables: = 4,945
  ? BS row count: 50 rows parsed
  ? P&L row count: 33 rows parsed
============================================================
2026-06-10 15:28:25,490 [INFO] matplotlib.category: Using categorical units to plot a list of strings that are all parsable as floats or dates. If these strings should be plotted as numbers, cast to the appropriate data type before plotting.
2026-06-10 15:28:25,492 [INFO] matplotlib.category: Using categorical units to plot a list of strings that are all parsable as floats or dates. If these strings should be plotted as numbers, cast to the appropriate data type before plotting.
2026-06-10 15:28:25,492 [INFO] matplotlib.category: Using categorical units to plot a list of strings that are all parsable as floats or dates. If these strings should be plotted as numbers, cast to the appropriate data type before plotting.
2026-06-10 15:28:25,513 [INFO] matplotlib.category: Using categorical units to plot a list of strings that are all parsable as floats or dates. If these strings should be plotted as numbers, cast to the appropriate data type before plotting.
2026-06-10 15:28:25,514 [INFO] matplotlib.category: Using categorical units to plot a list of strings that are all parsable as floats or dates. If these strings should be plotted as numbers, cast to the appropriate data type before plotting.
2026-06-10 15:28:25,515 [INFO] matplotlib.category: Using categorical units to plot a list of strings that are all parsable as floats or dates. If these strings should be plotted as numbers, cast to the appropriate data type before plotting.
2026-06-10 15:28:25,517 [INFO] matplotlib.category: Using categorical units to plot a list of strings that are all parsable as floats or dates. If these strings should be plotted as numbers, cast to the appropriate data type before plotting.
2026-06-10 15:28:25,518 [INFO] matplotlib.category: Using categorical units to plot a list of strings that are all parsable as floats or dates. If these strings should be plotted as numbers, cast to the appropriate data type before plotting.
2026-06-10 15:28:25,519 [INFO] matplotlib.category: Using categorical units to plot a list of strings that are all parsable as floats or dates. If these strings should be plotted as numbers, cast to the appropriate data type before plotting.
2026-06-10 15:28:25,547 [INFO] matplotlib.category: Using categorical units to plot a list of strings that are all parsable as floats or dates. If these strings should be plotted as numbers, cast to the appropriate data type before plotting.
2026-06-10 15:28:25,548 [INFO] matplotlib.category: Using categorical units to plot a list of strings that are all parsable as floats or dates. If these strings should be plotted as numbers, cast to the appropriate data type before plotting.
2026-06-10 15:28:25,550 [INFO] matplotlib.category: Using categorical units to plot a list of strings that are all parsable as floats or dates. If these strings should be plotted as numbers, cast to the appropriate data type before plotting.
2026-06-10 15:28:25,551 [INFO] matplotlib.category: Using categorical units to plot a list of strings that are all parsable as floats or dates. If these strings should be plotted as numbers, cast to the appropriate data type before plotting.
2026-06-10 15:28:25,803 [INFO] src.gui.main_window: FAR generated: BS=50 rows, PL=33 rows, Ratios=8
2026-06-10 15:38:21,000 [INFO] __main__: ============================================================
2026-06-10 15:38:21,088 [INFO] __main__: FAR Automation Tool started at 2026-06-10T15:38:21.088352
2026-06-10 15:38:21,095 [INFO] __main__: Python 3.10.11 (tags/v3.10.11:7d4cc5a, Apr  5 2023, 00:38:17) [MSC v.1929 64 bit (AMD64)]
2026-06-10 15:38:21,095 [INFO] __main__: Project root: E:\GT WORK @\GT Work\far-automation
2026-06-10 15:38:21,312 [INFO] __main__: Stylesheet loaded
2026-06-10 15:38:23,067 [INFO] __main__: Application exiting with code 0
2026-06-10 15:38:23,329 [INFO] __main__: Main window shown
2026-06-10 16:59:44,009 [INFO] src.gui.input_form: Auto-filled client name from workbook: Balance Sheet as at 31 March 2025
2026-06-10 17:00:39,964 [INFO] src.core.cpp_bridge: C++ DLL not found at E:\GT WORK @\GT Work\far-automation\cpp_engine\build\far_engine.dll — using Python fallback
2026-06-10 17:00:40,026 [INFO] src.core.cache_manager: Cache hit for 98ede8f102208520033978590a0fe1216b4681a629ed9f1bcdfa07b5ea2adfbc — Returning instantly.
2026-06-10 17:00:40,029 [INFO] src.core.validation: VALIDATION PASS - Balance Sheet identity: Assets=8,081 ≈ Equity+Liabilities=8,081 (diff=0, within tolerance 8)
2026-06-10 17:00:40,031 [INFO] src.core.validation: VALIDATION PASS - Revenue from Operations > 0: Revenue = 3,275
2026-06-10 17:00:40,031 [INFO] src.core.validation: VALIDATION PASS - Average Trade Receivables > 0: CY=4,945, PY=3,945, Avg=4,445
2026-06-10 17:00:40,031 [INFO] src.core.validation: VALIDATION PASS - Ratio 'Current Ratio': CY=8.2011 (non-zero)
2026-06-10 17:00:40,031 [INFO] src.core.validation: VALIDATION PASS - Ratio 'Net Profit Ratio': CY=23.8242 (non-zero)
2026-06-10 17:00:40,032 [INFO] src.core.validation: VALIDATION PASS - Ratio 'Return on Equity (ROE)': CY=10.4663 (non-zero)
2026-06-10 17:00:40,032 [INFO] src.core.validation: VALIDATION PASS - Ratio 'Return on Capital Employed (ROCE)': CY=9.5311 (non-zero)
2026-06-10 17:00:40,032 [INFO] src.core.validation: VALIDATION PASS - Ratio 'Debtor Turnover Ratio': CY=0.7368 (non-zero)
2026-06-10 17:00:40,032 [INFO] src.core.validation: VALIDATION PASS - P&L mapping: Revenue from Operations: = 3,275
2026-06-10 17:00:40,032 [INFO] src.core.validation: VALIDATION PASS - P&L mapping: Profit Before Tax: = 707
2026-06-10 17:00:40,032 [INFO] src.core.validation: VALIDATION PASS - P&L mapping: Profit After Tax: = 780
2026-06-10 17:00:40,033 [INFO] src.core.validation: VALIDATION PASS - BS mapping: Total Current Assets: = 6,064
2026-06-10 17:00:40,033 [INFO] src.core.validation: VALIDATION PASS - BS mapping: Total Current Liabilities: = 739
2026-06-10 17:00:40,033 [INFO] src.core.validation: VALIDATION PASS - BS mapping: Total Equity: = 7,141
2026-06-10 17:00:40,033 [INFO] src.core.validation: VALIDATION PASS - BS mapping: Trade Receivables: = 4,945
2026-06-10 17:00:40,033 [INFO] src.core.validation: VALIDATION PASS - BS row count: 50 rows parsed
2026-06-10 17:00:40,033 [INFO] src.core.validation: VALIDATION PASS - P&L row count: 33 rows parsed
2026-06-10 17:00:40,034 [INFO] src.core.validation: Validation complete: 17 passed, 0 warnings, 0 failed, 0 auto-corrected
2026-06-10 17:00:40,034 [INFO] src.core.validation: ============================================================
FAR VALIDATION REPORT
============================================================

PASSED CHECKS:
  ? Balance Sheet identity: Assets=8,081 ? Equity+Liabilities=8,081 (diff=0, within tolerance 8)
  ? Revenue from Operations > 0: Revenue = 3,275
  ? Average Trade Receivables > 0: CY=4,945, PY=3,945, Avg=4,445
  ? Ratio 'Current Ratio': CY=8.2011 (non-zero)
  ? Ratio 'Net Profit Ratio': CY=23.8242 (non-zero)
  ? Ratio 'Return on Equity (ROE)': CY=10.4663 (non-zero)
  ? Ratio 'Return on Capital Employed (ROCE)': CY=9.5311 (non-zero)
  ? Ratio 'Debtor Turnover Ratio': CY=0.7368 (non-zero)
  ? P&L mapping: Revenue from Operations: = 3,275
  ? P&L mapping: Profit Before Tax: = 707
  ? P&L mapping: Profit After Tax: = 780
  ? BS mapping: Total Current Assets: = 6,064
  ? BS mapping: Total Current Liabilities: = 739
  ? BS mapping: Total Equity: = 7,141
  ? BS mapping: Trade Receivables: = 4,945
  ? BS row count: 50 rows parsed
  ? P&L row count: 33 rows parsed
============================================================
2026-06-10 17:00:40,762 [INFO] matplotlib.category: Using categorical units to plot a list of strings that are all parsable as floats or dates. If these strings should be plotted as numbers, cast to the appropriate data type before plotting.
2026-06-10 17:00:40,764 [INFO] matplotlib.category: Using categorical units to plot a list of strings that are all parsable as floats or dates. If these strings should be plotted as numbers, cast to the appropriate data type before plotting.
2026-06-10 17:00:40,765 [INFO] matplotlib.category: Using categorical units to plot a list of strings that are all parsable as floats or dates. If these strings should be plotted as numbers, cast to the appropriate data type before plotting.
2026-06-10 17:00:40,783 [INFO] matplotlib.category: Using categorical units to plot a list of strings that are all parsable as floats or dates. If these strings should be plotted as numbers, cast to the appropriate data type before plotting.
2026-06-10 17:00:40,783 [INFO] matplotlib.category: Using categorical units to plot a list of strings that are all parsable as floats or dates. If these strings should be plotted as numbers, cast to the appropriate data type before plotting.
2026-06-10 17:00:40,784 [INFO] matplotlib.category: Using categorical units to plot a list of strings that are all parsable as floats or dates. If these strings should be plotted as numbers, cast to the appropriate data type before plotting.
2026-06-10 17:00:40,785 [INFO] matplotlib.category: Using categorical units to plot a list of strings that are all parsable as floats or dates. If these strings should be plotted as numbers, cast to the appropriate data type before plotting.
2026-06-10 17:00:40,786 [INFO] matplotlib.category: Using categorical units to plot a list of strings that are all parsable as floats or dates. If these strings should be plotted as numbers, cast to the appropriate data type before plotting.
2026-06-10 17:00:40,787 [INFO] matplotlib.category: Using categorical units to plot a list of strings that are all parsable as floats or dates. If these strings should be plotted as numbers, cast to the appropriate data type before plotting.
2026-06-10 17:00:40,806 [INFO] matplotlib.category: Using categorical units to plot a list of strings that are all parsable as floats or dates. If these strings should be plotted as numbers, cast to the appropriate data type before plotting.
2026-06-10 17:00:40,807 [INFO] matplotlib.category: Using categorical units to plot a list of strings that are all parsable as floats or dates. If these strings should be plotted as numbers, cast to the appropriate data type before plotting.
2026-06-10 17:00:40,808 [INFO] matplotlib.category: Using categorical units to plot a list of strings that are all parsable as floats or dates. If these strings should be plotted as numbers, cast to the appropriate data type before plotting.
2026-06-10 17:00:40,808 [INFO] matplotlib.category: Using categorical units to plot a list of strings that are all parsable as floats or dates. If these strings should be plotted as numbers, cast to the appropriate data type before plotting.
2026-06-10 17:00:41,017 [INFO] src.gui.main_window: FAR generated: BS=50 rows, PL=33 rows, Ratios=8
2026-06-10 17:05:52,992 [INFO] matplotlib.category: Using categorical units to plot a list of strings that are all parsable as floats or dates. If these strings should be plotted as numbers, cast to the appropriate data type before plotting.
2026-06-10 17:05:52,994 [INFO] matplotlib.category: Using categorical units to plot a list of strings that are all parsable as floats or dates. If these strings should be plotted as numbers, cast to the appropriate data type before plotting.
2026-06-10 17:05:52,995 [INFO] matplotlib.category: Using categorical units to plot a list of strings that are all parsable as floats or dates. If these strings should be plotted as numbers, cast to the appropriate data type before plotting.
2026-06-10 17:05:53,022 [INFO] matplotlib.category: Using categorical units to plot a list of strings that are all parsable as floats or dates. If these strings should be plotted as numbers, cast to the appropriate data type before plotting.
2026-06-10 17:05:53,023 [INFO] matplotlib.category: Using categorical units to plot a list of strings that are all parsable as floats or dates. If these strings should be plotted as numbers, cast to the appropriate data type before plotting.
2026-06-10 17:05:53,024 [INFO] matplotlib.category: Using categorical units to plot a list of strings that are all parsable as floats or dates. If these strings should be plotted as numbers, cast to the appropriate data type before plotting.
2026-06-10 17:05:53,025 [INFO] matplotlib.category: Using categorical units to plot a list of strings that are all parsable as floats or dates. If these strings should be plotted as numbers, cast to the appropriate data type before plotting.
2026-06-10 17:05:53,025 [INFO] matplotlib.category: Using categorical units to plot a list of strings that are all parsable as floats or dates. If these strings should be plotted as numbers, cast to the appropriate data type before plotting.
2026-06-10 17:05:53,026 [INFO] matplotlib.category: Using categorical units to plot a list of strings that are all parsable as floats or dates. If these strings should be plotted as numbers, cast to the appropriate data type before plotting.
2026-06-10 17:05:53,046 [INFO] matplotlib.category: Using categorical units to plot a list of strings that are all parsable as floats or dates. If these strings should be plotted as numbers, cast to the appropriate data type before plotting.
2026-06-10 17:05:53,047 [INFO] matplotlib.category: Using categorical units to plot a list of strings that are all parsable as floats or dates. If these strings should be plotted as numbers, cast to the appropriate data type before plotting.
2026-06-10 17:05:53,047 [INFO] matplotlib.category: Using categorical units to plot a list of strings that are all parsable as floats or dates. If these strings should be plotted as numbers, cast to the appropriate data type before plotting.
2026-06-10 17:05:53,048 [INFO] matplotlib.category: Using categorical units to plot a list of strings that are all parsable as floats or dates. If these strings should be plotted as numbers, cast to the appropriate data type before plotting.
2026-06-10 17:05:53,059 [INFO] matplotlib.category: Using categorical units to plot a list of strings that are all parsable as floats or dates. If these strings should be plotted as numbers, cast to the appropriate data type before plotting.
2026-06-10 17:05:53,060 [INFO] matplotlib.category: Using categorical units to plot a list of strings that are all parsable as floats or dates. If these strings should be plotted as numbers, cast to the appropriate data type before plotting.
2026-06-10 17:05:53,060 [INFO] matplotlib.category: Using categorical units to plot a list of strings that are all parsable as floats or dates. If these strings should be plotted as numbers, cast to the appropriate data type before plotting.
2026-06-10 17:05:53,061 [INFO] matplotlib.category: Using categorical units to plot a list of strings that are all parsable as floats or dates. If these strings should be plotted as numbers, cast to the appropriate data type before plotting.
2026-06-10 17:05:53,061 [INFO] matplotlib.category: Using categorical units to plot a list of strings that are all parsable as floats or dates. If these strings should be plotted as numbers, cast to the appropriate data type before plotting.
2026-06-10 17:05:53,062 [INFO] matplotlib.category: Using categorical units to plot a list of strings that are all parsable as floats or dates. If these strings should be plotted as numbers, cast to the appropriate data type before plotting.
2026-06-10 17:05:53,094 [INFO] matplotlib.category: Using categorical units to plot a list of strings that are all parsable as floats or dates. If these strings should be plotted as numbers, cast to the appropriate data type before plotting.
2026-06-10 17:05:53,094 [INFO] matplotlib.category: Using categorical units to plot a list of strings that are all parsable as floats or dates. If these strings should be plotted as numbers, cast to the appropriate data type before plotting.
2026-06-10 17:05:53,096 [INFO] matplotlib.category: Using categorical units to plot a list of strings that are all parsable as floats or dates. If these strings should be plotted as numbers, cast to the appropriate data type before plotting.
2026-06-10 17:05:53,096 [INFO] matplotlib.category: Using categorical units to plot a list of strings that are all parsable as floats or dates. If these strings should be plotted as numbers, cast to the appropriate data type before plotting.
2026-06-10 17:05:54,312 [INFO] src.core.excel_export: FAR workbook saved to E:/GT WORK @/GT Work/far-automation/Testing Dataset/Testing_FAR/EV_ITs_FAR_2025-26.xlsx
2026-06-10 17:15:27,642 [INFO] src.core.cache_manager: Cache hit for 98ede8f102208520033978590a0fe1216b4681a629ed9f1bcdfa07b5ea2adfbc — Returning instantly.
2026-06-10 17:15:27,644 [INFO] src.core.validation: VALIDATION PASS - Balance Sheet identity: Assets=8,081 ≈ Equity+Liabilities=8,081 (diff=0, within tolerance 8)
2026-06-10 17:15:27,646 [INFO] src.core.validation: VALIDATION PASS - Revenue from Operations > 0: Revenue = 3,275
2026-06-10 17:15:27,647 [INFO] src.core.validation: VALIDATION PASS - Average Trade Receivables > 0: CY=4,945, PY=3,945, Avg=4,445
2026-06-10 17:15:27,647 [INFO] src.core.validation: VALIDATION PASS - Ratio 'Current Ratio': CY=8.2011 (non-zero)
2026-06-10 17:15:27,647 [INFO] src.core.validation: VALIDATION PASS - Ratio 'Net Profit Ratio': CY=23.8242 (non-zero)
2026-06-10 17:15:27,648 [INFO] src.core.validation: VALIDATION PASS - Ratio 'Return on Equity (ROE)': CY=10.4663 (non-zero)
2026-06-10 17:15:27,648 [INFO] src.core.validation: VALIDATION PASS - Ratio 'Return on Capital Employed (ROCE)': CY=9.5311 (non-zero)
2026-06-10 17:15:27,648 [INFO] src.core.validation: VALIDATION PASS - Ratio 'Debtor Turnover Ratio': CY=0.7368 (non-zero)
2026-06-10 17:15:27,649 [INFO] src.core.validation: VALIDATION PASS - P&L mapping: Revenue from Operations: = 3,275
2026-06-10 17:15:27,649 [INFO] src.core.validation: VALIDATION PASS - P&L mapping: Profit Before Tax: = 707
2026-06-10 17:15:27,649 [INFO] src.core.validation: VALIDATION PASS - P&L mapping: Profit After Tax: = 780
2026-06-10 17:15:27,650 [INFO] src.core.validation: VALIDATION PASS - BS mapping: Total Current Assets: = 6,064
2026-06-10 17:15:27,650 [INFO] src.core.validation: VALIDATION PASS - BS mapping: Total Current Liabilities: = 739
2026-06-10 17:15:27,650 [INFO] src.core.validation: VALIDATION PASS - BS mapping: Total Equity: = 7,141
2026-06-10 17:15:27,650 [INFO] src.core.validation: VALIDATION PASS - BS mapping: Trade Receivables: = 4,945
2026-06-10 17:15:27,651 [INFO] src.core.validation: VALIDATION PASS - BS row count: 50 rows parsed
2026-06-10 17:15:27,651 [INFO] src.core.validation: VALIDATION PASS - P&L row count: 33 rows parsed
2026-06-10 17:15:27,651 [INFO] src.core.validation: Validation complete: 17 passed, 0 warnings, 0 failed, 0 auto-corrected
2026-06-10 17:15:27,652 [INFO] src.core.validation: ============================================================
FAR VALIDATION REPORT
============================================================

PASSED CHECKS:
  ? Balance Sheet identity: Assets=8,081 ? Equity+Liabilities=8,081 (diff=0, within tolerance 8)
  ? Revenue from Operations > 0: Revenue = 3,275
  ? Average Trade Receivables > 0: CY=4,945, PY=3,945, Avg=4,445
  ? Ratio 'Current Ratio': CY=8.2011 (non-zero)
  ? Ratio 'Net Profit Ratio': CY=23.8242 (non-zero)
  ? Ratio 'Return on Equity (ROE)': CY=10.4663 (non-zero)
  ? Ratio 'Return on Capital Employed (ROCE)': CY=9.5311 (non-zero)
  ? Ratio 'Debtor Turnover Ratio': CY=0.7368 (non-zero)
  ? P&L mapping: Revenue from Operations: = 3,275
  ? P&L mapping: Profit Before Tax: = 707
  ? P&L mapping: Profit After Tax: = 780
  ? BS mapping: Total Current Assets: = 6,064
  ? BS mapping: Total Current Liabilities: = 739
  ? BS mapping: Total Equity: = 7,141
  ? BS mapping: Trade Receivables: = 4,945
  ? BS row count: 50 rows parsed
  ? P&L row count: 33 rows parsed
============================================================
2026-06-10 17:15:28,599 [INFO] matplotlib.category: Using categorical units to plot a list of strings that are all parsable as floats or dates. If these strings should be plotted as numbers, cast to the appropriate data type before plotting.
2026-06-10 17:15:28,600 [INFO] matplotlib.category: Using categorical units to plot a list of strings that are all parsable as floats or dates. If these strings should be plotted as numbers, cast to the appropriate data type before plotting.
2026-06-10 17:15:28,601 [INFO] matplotlib.category: Using categorical units to plot a list of strings that are all parsable as floats or dates. If these strings should be plotted as numbers, cast to the appropriate data type before plotting.
2026-06-10 17:15:28,621 [INFO] matplotlib.category: Using categorical units to plot a list of strings that are all parsable as floats or dates. If these strings should be plotted as numbers, cast to the appropriate data type before plotting.
2026-06-10 17:15:28,622 [INFO] matplotlib.category: Using categorical units to plot a list of strings that are all parsable as floats or dates. If these strings should be plotted as numbers, cast to the appropriate data type before plotting.
2026-06-10 17:15:28,623 [INFO] matplotlib.category: Using categorical units to plot a list of strings that are all parsable as floats or dates. If these strings should be plotted as numbers, cast to the appropriate data type before plotting.
2026-06-10 17:15:28,623 [INFO] matplotlib.category: Using categorical units to plot a list of strings that are all parsable as floats or dates. If these strings should be plotted as numbers, cast to the appropriate data type before plotting.
2026-06-10 17:15:28,634 [INFO] matplotlib.category: Using categorical units to plot a list of strings that are all parsable as floats or dates. If these strings should be plotted as numbers, cast to the appropriate data type before plotting.
2026-06-10 17:15:28,635 [INFO] matplotlib.category: Using categorical units to plot a list of strings that are all parsable as floats or dates. If these strings should be plotted as numbers, cast to the appropriate data type before plotting.
2026-06-10 17:15:28,661 [INFO] matplotlib.category: Using categorical units to plot a list of strings that are all parsable as floats or dates. If these strings should be plotted as numbers, cast to the appropriate data type before plotting.
2026-06-10 17:15:28,662 [INFO] matplotlib.category: Using categorical units to plot a list of strings that are all parsable as floats or dates. If these strings should be plotted as numbers, cast to the appropriate data type before plotting.
2026-06-10 17:15:28,664 [INFO] matplotlib.category: Using categorical units to plot a list of strings that are all parsable as floats or dates. If these strings should be plotted as numbers, cast to the appropriate data type before plotting.
2026-06-10 17:15:28,665 [INFO] matplotlib.category: Using categorical units to plot a list of strings that are all parsable as floats or dates. If these strings should be plotted as numbers, cast to the appropriate data type before plotting.
2026-06-10 17:15:28,937 [INFO] src.gui.main_window: FAR generated: BS=50 rows, PL=33 rows, Ratios=8
2026-06-10 17:19:20,913 [INFO] src.core.data_engine: Balanced Balance Sheet rounding difference (+0.42 CY, +0.33 PY) in Other Current Liabilities.
2026-06-10 17:19:20,988 [INFO] src.core.excel_parser: Found non-zero value for 'trade receivables' on row 'Trade receivables': CY=86.07, PY=20.12
2026-06-10 17:19:20,988 [INFO] src.core.excel_parser: BS Summary: total_ca=2583, total_cl=2570, debtors=86, equity=171
2026-06-10 17:19:20,989 [WARNING] src.core.excel_parser: Keyword 'revenue from operations' matched row 'Revenue from operations' but value is ZERO — may be a heading row; scanning further
2026-06-10 17:19:20,989 [INFO] src.core.excel_parser: Found non-zero value for 'software services' on row '- Software services': CY=109.85, PY=144.80
2026-06-10 17:19:20,989 [INFO] src.core.excel_parser: Found non-zero value for 'total income' on row 'Total income': CY=268.88, PY=509.46
2026-06-10 17:19:20,989 [INFO] src.core.excel_parser: PBT found: row='Profit / (Loss) before exceptional and extraordinary items and tax', CY=-29.56, PY=194.00
2026-06-10 17:19:20,990 [WARNING] src.core.excel_parser: PAT: Could not find Profit After Tax row — falling back to PBT (-29.56). Net Profit Ratio may be slightly overstated (ignores tax).
2026-06-10 17:19:20,990 [INFO] src.core.excel_parser: Found non-zero value for 'finance charge' on row 'Finance charges': CY=117.61, PY=140.32
2026-06-10 17:19:20,990 [INFO] src.core.excel_parser: PL Summary: revenue_ops=110, pbt=-30, pat=-30, finance_cost=118
2026-06-10 17:19:21,098 [INFO] src.core.cache_manager: Data cached to .far_cache\919f003fb9fba9319ff3a108e1d2ad23ecb7fe2f51124fa540e1d74f60130f5d.pkl
2026-06-10 17:19:21,108 [INFO] src.core.validation: VALIDATION PASS - Balance Sheet identity: Assets=2,753 ≈ Equity+Liabilities=2,753 (diff=0, within tolerance 3)
2026-06-10 17:19:21,109 [INFO] src.core.validation: VALIDATION PASS - Revenue from Operations > 0: Revenue = 110
2026-06-10 17:19:21,110 [INFO] src.core.validation: VALIDATION PASS - Average Trade Receivables > 0: CY=86, PY=20, Avg=53
2026-06-10 17:19:21,110 [INFO] src.core.validation: VALIDATION PASS - Ratio 'Current Ratio': CY=1.0052 (non-zero)
2026-06-10 17:19:21,110 [INFO] src.core.validation: VALIDATION PASS - Ratio 'Net Profit Ratio': CY=-26.9132 (non-zero)
2026-06-10 17:19:21,110 [INFO] src.core.validation: VALIDATION PASS - Ratio 'Return on Equity (ROE)': CY=-7.0978 (non-zero)
2026-06-10 17:19:21,111 [INFO] src.core.validation: VALIDATION PASS - Ratio 'Return on Capital Employed (ROCE)': CY=3.2892 (non-zero)
2026-06-10 17:19:21,111 [INFO] src.core.validation: VALIDATION PASS - Ratio 'Debtor Turnover Ratio': CY=2.0687 (non-zero)
2026-06-10 17:19:21,111 [INFO] src.core.validation: VALIDATION PASS - P&L mapping: Revenue from Operations: = 110
2026-06-10 17:19:21,111 [INFO] src.core.validation: VALIDATION PASS - P&L mapping: Profit Before Tax: = -30
2026-06-10 17:19:21,111 [INFO] src.core.validation: VALIDATION PASS - P&L mapping: Profit After Tax: = -30
2026-06-10 17:19:21,111 [INFO] src.core.validation: VALIDATION PASS - BS mapping: Total Current Assets: = 2,583
2026-06-10 17:19:21,112 [INFO] src.core.validation: VALIDATION PASS - BS mapping: Total Current Liabilities: = 2,570
2026-06-10 17:19:21,112 [INFO] src.core.validation: VALIDATION PASS - BS mapping: Total Equity: = 171
2026-06-10 17:19:21,112 [INFO] src.core.validation: VALIDATION PASS - BS mapping: Trade Receivables: = 86
2026-06-10 17:19:21,112 [INFO] src.core.validation: VALIDATION PASS - BS row count: 61 rows parsed
2026-06-10 17:19:21,112 [INFO] src.core.validation: VALIDATION PASS - P&L row count: 40 rows parsed
2026-06-10 17:19:21,113 [INFO] src.core.validation: Validation complete: 17 passed, 0 warnings, 0 failed, 0 auto-corrected
2026-06-10 17:19:21,113 [INFO] src.core.validation: ============================================================
FAR VALIDATION REPORT
============================================================

PASSED CHECKS:
  ? Balance Sheet identity: Assets=2,753 ? Equity+Liabilities=2,753 (diff=0, within tolerance 3)
  ? Revenue from Operations > 0: Revenue = 110
  ? Average Trade Receivables > 0: CY=86, PY=20, Avg=53
  ? Ratio 'Current Ratio': CY=1.0052 (non-zero)
  ? Ratio 'Net Profit Ratio': CY=-26.9132 (non-zero)
  ? Ratio 'Return on Equity (ROE)': CY=-7.0978 (non-zero)
  ? Ratio 'Return on Capital Employed (ROCE)': CY=3.2892 (non-zero)
  ? Ratio 'Debtor Turnover Ratio': CY=2.0687 (non-zero)
  ? P&L mapping: Revenue from Operations: = 110
  ? P&L mapping: Profit Before Tax: = -30
  ? P&L mapping: Profit After Tax: = -30
  ? BS mapping: Total Current Assets: = 2,583
  ? BS mapping: Total Current Liabilities: = 2,570
  ? BS mapping: Total Equity: = 171
  ? BS mapping: Trade Receivables: = 86
  ? BS row count: 61 rows parsed
  ? P&L row count: 40 rows parsed
============================================================
2026-06-10 17:19:21,729 [INFO] matplotlib.category: Using categorical units to plot a list of strings that are all parsable as floats or dates. If these strings should be plotted as numbers, cast to the appropriate data type before plotting.
2026-06-10 17:19:21,730 [INFO] matplotlib.category: Using categorical units to plot a list of strings that are all parsable as floats or dates. If these strings should be plotted as numbers, cast to the appropriate data type before plotting.
2026-06-10 17:19:21,730 [INFO] matplotlib.category: Using categorical units to plot a list of strings that are all parsable as floats or dates. If these strings should be plotted as numbers, cast to the appropriate data type before plotting.
2026-06-10 17:19:21,748 [INFO] matplotlib.category: Using categorical units to plot a list of strings that are all parsable as floats or dates. If these strings should be plotted as numbers, cast to the appropriate data type before plotting.
2026-06-10 17:19:21,749 [INFO] matplotlib.category: Using categorical units to plot a list of strings that are all parsable as floats or dates. If these strings should be plotted as numbers, cast to the appropriate data type before plotting.
2026-06-10 17:19:21,749 [INFO] matplotlib.category: Using categorical units to plot a list of strings that are all parsable as floats or dates. If these strings should be plotted as numbers, cast to the appropriate data type before plotting.
2026-06-10 17:19:21,749 [INFO] matplotlib.category: Using categorical units to plot a list of strings that are all parsable as floats or dates. If these strings should be plotted as numbers, cast to the appropriate data type before plotting.
2026-06-10 17:19:21,751 [INFO] matplotlib.category: Using categorical units to plot a list of strings that are all parsable as floats or dates. If these strings should be plotted as numbers, cast to the appropriate data type before plotting.
2026-06-10 17:19:21,752 [INFO] matplotlib.category: Using categorical units to plot a list of strings that are all parsable as floats or dates. If these strings should be plotted as numbers, cast to the appropriate data type before plotting.
2026-06-10 17:19:21,772 [INFO] matplotlib.category: Using categorical units to plot a list of strings that are all parsable as floats or dates. If these strings should be plotted as numbers, cast to the appropriate data type before plotting.
2026-06-10 17:19:21,773 [INFO] matplotlib.category: Using categorical units to plot a list of strings that are all parsable as floats or dates. If these strings should be plotted as numbers, cast to the appropriate data type before plotting.
2026-06-10 17:19:21,774 [INFO] matplotlib.category: Using categorical units to plot a list of strings that are all parsable as floats or dates. If these strings should be plotted as numbers, cast to the appropriate data type before plotting.
2026-06-10 17:19:21,775 [INFO] matplotlib.category: Using categorical units to plot a list of strings that are all parsable as floats or dates. If these strings should be plotted as numbers, cast to the appropriate data type before plotting.
2026-06-10 17:19:22,044 [INFO] src.gui.main_window: FAR generated: BS=61 rows, PL=40 rows, Ratios=8
2026-06-10 17:21:15,318 [INFO] src.core.cache_manager: Cache hit for 98ede8f102208520033978590a0fe1216b4681a629ed9f1bcdfa07b5ea2adfbc — Returning instantly.
2026-06-10 17:21:15,321 [INFO] src.core.validation: VALIDATION PASS - Balance Sheet identity: Assets=8,081 ≈ Equity+Liabilities=8,081 (diff=0, within tolerance 8)
2026-06-10 17:21:15,323 [INFO] src.core.validation: VALIDATION PASS - Revenue from Operations > 0: Revenue = 3,275
2026-06-10 17:21:15,323 [INFO] src.core.validation: VALIDATION PASS - Average Trade Receivables > 0: CY=4,945, PY=3,945, Avg=4,445
2026-06-10 17:21:15,323 [INFO] src.core.validation: VALIDATION PASS - Ratio 'Current Ratio': CY=8.2011 (non-zero)
2026-06-10 17:21:15,323 [INFO] src.core.validation: VALIDATION PASS - Ratio 'Net Profit Ratio': CY=23.8242 (non-zero)
2026-06-10 17:21:15,323 [INFO] src.core.validation: VALIDATION PASS - Ratio 'Return on Equity (ROE)': CY=10.4663 (non-zero)
2026-06-10 17:21:15,324 [INFO] src.core.validation: VALIDATION PASS - Ratio 'Return on Capital Employed (ROCE)': CY=9.5311 (non-zero)
2026-06-10 17:21:15,324 [INFO] src.core.validation: VALIDATION PASS - Ratio 'Debtor Turnover Ratio': CY=0.7368 (non-zero)
2026-06-10 17:21:15,324 [INFO] src.core.validation: VALIDATION PASS - P&L mapping: Revenue from Operations: = 3,275
2026-06-10 17:21:15,324 [INFO] src.core.validation: VALIDATION PASS - P&L mapping: Profit Before Tax: = 707
2026-06-10 17:21:15,324 [INFO] src.core.validation: VALIDATION PASS - P&L mapping: Profit After Tax: = 780
2026-06-10 17:21:15,324 [INFO] src.core.validation: VALIDATION PASS - BS mapping: Total Current Assets: = 6,064
2026-06-10 17:21:15,326 [INFO] src.core.validation: VALIDATION PASS - BS mapping: Total Current Liabilities: = 739
2026-06-10 17:21:15,326 [INFO] src.core.validation: VALIDATION PASS - BS mapping: Total Equity: = 7,141
2026-06-10 17:21:15,326 [INFO] src.core.validation: VALIDATION PASS - BS mapping: Trade Receivables: = 4,945
2026-06-10 17:21:15,326 [INFO] src.core.validation: VALIDATION PASS - BS row count: 50 rows parsed
2026-06-10 17:21:15,326 [INFO] src.core.validation: VALIDATION PASS - P&L row count: 33 rows parsed
2026-06-10 17:21:15,326 [INFO] src.core.validation: Validation complete: 17 passed, 0 warnings, 0 failed, 0 auto-corrected
2026-06-10 17:21:15,327 [INFO] src.core.validation: ============================================================
FAR VALIDATION REPORT
============================================================

PASSED CHECKS:
  ? Balance Sheet identity: Assets=8,081 ? Equity+Liabilities=8,081 (diff=0, within tolerance 8)
  ? Revenue from Operations > 0: Revenue = 3,275
  ? Average Trade Receivables > 0: CY=4,945, PY=3,945, Avg=4,445
  ? Ratio 'Current Ratio': CY=8.2011 (non-zero)
  ? Ratio 'Net Profit Ratio': CY=23.8242 (non-zero)
  ? Ratio 'Return on Equity (ROE)': CY=10.4663 (non-zero)
  ? Ratio 'Return on Capital Employed (ROCE)': CY=9.5311 (non-zero)
  ? Ratio 'Debtor Turnover Ratio': CY=0.7368 (non-zero)
  ? P&L mapping: Revenue from Operations: = 3,275
  ? P&L mapping: Profit Before Tax: = 707
  ? P&L mapping: Profit After Tax: = 780
  ? BS mapping: Total Current Assets: = 6,064
  ? BS mapping: Total Current Liabilities: = 739
  ? BS mapping: Total Equity: = 7,141
  ? BS mapping: Trade Receivables: = 4,945
  ? BS row count: 50 rows parsed
  ? P&L row count: 33 rows parsed
============================================================
2026-06-10 17:21:16,177 [INFO] matplotlib.category: Using categorical units to plot a list of strings that are all parsable as floats or dates. If these strings should be plotted as numbers, cast to the appropriate data type before plotting.
2026-06-10 17:21:16,178 [INFO] matplotlib.category: Using categorical units to plot a list of strings that are all parsable as floats or dates. If these strings should be plotted as numbers, cast to the appropriate data type before plotting.
2026-06-10 17:21:16,179 [INFO] matplotlib.category: Using categorical units to plot a list of strings that are all parsable as floats or dates. If these strings should be plotted as numbers, cast to the appropriate data type before plotting.
2026-06-10 17:21:16,202 [INFO] matplotlib.category: Using categorical units to plot a list of strings that are all parsable as floats or dates. If these strings should be plotted as numbers, cast to the appropriate data type before plotting.
2026-06-10 17:21:16,203 [INFO] matplotlib.category: Using categorical units to plot a list of strings that are all parsable as floats or dates. If these strings should be plotted as numbers, cast to the appropriate data type before plotting.
2026-06-10 17:21:16,204 [INFO] matplotlib.category: Using categorical units to plot a list of strings that are all parsable as floats or dates. If these strings should be plotted as numbers, cast to the appropriate data type before plotting.
2026-06-10 17:21:16,205 [INFO] matplotlib.category: Using categorical units to plot a list of strings that are all parsable as floats or dates. If these strings should be plotted as numbers, cast to the appropriate data type before plotting.
2026-06-10 17:21:16,206 [INFO] matplotlib.category: Using categorical units to plot a list of strings that are all parsable as floats or dates. If these strings should be plotted as numbers, cast to the appropriate data type before plotting.
2026-06-10 17:21:16,207 [INFO] matplotlib.category: Using categorical units to plot a list of strings that are all parsable as floats or dates. If these strings should be plotted as numbers, cast to the appropriate data type before plotting.
2026-06-10 17:21:16,227 [INFO] matplotlib.category: Using categorical units to plot a list of strings that are all parsable as floats or dates. If these strings should be plotted as numbers, cast to the appropriate data type before plotting.
2026-06-10 17:21:16,228 [INFO] matplotlib.category: Using categorical units to plot a list of strings that are all parsable as floats or dates. If these strings should be plotted as numbers, cast to the appropriate data type before plotting.
2026-06-10 17:21:16,229 [INFO] matplotlib.category: Using categorical units to plot a list of strings that are all parsable as floats or dates. If these strings should be plotted as numbers, cast to the appropriate data type before plotting.
2026-06-10 17:21:16,230 [INFO] matplotlib.category: Using categorical units to plot a list of strings that are all parsable as floats or dates. If these strings should be plotted as numbers, cast to the appropriate data type before plotting.
2026-06-10 17:21:16,481 [INFO] src.gui.main_window: FAR generated: BS=50 rows, PL=33 rows, Ratios=8
2026-06-10 17:56:02,599 [INFO] __main__: Application exiting with code 0
2026-06-11 09:58:18,521 [INFO] __main__: ============================================================
2026-06-11 09:58:18,614 [INFO] __main__: FAR Automation Tool started at 2026-06-11T09:58:18.613698
2026-06-11 09:58:18,614 [INFO] __main__: Python 3.10.11 (tags/v3.10.11:7d4cc5a, Apr  5 2023, 00:38:17) [MSC v.1929 64 bit (AMD64)]
2026-06-11 09:58:18,615 [INFO] __main__: Project root: E:\GT WORK @\GT Work\far-automation
2026-06-11 09:58:19,103 [INFO] __main__: Stylesheet loaded
2026-06-11 09:58:25,791 [INFO] __main__: Main window shown
2026-06-11 10:32:30,154 [INFO] __main__: Application exiting with code 0
2026-06-11 10:33:26,745 [INFO] __main__: ============================================================
2026-06-11 10:33:26,835 [INFO] __main__: FAR Automation Tool started at 2026-06-11T10:33:26.835068
2026-06-11 10:33:26,835 [INFO] __main__: Python 3.10.11 (tags/v3.10.11:7d4cc5a, Apr  5 2023, 00:38:17) [MSC v.1929 64 bit (AMD64)]
2026-06-11 10:33:26,835 [INFO] __main__: Project root: E:\GT WORK @\GT Work\far-automation
2026-06-11 10:33:26,988 [INFO] __main__: Stylesheet loaded
2026-06-11 10:33:28,989 [INFO] __main__: Main window shown
2026-06-11 10:35:47,796 [INFO] __main__: Application exiting with code 0
2026-06-11 10:36:48,273 [INFO] __main__: ============================================================
2026-06-11 10:36:48,275 [INFO] __main__: FAR Automation Tool started at 2026-06-11T10:36:48.275754
2026-06-11 10:36:48,276 [INFO] __main__: Python 3.10.11 (tags/v3.10.11:7d4cc5a, Apr  5 2023, 00:38:17) [MSC v.1929 64 bit (AMD64)]
2026-06-11 10:36:48,276 [INFO] __main__: Project root: E:\GT WORK @\GT Work\far-automation
2026-06-11 10:36:48,432 [INFO] __main__: Stylesheet loaded
2026-06-11 10:36:50,568 [INFO] __main__: Main window shown
2026-06-11 10:38:12,582 [INFO] __main__: Application exiting with code 0
2026-06-11 10:38:15,793 [INFO] __main__: ============================================================
2026-06-11 10:38:15,793 [INFO] __main__: FAR Automation Tool started at 2026-06-11T10:38:15.793989
2026-06-11 10:38:15,794 [INFO] __main__: Python 3.10.11 (tags/v3.10.11:7d4cc5a, Apr  5 2023, 00:38:17) [MSC v.1929 64 bit (AMD64)]
2026-06-11 10:38:15,794 [INFO] __main__: Project root: E:\GT WORK @\GT Work\far-automation
2026-06-11 10:38:15,941 [INFO] __main__: Stylesheet loaded
2026-06-11 10:38:17,900 [INFO] __main__: Main window shown
2026-06-11 10:42:56,552 [INFO] __main__: Application exiting with code 0
2026-06-11 10:43:00,204 [INFO] __main__: ============================================================
2026-06-11 10:43:00,206 [INFO] __main__: FAR Automation Tool started at 2026-06-11T10:43:00.206783
2026-06-11 10:43:00,207 [INFO] __main__: Python 3.10.11 (tags/v3.10.11:7d4cc5a, Apr  5 2023, 00:38:17) [MSC v.1929 64 bit (AMD64)]
2026-06-11 10:43:00,207 [INFO] __main__: Project root: E:\GT WORK @\GT Work\far-automation
2026-06-11 10:43:00,373 [INFO] __main__: Scaled stylesheet loaded
2026-06-11 10:43:02,780 [INFO] __main__: Main window shown
2026-06-11 10:44:27,883 [INFO] __main__: Application exiting with code 0
2026-06-11 10:44:28,355 [INFO] __main__: ============================================================
2026-06-11 10:44:28,356 [INFO] __main__: FAR Automation Tool started at 2026-06-11T10:44:28.356781
2026-06-11 10:44:28,356 [INFO] __main__: Python 3.10.11 (tags/v3.10.11:7d4cc5a, Apr  5 2023, 00:38:17) [MSC v.1929 64 bit (AMD64)]
2026-06-11 10:44:28,356 [INFO] __main__: Project root: E:\GT WORK @\GT Work\far-automation
2026-06-11 10:44:28,523 [INFO] __main__: Scaled stylesheet loaded
2026-06-11 10:44:30,997 [INFO] __main__: Main window shown
2026-06-11 11:19:59,818 [INFO] __main__: ============================================================
2026-06-11 11:19:59,820 [INFO] __main__: FAR Automation Tool started at 2026-06-11T11:19:59.820368
2026-06-11 11:19:59,821 [INFO] __main__: Python 3.10.11 (tags/v3.10.11:7d4cc5a, Apr  5 2023, 00:38:17) [MSC v.1929 64 bit (AMD64)]
2026-06-11 11:19:59,821 [INFO] __main__: Project root: E:\GT WORK @\GT Work\far-automation
2026-06-11 11:20:00,179 [INFO] __main__: Scaled stylesheet loaded
2026-06-11 11:20:06,962 [INFO] __main__: Main window shown
2026-06-11 11:20:13,383 [INFO] __main__: Application exiting with code 0
2026-06-11 11:20:47,950 [INFO] __main__: ============================================================
2026-06-11 11:20:47,965 [INFO] __main__: FAR Automation Tool started at 2026-06-11T11:20:47.965799
2026-06-11 11:20:47,965 [INFO] __main__: Python 3.10.11 (tags/v3.10.11:7d4cc5a, Apr  5 2023, 00:38:17) [MSC v.1929 64 bit (AMD64)]
2026-06-11 11:20:47,965 [INFO] __main__: Project root: E:\GT WORK @\GT Work\far-automation
2026-06-11 11:20:48,161 [INFO] __main__: Scaled stylesheet loaded
2026-06-11 11:20:50,952 [INFO] __main__: Main window shown
2026-06-11 11:20:54,877 [INFO] __main__: Application exiting with code 0
2026-06-11 11:42:49,151 [INFO] __main__: ============================================================
2026-06-11 11:42:49,242 [INFO] __main__: FAR Automation Tool started at 2026-06-11T11:42:49.242292
2026-06-11 11:42:49,243 [INFO] __main__: Python 3.10.11 (tags/v3.10.11:7d4cc5a, Apr  5 2023, 00:38:17) [MSC v.1929 64 bit (AMD64)]
2026-06-11 11:42:49,243 [INFO] __main__: Project root: E:\GT WORK @\GT Work\far-automation
2026-06-11 11:42:49,420 [INFO] __main__: Scaled stylesheet loaded
2026-06-11 11:42:52,420 [INFO] __main__: Main window shown
2026-06-11 11:42:53,045 [INFO] __main__: Application exiting with code 0
2026-06-11 12:31:56,497 [INFO] src.gui.input_form: Auto-filled client name from workbook: Balance Sheet as at 31 March 2025
2026-06-11 12:32:55,445 [INFO] src.core.excel_parser: Client name extracted from row 2 col 2: Balance Sheet as at 31 March 2025
2026-06-11 12:32:55,722 [INFO] src.core.excel_parser: Date headers found: CY=2025 (col 4, row 6), PY=2024 (col 5, row 6)
2026-06-11 12:35:45,533 [INFO] src.core.cpp_bridge: C++ DLL not found at E:\GT WORK @\GT Work\far-automation\cpp_engine\build\far_engine.dll — using Python fallback
2026-06-11 12:35:45,599 [INFO] src.core.cache_manager: Cache hit for 98ede8f102208520033978590a0fe1216b4681a629ed9f1bcdfa07b5ea2adfbc — Returning instantly.
2026-06-11 12:35:45,602 [INFO] src.core.validation: VALIDATION PASS - Balance Sheet identity: Assets=8,081 ≈ Equity+Liabilities=8,081 (diff=0, within tolerance 8)
2026-06-11 12:35:45,610 [INFO] src.core.validation: VALIDATION PASS - Revenue from Operations > 0: Revenue = 3,275
2026-06-11 12:35:45,610 [INFO] src.core.validation: VALIDATION PASS - Average Trade Receivables > 0: CY=4,945, PY=3,945, Avg=4,445
2026-06-11 12:35:45,611 [INFO] src.core.validation: VALIDATION PASS - Ratio 'Current Ratio': CY=8.2011 (non-zero)
2026-06-11 12:35:45,611 [INFO] src.core.validation: VALIDATION PASS - Ratio 'Net Profit Ratio': CY=23.8242 (non-zero)
2026-06-11 12:35:45,611 [INFO] src.core.validation: VALIDATION PASS - Ratio 'Return on Equity (ROE)': CY=10.4663 (non-zero)
2026-06-11 12:35:45,611 [INFO] src.core.validation: VALIDATION PASS - Ratio 'Return on Capital Employed (ROCE)': CY=9.5311 (non-zero)
2026-06-11 12:35:45,611 [INFO] src.core.validation: VALIDATION PASS - Ratio 'Debtor Turnover Ratio': CY=0.7368 (non-zero)
2026-06-11 12:35:45,611 [INFO] src.core.validation: VALIDATION PASS - P&L mapping: Revenue from Operations: = 3,275
2026-06-11 12:35:45,611 [INFO] src.core.validation: VALIDATION PASS - P&L mapping: Profit Before Tax: = 707
2026-06-11 12:35:45,611 [INFO] src.core.validation: VALIDATION PASS - P&L mapping: Profit After Tax: = 780
2026-06-11 12:35:45,611 [INFO] src.core.validation: VALIDATION PASS - BS mapping: Total Current Assets: = 6,064
2026-06-11 12:35:45,611 [INFO] src.core.validation: VALIDATION PASS - BS mapping: Total Current Liabilities: = 739
2026-06-11 12:35:45,612 [INFO] src.core.validation: VALIDATION PASS - BS mapping: Total Equity: = 7,141
2026-06-11 12:35:45,612 [INFO] src.core.validation: VALIDATION PASS - BS mapping: Trade Receivables: = 4,945
2026-06-11 12:35:45,612 [INFO] src.core.validation: VALIDATION PASS - BS row count: 50 rows parsed
2026-06-11 12:35:45,612 [INFO] src.core.validation: VALIDATION PASS - P&L row count: 33 rows parsed
2026-06-11 12:35:45,612 [INFO] src.core.validation: Validation complete: 17 passed, 0 warnings, 0 failed, 0 auto-corrected
2026-06-11 12:35:45,612 [INFO] src.core.validation: ============================================================
FAR VALIDATION REPORT
============================================================

PASSED CHECKS:
  ? Balance Sheet identity: Assets=8,081 ? Equity+Liabilities=8,081 (diff=0, within tolerance 8)
  ? Revenue from Operations > 0: Revenue = 3,275
  ? Average Trade Receivables > 0: CY=4,945, PY=3,945, Avg=4,445
  ? Ratio 'Current Ratio': CY=8.2011 (non-zero)
  ? Ratio 'Net Profit Ratio': CY=23.8242 (non-zero)
  ? Ratio 'Return on Equity (ROE)': CY=10.4663 (non-zero)
  ? Ratio 'Return on Capital Employed (ROCE)': CY=9.5311 (non-zero)
  ? Ratio 'Debtor Turnover Ratio': CY=0.7368 (non-zero)
  ? P&L mapping: Revenue from Operations: = 3,275
  ? P&L mapping: Profit Before Tax: = 707
  ? P&L mapping: Profit After Tax: = 780
  ? BS mapping: Total Current Assets: = 6,064
  ? BS mapping: Total Current Liabilities: = 739
  ? BS mapping: Total Equity: = 7,141
  ? BS mapping: Trade Receivables: = 4,945
  ? BS row count: 50 rows parsed
  ? P&L row count: 33 rows parsed
============================================================
2026-06-11 12:35:46,597 [INFO] matplotlib.category: Using categorical units to plot a list of strings that are all parsable as floats or dates. If these strings should be plotted as numbers, cast to the appropriate data type before plotting.
2026-06-11 12:35:46,599 [INFO] matplotlib.category: Using categorical units to plot a list of strings that are all parsable as floats or dates. If these strings should be plotted as numbers, cast to the appropriate data type before plotting.
2026-06-11 12:35:46,600 [INFO] matplotlib.category: Using categorical units to plot a list of strings that are all parsable as floats or dates. If these strings should be plotted as numbers, cast to the appropriate data type before plotting.
2026-06-11 12:35:46,625 [INFO] matplotlib.category: Using categorical units to plot a list of strings that are all parsable as floats or dates. If these strings should be plotted as numbers, cast to the appropriate data type before plotting.
2026-06-11 12:35:46,626 [INFO] matplotlib.category: Using categorical units to plot a list of strings that are all parsable as floats or dates. If these strings should be plotted as numbers, cast to the appropriate data type before plotting.
2026-06-11 12:35:46,627 [INFO] matplotlib.category: Using categorical units to plot a list of strings that are all parsable as floats or dates. If these strings should be plotted as numbers, cast to the appropriate data type before plotting.
2026-06-11 12:35:46,627 [INFO] matplotlib.category: Using categorical units to plot a list of strings that are all parsable as floats or dates. If these strings should be plotted as numbers, cast to the appropriate data type before plotting.
2026-06-11 12:35:46,628 [INFO] matplotlib.category: Using categorical units to plot a list of strings that are all parsable as floats or dates. If these strings should be plotted as numbers, cast to the appropriate data type before plotting.
2026-06-11 12:35:46,628 [INFO] matplotlib.category: Using categorical units to plot a list of strings that are all parsable as floats or dates. If these strings should be plotted as numbers, cast to the appropriate data type before plotting.
2026-06-11 12:35:46,654 [INFO] matplotlib.category: Using categorical units to plot a list of strings that are all parsable as floats or dates. If these strings should be plotted as numbers, cast to the appropriate data type before plotting.
2026-06-11 12:35:46,654 [INFO] matplotlib.category: Using categorical units to plot a list of strings that are all parsable as floats or dates. If these strings should be plotted as numbers, cast to the appropriate data type before plotting.
2026-06-11 12:35:46,655 [INFO] matplotlib.category: Using categorical units to plot a list of strings that are all parsable as floats or dates. If these strings should be plotted as numbers, cast to the appropriate data type before plotting.
2026-06-11 12:35:46,656 [INFO] matplotlib.category: Using categorical units to plot a list of strings that are all parsable as floats or dates. If these strings should be plotted as numbers, cast to the appropriate data type before plotting.
2026-06-11 12:35:46,940 [INFO] src.gui.main_window: FAR generated: BS=50 rows, PL=33 rows, Ratios=8
2026-06-11 12:36:12,482 [INFO] matplotlib.category: Using categorical units to plot a list of strings that are all parsable as floats or dates. If these strings should be plotted as numbers, cast to the appropriate data type before plotting.
2026-06-11 12:36:12,483 [INFO] matplotlib.category: Using categorical units to plot a list of strings that are all parsable as floats or dates. If these strings should be plotted as numbers, cast to the appropriate data type before plotting.
2026-06-11 12:36:12,484 [INFO] matplotlib.category: Using categorical units to plot a list of strings that are all parsable as floats or dates. If these strings should be plotted as numbers, cast to the appropriate data type before plotting.
2026-06-11 12:36:12,487 [INFO] matplotlib.category: Using categorical units to plot a list of strings that are all parsable as floats or dates. If these strings should be plotted as numbers, cast to the appropriate data type before plotting.
2026-06-11 12:36:58,287 [INFO] matplotlib.category: Using categorical units to plot a list of strings that are all parsable as floats or dates. If these strings should be plotted as numbers, cast to the appropriate data type before plotting.
2026-06-11 12:36:58,289 [INFO] matplotlib.category: Using categorical units to plot a list of strings that are all parsable as floats or dates. If these strings should be plotted as numbers, cast to the appropriate data type before plotting.
2026-06-11 12:36:58,290 [INFO] matplotlib.category: Using categorical units to plot a list of strings that are all parsable as floats or dates. If these strings should be plotted as numbers, cast to the appropriate data type before plotting.
2026-06-11 12:36:58,323 [INFO] matplotlib.category: Using categorical units to plot a list of strings that are all parsable as floats or dates. If these strings should be plotted as numbers, cast to the appropriate data type before plotting.
2026-06-11 12:36:58,324 [INFO] matplotlib.category: Using categorical units to plot a list of strings that are all parsable as floats or dates. If these strings should be plotted as numbers, cast to the appropriate data type before plotting.
2026-06-11 12:36:58,325 [INFO] matplotlib.category: Using categorical units to plot a list of strings that are all parsable as floats or dates. If these strings should be plotted as numbers, cast to the appropriate data type before plotting.
2026-06-11 12:36:58,326 [INFO] matplotlib.category: Using categorical units to plot a list of strings that are all parsable as floats or dates. If these strings should be plotted as numbers, cast to the appropriate data type before plotting.
2026-06-11 12:36:58,326 [INFO] matplotlib.category: Using categorical units to plot a list of strings that are all parsable as floats or dates. If these strings should be plotted as numbers, cast to the appropriate data type before plotting.
2026-06-11 12:36:58,327 [INFO] matplotlib.category: Using categorical units to plot a list of strings that are all parsable as floats or dates. If these strings should be plotted as numbers, cast to the appropriate data type before plotting.
2026-06-11 12:36:58,353 [INFO] matplotlib.category: Using categorical units to plot a list of strings that are all parsable as floats or dates. If these strings should be plotted as numbers, cast to the appropriate data type before plotting.
2026-06-11 12:36:58,353 [INFO] matplotlib.category: Using categorical units to plot a list of strings that are all parsable as floats or dates. If these strings should be plotted as numbers, cast to the appropriate data type before plotting.
2026-06-11 12:36:58,354 [INFO] matplotlib.category: Using categorical units to plot a list of strings that are all parsable as floats or dates. If these strings should be plotted as numbers, cast to the appropriate data type before plotting.
2026-06-11 12:36:58,354 [INFO] matplotlib.category: Using categorical units to plot a list of strings that are all parsable as floats or dates. If these strings should be plotted as numbers, cast to the appropriate data type before plotting.
2026-06-11 12:36:58,368 [INFO] matplotlib.category: Using categorical units to plot a list of strings that are all parsable as floats or dates. If these strings should be plotted as numbers, cast to the appropriate data type before plotting.
2026-06-11 12:36:58,369 [INFO] matplotlib.category: Using categorical units to plot a list of strings that are all parsable as floats or dates. If these strings should be plotted as numbers, cast to the appropriate data type before plotting.
2026-06-11 12:36:58,369 [INFO] matplotlib.category: Using categorical units to plot a list of strings that are all parsable as floats or dates. If these strings should be plotted as numbers, cast to the appropriate data type before plotting.
2026-06-11 12:36:58,369 [INFO] matplotlib.category: Using categorical units to plot a list of strings that are all parsable as floats or dates. If these strings should be plotted as numbers, cast to the appropriate data type before plotting.
2026-06-11 12:36:58,369 [INFO] matplotlib.category: Using categorical units to plot a list of strings that are all parsable as floats or dates. If these strings should be plotted as numbers, cast to the appropriate data type before plotting.
2026-06-11 12:36:58,370 [INFO] matplotlib.category: Using categorical units to plot a list of strings that are all parsable as floats or dates. If these strings should be plotted as numbers, cast to the appropriate data type before plotting.
2026-06-11 12:36:58,406 [INFO] matplotlib.category: Using categorical units to plot a list of strings that are all parsable as floats or dates. If these strings should be plotted as numbers, cast to the appropriate data type before plotting.
2026-06-11 12:36:58,407 [INFO] matplotlib.category: Using categorical units to plot a list of strings that are all parsable as floats or dates. If these strings should be plotted as numbers, cast to the appropriate data type before plotting.
2026-06-11 12:36:58,408 [INFO] matplotlib.category: Using categorical units to plot a list of strings that are all parsable as floats or dates. If these strings should be plotted as numbers, cast to the appropriate data type before plotting.
2026-06-11 12:36:58,409 [INFO] matplotlib.category: Using categorical units to plot a list of strings that are all parsable as floats or dates. If these strings should be plotted as numbers, cast to the appropriate data type before plotting.
2026-06-11 12:36:59,772 [INFO] src.core.excel_export: FAR workbook saved to E:/GT WORK @/GT Work/far-automation/Testing Dataset/Testing_FAR/EV_IT_FS_FAR_2024-25 vs 2020-21.xlsx
2026-06-11 12:44:00,126 [INFO] __main__: Application exiting with code 0
2026-06-11 12:44:51,237 [INFO] __main__: ============================================================
2026-06-11 12:44:51,327 [INFO] __main__: FAR Automation Tool started at 2026-06-11T12:44:51.327217
2026-06-11 12:44:51,333 [INFO] __main__: Python 3.10.11 (tags/v3.10.11:7d4cc5a, Apr  5 2023, 00:38:17) [MSC v.1929 64 bit (AMD64)]
2026-06-11 12:44:51,333 [INFO] __main__: Project root: E:\GT WORK @\GT Work\far-automation
2026-06-11 12:44:51,710 [INFO] __main__: Scaled stylesheet loaded
2026-06-11 12:44:56,802 [INFO] __main__: Main window shown
2026-06-11 12:46:50,891 [INFO] __main__: Application exiting with code 0
2026-06-11 12:50:47,435 [INFO] __main__: ============================================================
2026-06-11 12:50:47,533 [INFO] __main__: FAR Automation Tool started at 2026-06-11T12:50:47.533546
2026-06-11 12:50:47,539 [INFO] __main__: Python 3.10.11 (tags/v3.10.11:7d4cc5a, Apr  5 2023, 00:38:17) [MSC v.1929 64 bit (AMD64)]
2026-06-11 12:50:47,540 [INFO] __main__: Project root: E:\GT WORK @\GT Work\far-automation
2026-06-11 12:50:47,724 [INFO] __main__: Scaled stylesheet loaded
2026-06-11 12:50:50,181 [INFO] __main__: Main window shown
2026-06-11 12:51:24,367 [INFO] src.gui.input_form: Auto-filled client name from workbook: Balance Sheet as at 31 March 2025
2026-06-11 12:52:24,507 [INFO] src.core.excel_parser: Client name extracted from row 2 col 2: Balance Sheet as at 31 March 2025
2026-06-11 12:52:24,781 [INFO] src.core.excel_parser: Date headers found: CY=2025 (col 4, row 6), PY=2024 (col 5, row 6)
2026-06-11 12:52:37,199 [INFO] src.core.cpp_bridge: C++ DLL not found at E:\GT WORK @\GT Work\far-automation\cpp_engine\build\far_engine.dll — using Python fallback
2026-06-11 12:52:37,232 [INFO] src.core.cache_manager: Cache hit for 98ede8f102208520033978590a0fe1216b4681a629ed9f1bcdfa07b5ea2adfbc — Returning instantly.
2026-06-11 12:52:37,233 [INFO] src.core.validation: VALIDATION PASS - Balance Sheet identity: Assets=8,081 ≈ Equity+Liabilities=8,081 (diff=0, within tolerance 8)
2026-06-11 12:52:37,238 [INFO] src.core.validation: VALIDATION PASS - Revenue from Operations > 0: Revenue = 3,275
2026-06-11 12:52:37,239 [INFO] src.core.validation: VALIDATION PASS - Average Trade Receivables > 0: CY=4,945, PY=3,945, Avg=4,445
2026-06-11 12:52:37,239 [INFO] src.core.validation: VALIDATION PASS - Ratio 'Current Ratio': CY=8.2011 (non-zero)
2026-06-11 12:52:37,239 [INFO] src.core.validation: VALIDATION PASS - Ratio 'Net Profit Ratio': CY=23.8242 (non-zero)
2026-06-11 12:52:37,239 [INFO] src.core.validation: VALIDATION PASS - Ratio 'Return on Equity (ROE)': CY=10.4663 (non-zero)
2026-06-11 12:52:37,239 [INFO] src.core.validation: VALIDATION PASS - Ratio 'Return on Capital Employed (ROCE)': CY=9.5311 (non-zero)
2026-06-11 12:52:37,239 [INFO] src.core.validation: VALIDATION PASS - Ratio 'Debtor Turnover Ratio': CY=0.7368 (non-zero)
2026-06-11 12:52:37,240 [INFO] src.core.validation: VALIDATION PASS - P&L mapping: Revenue from Operations: = 3,275
2026-06-11 12:52:37,240 [INFO] src.core.validation: VALIDATION PASS - P&L mapping: Profit Before Tax: = 707
2026-06-11 12:52:37,240 [INFO] src.core.validation: VALIDATION PASS - P&L mapping: Profit After Tax: = 780
2026-06-11 12:52:37,240 [INFO] src.core.validation: VALIDATION PASS - BS mapping: Total Current Assets: = 6,064
2026-06-11 12:52:37,240 [INFO] src.core.validation: VALIDATION PASS - BS mapping: Total Current Liabilities: = 739
2026-06-11 12:52:37,241 [INFO] src.core.validation: VALIDATION PASS - BS mapping: Total Equity: = 7,141
2026-06-11 12:52:37,241 [INFO] src.core.validation: VALIDATION PASS - BS mapping: Trade Receivables: = 4,945
2026-06-11 12:52:37,241 [INFO] src.core.validation: VALIDATION PASS - BS row count: 50 rows parsed
2026-06-11 12:52:37,241 [INFO] src.core.validation: VALIDATION PASS - P&L row count: 33 rows parsed
2026-06-11 12:52:37,241 [INFO] src.core.validation: Validation complete: 17 passed, 0 warnings, 0 failed, 0 auto-corrected
2026-06-11 12:52:37,241 [INFO] src.core.validation: ============================================================
FAR VALIDATION REPORT
============================================================

PASSED CHECKS:
  ? Balance Sheet identity: Assets=8,081 ? Equity+Liabilities=8,081 (diff=0, within tolerance 8)
  ? Revenue from Operations > 0: Revenue = 3,275
  ? Average Trade Receivables > 0: CY=4,945, PY=3,945, Avg=4,445
  ? Ratio 'Current Ratio': CY=8.2011 (non-zero)
  ? Ratio 'Net Profit Ratio': CY=23.8242 (non-zero)
  ? Ratio 'Return on Equity (ROE)': CY=10.4663 (non-zero)
  ? Ratio 'Return on Capital Employed (ROCE)': CY=9.5311 (non-zero)
  ? Ratio 'Debtor Turnover Ratio': CY=0.7368 (non-zero)
  ? P&L mapping: Revenue from Operations: = 3,275
  ? P&L mapping: Profit Before Tax: = 707
  ? P&L mapping: Profit After Tax: = 780
  ? BS mapping: Total Current Assets: = 6,064
  ? BS mapping: Total Current Liabilities: = 739
  ? BS mapping: Total Equity: = 7,141
  ? BS mapping: Trade Receivables: = 4,945
  ? BS row count: 50 rows parsed
  ? P&L row count: 33 rows parsed
============================================================
2026-06-11 12:52:37,956 [INFO] matplotlib.category: Using categorical units to plot a list of strings that are all parsable as floats or dates. If these strings should be plotted as numbers, cast to the appropriate data type before plotting.
2026-06-11 12:52:37,957 [INFO] matplotlib.category: Using categorical units to plot a list of strings that are all parsable as floats or dates. If these strings should be plotted as numbers, cast to the appropriate data type before plotting.
2026-06-11 12:52:37,958 [INFO] matplotlib.category: Using categorical units to plot a list of strings that are all parsable as floats or dates. If these strings should be plotted as numbers, cast to the appropriate data type before plotting.
2026-06-11 12:52:37,980 [INFO] matplotlib.category: Using categorical units to plot a list of strings that are all parsable as floats or dates. If these strings should be plotted as numbers, cast to the appropriate data type before plotting.
2026-06-11 12:52:37,981 [INFO] matplotlib.category: Using categorical units to plot a list of strings that are all parsable as floats or dates. If these strings should be plotted as numbers, cast to the appropriate data type before plotting.
2026-06-11 12:52:37,981 [INFO] matplotlib.category: Using categorical units to plot a list of strings that are all parsable as floats or dates. If these strings should be plotted as numbers, cast to the appropriate data type before plotting.
2026-06-11 12:52:37,982 [INFO] matplotlib.category: Using categorical units to plot a list of strings that are all parsable as floats or dates. If these strings should be plotted as numbers, cast to the appropriate data type before plotting.
2026-06-11 12:52:37,983 [INFO] matplotlib.category: Using categorical units to plot a list of strings that are all parsable as floats or dates. If these strings should be plotted as numbers, cast to the appropriate data type before plotting.
2026-06-11 12:52:37,983 [INFO] matplotlib.category: Using categorical units to plot a list of strings that are all parsable as floats or dates. If these strings should be plotted as numbers, cast to the appropriate data type before plotting.
2026-06-11 12:52:38,004 [INFO] matplotlib.category: Using categorical units to plot a list of strings that are all parsable as floats or dates. If these strings should be plotted as numbers, cast to the appropriate data type before plotting.
2026-06-11 12:52:38,005 [INFO] matplotlib.category: Using categorical units to plot a list of strings that are all parsable as floats or dates. If these strings should be plotted as numbers, cast to the appropriate data type before plotting.
2026-06-11 12:52:38,007 [INFO] matplotlib.category: Using categorical units to plot a list of strings that are all parsable as floats or dates. If these strings should be plotted as numbers, cast to the appropriate data type before plotting.
2026-06-11 12:52:38,008 [INFO] matplotlib.category: Using categorical units to plot a list of strings that are all parsable as floats or dates. If these strings should be plotted as numbers, cast to the appropriate data type before plotting.
2026-06-11 12:52:38,497 [INFO] src.gui.main_window: FAR generated: BS=50 rows, PL=33 rows, Ratios=8
2026-06-11 12:54:40,827 [INFO] matplotlib.category: Using categorical units to plot a list of strings that are all parsable as floats or dates. If these strings should be plotted as numbers, cast to the appropriate data type before plotting.
2026-06-11 12:54:40,828 [INFO] matplotlib.category: Using categorical units to plot a list of strings that are all parsable as floats or dates. If these strings should be plotted as numbers, cast to the appropriate data type before plotting.
2026-06-11 12:54:40,830 [INFO] matplotlib.category: Using categorical units to plot a list of strings that are all parsable as floats or dates. If these strings should be plotted as numbers, cast to the appropriate data type before plotting.
2026-06-11 12:54:40,831 [INFO] matplotlib.category: Using categorical units to plot a list of strings that are all parsable as floats or dates. If these strings should be plotted as numbers, cast to the appropriate data type before plotting.
2026-06-11 12:58:58,853 [INFO] __main__: Application exiting with code 0
2026-06-11 12:59:23,709 [INFO] __main__: ============================================================
2026-06-11 12:59:23,711 [INFO] __main__: FAR Automation Tool started at 2026-06-11T12:59:23.711195
2026-06-11 12:59:23,716 [INFO] __main__: Python 3.10.11 (tags/v3.10.11:7d4cc5a, Apr  5 2023, 00:38:17) [MSC v.1929 64 bit (AMD64)]
2026-06-11 12:59:23,717 [INFO] __main__: Project root: E:\GT WORK @\GT Work\far-automation
2026-06-11 12:59:23,876 [INFO] __main__: Scaled stylesheet loaded
2026-06-11 12:59:26,510 [INFO] __main__: Main window shown
2026-06-11 12:59:42,705 [INFO] src.gui.input_form: Auto-filled client name from workbook: Balance Sheet as at 31 March 2025
2026-06-11 13:00:32,938 [INFO] src.core.excel_parser: Client name extracted from row 3: Balance Sheet as at 31 March 2025
2026-06-11 13:00:33,487 [INFO] src.core.excel_parser: Date headers found: CY=2025 (col 7, row 7), PY=2024 (col 9, row 7)
2026-06-11 13:01:04,108 [INFO] src.core.cpp_bridge: C++ DLL not found at E:\GT WORK @\GT Work\far-automation\cpp_engine\build\far_engine.dll — using Python fallback
2026-06-11 13:01:04,172 [INFO] src.core.cache_manager: Cache hit for 919f003fb9fba9319ff3a108e1d2ad23ecb7fe2f51124fa540e1d74f60130f5d — Returning instantly.
2026-06-11 13:01:04,175 [INFO] src.core.validation: VALIDATION PASS - Balance Sheet identity: Assets=2,753 ≈ Equity+Liabilities=2,753 (diff=0, within tolerance 3)
2026-06-11 13:01:04,180 [INFO] src.core.validation: VALIDATION PASS - Revenue from Operations > 0: Revenue = 110
2026-06-11 13:01:04,180 [INFO] src.core.validation: VALIDATION PASS - Average Trade Receivables > 0: CY=86, PY=20, Avg=53
2026-06-11 13:01:04,180 [INFO] src.core.validation: VALIDATION PASS - Ratio 'Current Ratio': CY=1.0052 (non-zero)
2026-06-11 13:01:04,181 [INFO] src.core.validation: VALIDATION PASS - Ratio 'Net Profit Ratio': CY=-26.9132 (non-zero)
2026-06-11 13:01:04,181 [INFO] src.core.validation: VALIDATION PASS - Ratio 'Return on Equity (ROE)': CY=-7.0978 (non-zero)
2026-06-11 13:01:04,181 [INFO] src.core.validation: VALIDATION PASS - Ratio 'Return on Capital Employed (ROCE)': CY=3.2892 (non-zero)
2026-06-11 13:01:04,181 [INFO] src.core.validation: VALIDATION PASS - Ratio 'Debtor Turnover Ratio': CY=2.0687 (non-zero)
2026-06-11 13:01:04,182 [INFO] src.core.validation: VALIDATION PASS - P&L mapping: Revenue from Operations: = 110
2026-06-11 13:01:04,182 [INFO] src.core.validation: VALIDATION PASS - P&L mapping: Profit Before Tax: = -30
2026-06-11 13:01:04,182 [INFO] src.core.validation: VALIDATION PASS - P&L mapping: Profit After Tax: = -30
2026-06-11 13:01:04,182 [INFO] src.core.validation: VALIDATION PASS - BS mapping: Total Current Assets: = 2,583
2026-06-11 13:01:04,182 [INFO] src.core.validation: VALIDATION PASS - BS mapping: Total Current Liabilities: = 2,570
2026-06-11 13:01:04,183 [INFO] src.core.validation: VALIDATION PASS - BS mapping: Total Equity: = 171
2026-06-11 13:01:04,183 [INFO] src.core.validation: VALIDATION PASS - BS mapping: Trade Receivables: = 86
2026-06-11 13:01:04,183 [INFO] src.core.validation: VALIDATION PASS - BS row count: 61 rows parsed
2026-06-11 13:01:04,184 [INFO] src.core.validation: VALIDATION PASS - P&L row count: 40 rows parsed
2026-06-11 13:01:04,184 [INFO] src.core.validation: Validation complete: 17 passed, 0 warnings, 0 failed, 0 auto-corrected
2026-06-11 13:01:04,184 [INFO] src.core.validation: ============================================================
FAR VALIDATION REPORT
============================================================

PASSED CHECKS:
  ? Balance Sheet identity: Assets=2,753 ? Equity+Liabilities=2,753 (diff=0, within tolerance 3)
  ? Revenue from Operations > 0: Revenue = 110
  ? Average Trade Receivables > 0: CY=86, PY=20, Avg=53
  ? Ratio 'Current Ratio': CY=1.0052 (non-zero)
  ? Ratio 'Net Profit Ratio': CY=-26.9132 (non-zero)
  ? Ratio 'Return on Equity (ROE)': CY=-7.0978 (non-zero)
  ? Ratio 'Return on Capital Employed (ROCE)': CY=3.2892 (non-zero)
  ? Ratio 'Debtor Turnover Ratio': CY=2.0687 (non-zero)
  ? P&L mapping: Revenue from Operations: = 110
  ? P&L mapping: Profit Before Tax: = -30
  ? P&L mapping: Profit After Tax: = -30
  ? BS mapping: Total Current Assets: = 2,583
  ? BS mapping: Total Current Liabilities: = 2,570
  ? BS mapping: Total Equity: = 171
  ? BS mapping: Trade Receivables: = 86
  ? BS row count: 61 rows parsed
  ? P&L row count: 40 rows parsed
============================================================
2026-06-11 13:01:04,755 [INFO] matplotlib.category: Using categorical units to plot a list of strings that are all parsable as floats or dates. If these strings should be plotted as numbers, cast to the appropriate data type before plotting.
2026-06-11 13:01:04,758 [INFO] matplotlib.category: Using categorical units to plot a list of strings that are all parsable as floats or dates. If these strings should be plotted as numbers, cast to the appropriate data type before plotting.
2026-06-11 13:01:04,759 [INFO] matplotlib.category: Using categorical units to plot a list of strings that are all parsable as floats or dates. If these strings should be plotted as numbers, cast to the appropriate data type before plotting.
2026-06-11 13:01:04,780 [INFO] matplotlib.category: Using categorical units to plot a list of strings that are all parsable as floats or dates. If these strings should be plotted as numbers, cast to the appropriate data type before plotting.
2026-06-11 13:01:04,781 [INFO] matplotlib.category: Using categorical units to plot a list of strings that are all parsable as floats or dates. If these strings should be plotted as numbers, cast to the appropriate data type before plotting.
2026-06-11 13:01:04,782 [INFO] matplotlib.category: Using categorical units to plot a list of strings that are all parsable as floats or dates. If these strings should be plotted as numbers, cast to the appropriate data type before plotting.
2026-06-11 13:01:04,782 [INFO] matplotlib.category: Using categorical units to plot a list of strings that are all parsable as floats or dates. If these strings should be plotted as numbers, cast to the appropriate data type before plotting.
2026-06-11 13:01:04,783 [INFO] matplotlib.category: Using categorical units to plot a list of strings that are all parsable as floats or dates. If these strings should be plotted as numbers, cast to the appropriate data type before plotting.
2026-06-11 13:01:04,783 [INFO] matplotlib.category: Using categorical units to plot a list of strings that are all parsable as floats or dates. If these strings should be plotted as numbers, cast to the appropriate data type before plotting.
2026-06-11 13:01:04,804 [INFO] matplotlib.category: Using categorical units to plot a list of strings that are all parsable as floats or dates. If these strings should be plotted as numbers, cast to the appropriate data type before plotting.
2026-06-11 13:01:04,804 [INFO] matplotlib.category: Using categorical units to plot a list of strings that are all parsable as floats or dates. If these strings should be plotted as numbers, cast to the appropriate data type before plotting.
2026-06-11 13:01:04,806 [INFO] matplotlib.category: Using categorical units to plot a list of strings that are all parsable as floats or dates. If these strings should be plotted as numbers, cast to the appropriate data type before plotting.
2026-06-11 13:01:04,806 [INFO] matplotlib.category: Using categorical units to plot a list of strings that are all parsable as floats or dates. If these strings should be plotted as numbers, cast to the appropriate data type before plotting.
2026-06-11 13:01:05,179 [INFO] src.gui.main_window: FAR generated: BS=61 rows, PL=40 rows, Ratios=8
2026-06-11 13:56:46,051 [INFO] __main__: Application exiting with code 0
2026-06-11 13:57:17,010 [INFO] __main__: ============================================================
2026-06-11 13:57:17,012 [INFO] __main__: FAR Automation Tool started at 2026-06-11T13:57:17.012895
2026-06-11 13:57:17,017 [INFO] __main__: Python 3.10.11 (tags/v3.10.11:7d4cc5a, Apr  5 2023, 00:38:17) [MSC v.1929 64 bit (AMD64)]
2026-06-11 13:57:17,018 [INFO] __main__: Project root: E:\GT WORK @\GT Work\far-automation
2026-06-11 13:57:17,194 [INFO] __main__: Scaled stylesheet loaded
2026-06-11 13:57:20,146 [INFO] __main__: Main window shown
2026-06-11 13:57:38,838 [INFO] src.gui.input_form: Auto-filled client name from workbook: Balance Sheet as at 31 March 2025
2026-06-11 13:57:45,173 [INFO] src.core.excel_parser: Client name extracted from row 3: Balance Sheet as at 31 March 2025
2026-06-11 13:57:45,651 [INFO] src.core.excel_parser: Date headers found: CY=2025 (col 7, row 7), PY=2024 (col 9, row 7)
2026-06-11 13:58:05,164 [INFO] src.core.cpp_bridge: C++ DLL not found at E:\GT WORK @\GT Work\far-automation\cpp_engine\build\far_engine.dll — using Python fallback
2026-06-11 13:58:05,193 [INFO] src.core.cache_manager: Cache hit for 919f003fb9fba9319ff3a108e1d2ad23ecb7fe2f51124fa540e1d74f60130f5d — Returning instantly.
2026-06-11 13:58:05,195 [INFO] src.core.validation: VALIDATION PASS - Balance Sheet identity: Assets=2,753 ≈ Equity+Liabilities=2,753 (diff=0, within tolerance 3)
2026-06-11 13:58:05,200 [INFO] src.core.validation: VALIDATION PASS - Revenue from Operations > 0: Revenue = 110
2026-06-11 13:58:05,200 [INFO] src.core.validation: VALIDATION PASS - Average Trade Receivables > 0: CY=86, PY=20, Avg=53
2026-06-11 13:58:05,201 [INFO] src.core.validation: VALIDATION PASS - Ratio 'Current Ratio': CY=1.0052 (non-zero)
2026-06-11 13:58:05,201 [INFO] src.core.validation: VALIDATION PASS - Ratio 'Net Profit Ratio': CY=-26.9132 (non-zero)
2026-06-11 13:58:05,202 [INFO] src.core.validation: VALIDATION PASS - Ratio 'Return on Equity (ROE)': CY=-7.0978 (non-zero)
2026-06-11 13:58:05,202 [INFO] src.core.validation: VALIDATION PASS - Ratio 'Return on Capital Employed (ROCE)': CY=3.2892 (non-zero)
2026-06-11 13:58:05,203 [INFO] src.core.validation: VALIDATION PASS - Ratio 'Debtor Turnover Ratio': CY=2.0687 (non-zero)
2026-06-11 13:58:05,203 [INFO] src.core.validation: VALIDATION PASS - P&L mapping: Revenue from Operations: = 110
2026-06-11 13:58:05,203 [INFO] src.core.validation: VALIDATION PASS - P&L mapping: Profit Before Tax: = -30
2026-06-11 13:58:05,203 [INFO] src.core.validation: VALIDATION PASS - P&L mapping: Profit After Tax: = -30
2026-06-11 13:58:05,204 [INFO] src.core.validation: VALIDATION PASS - BS mapping: Total Current Assets: = 2,583
2026-06-11 13:58:05,204 [INFO] src.core.validation: VALIDATION PASS - BS mapping: Total Current Liabilities: = 2,570
2026-06-11 13:58:05,204 [INFO] src.core.validation: VALIDATION PASS - BS mapping: Total Equity: = 171
2026-06-11 13:58:05,204 [INFO] src.core.validation: VALIDATION PASS - BS mapping: Trade Receivables: = 86
2026-06-11 13:58:05,204 [INFO] src.core.validation: VALIDATION PASS - BS row count: 61 rows parsed
2026-06-11 13:58:05,205 [INFO] src.core.validation: VALIDATION PASS - P&L row count: 40 rows parsed
2026-06-11 13:58:05,205 [INFO] src.core.validation: Validation complete: 17 passed, 0 warnings, 0 failed, 0 auto-corrected
2026-06-11 13:58:05,205 [INFO] src.core.validation: ============================================================
FAR VALIDATION REPORT
============================================================

PASSED CHECKS:
  ? Balance Sheet identity: Assets=2,753 ? Equity+Liabilities=2,753 (diff=0, within tolerance 3)
  ? Revenue from Operations > 0: Revenue = 110
  ? Average Trade Receivables > 0: CY=86, PY=20, Avg=53
  ? Ratio 'Current Ratio': CY=1.0052 (non-zero)
  ? Ratio 'Net Profit Ratio': CY=-26.9132 (non-zero)
  ? Ratio 'Return on Equity (ROE)': CY=-7.0978 (non-zero)
  ? Ratio 'Return on Capital Employed (ROCE)': CY=3.2892 (non-zero)
  ? Ratio 'Debtor Turnover Ratio': CY=2.0687 (non-zero)
  ? P&L mapping: Revenue from Operations: = 110
  ? P&L mapping: Profit Before Tax: = -30
  ? P&L mapping: Profit After Tax: = -30
  ? BS mapping: Total Current Assets: = 2,583
  ? BS mapping: Total Current Liabilities: = 2,570
  ? BS mapping: Total Equity: = 171
  ? BS mapping: Trade Receivables: = 86
  ? BS row count: 61 rows parsed
  ? P&L row count: 40 rows parsed
============================================================
2026-06-11 13:58:05,871 [INFO] matplotlib.category: Using categorical units to plot a list of strings that are all parsable as floats or dates. If these strings should be plotted as numbers, cast to the appropriate data type before plotting.
2026-06-11 13:58:05,872 [INFO] matplotlib.category: Using categorical units to plot a list of strings that are all parsable as floats or dates. If these strings should be plotted as numbers, cast to the appropriate data type before plotting.
2026-06-11 13:58:05,873 [INFO] matplotlib.category: Using categorical units to plot a list of strings that are all parsable as floats or dates. If these strings should be plotted as numbers, cast to the appropriate data type before plotting.
2026-06-11 13:58:05,894 [INFO] matplotlib.category: Using categorical units to plot a list of strings that are all parsable as floats or dates. If these strings should be plotted as numbers, cast to the appropriate data type before plotting.
2026-06-11 13:58:05,895 [INFO] matplotlib.category: Using categorical units to plot a list of strings that are all parsable as floats or dates. If these strings should be plotted as numbers, cast to the appropriate data type before plotting.
2026-06-11 13:58:05,896 [INFO] matplotlib.category: Using categorical units to plot a list of strings that are all parsable as floats or dates. If these strings should be plotted as numbers, cast to the appropriate data type before plotting.
2026-06-11 13:58:05,897 [INFO] matplotlib.category: Using categorical units to plot a list of strings that are all parsable as floats or dates. If these strings should be plotted as numbers, cast to the appropriate data type before plotting.
2026-06-11 13:58:05,897 [INFO] matplotlib.category: Using categorical units to plot a list of strings that are all parsable as floats or dates. If these strings should be plotted as numbers, cast to the appropriate data type before plotting.
2026-06-11 13:58:05,898 [INFO] matplotlib.category: Using categorical units to plot a list of strings that are all parsable as floats or dates. If these strings should be plotted as numbers, cast to the appropriate data type before plotting.
2026-06-11 13:58:05,920 [INFO] matplotlib.category: Using categorical units to plot a list of strings that are all parsable as floats or dates. If these strings should be plotted as numbers, cast to the appropriate data type before plotting.
2026-06-11 13:58:05,921 [INFO] matplotlib.category: Using categorical units to plot a list of strings that are all parsable as floats or dates. If these strings should be plotted as numbers, cast to the appropriate data type before plotting.
2026-06-11 13:58:05,922 [INFO] matplotlib.category: Using categorical units to plot a list of strings that are all parsable as floats or dates. If these strings should be plotted as numbers, cast to the appropriate data type before plotting.
2026-06-11 13:58:05,922 [INFO] matplotlib.category: Using categorical units to plot a list of strings that are all parsable as floats or dates. If these strings should be plotted as numbers, cast to the appropriate data type before plotting.
2026-06-11 13:58:06,179 [INFO] src.gui.main_window: FAR generated: BS=61 rows, PL=40 rows, Ratios=8
2026-06-11 14:06:36,696 [INFO] src.core.cache_manager: Cache hit for 919f003fb9fba9319ff3a108e1d2ad23ecb7fe2f51124fa540e1d74f60130f5d — Returning instantly.
2026-06-11 14:06:36,699 [INFO] src.core.validation: VALIDATION PASS - Balance Sheet identity: Assets=2,753 ≈ Equity+Liabilities=2,753 (diff=0, within tolerance 3)
2026-06-11 14:06:36,706 [INFO] src.core.validation: VALIDATION PASS - Revenue from Operations > 0: Revenue = 110
2026-06-11 14:06:36,707 [INFO] src.core.validation: VALIDATION PASS - Average Trade Receivables > 0: CY=86, PY=20, Avg=53
2026-06-11 14:06:36,707 [INFO] src.core.validation: VALIDATION PASS - Ratio 'Current Ratio': CY=1.0052 (non-zero)
2026-06-11 14:06:36,707 [INFO] src.core.validation: VALIDATION PASS - Ratio 'Net Profit Ratio': CY=-26.9132 (non-zero)
2026-06-11 14:06:36,707 [INFO] src.core.validation: VALIDATION PASS - Ratio 'Return on Equity (ROE)': CY=-7.0978 (non-zero)
2026-06-11 14:06:36,707 [INFO] src.core.validation: VALIDATION PASS - Ratio 'Return on Capital Employed (ROCE)': CY=3.2892 (non-zero)
2026-06-11 14:06:36,708 [INFO] src.core.validation: VALIDATION PASS - Ratio 'Debtor Turnover Ratio': CY=2.0687 (non-zero)
2026-06-11 14:06:36,708 [INFO] src.core.validation: VALIDATION PASS - P&L mapping: Revenue from Operations: = 110
2026-06-11 14:06:36,708 [INFO] src.core.validation: VALIDATION PASS - P&L mapping: Profit Before Tax: = -30
2026-06-11 14:06:36,708 [INFO] src.core.validation: VALIDATION PASS - P&L mapping: Profit After Tax: = -30
2026-06-11 14:06:36,708 [INFO] src.core.validation: VALIDATION PASS - BS mapping: Total Current Assets: = 2,583
2026-06-11 14:06:36,791 [INFO] src.core.validation: VALIDATION PASS - BS mapping: Total Current Liabilities: = 2,570
2026-06-11 14:06:36,802 [INFO] src.core.validation: VALIDATION PASS - BS mapping: Total Equity: = 171
2026-06-11 14:06:36,802 [INFO] src.core.validation: VALIDATION PASS - BS mapping: Trade Receivables: = 86
2026-06-11 14:06:36,802 [INFO] src.core.validation: VALIDATION PASS - BS row count: 61 rows parsed
2026-06-11 14:06:36,802 [INFO] src.core.validation: VALIDATION PASS - P&L row count: 40 rows parsed
2026-06-11 14:06:36,803 [INFO] src.core.validation: Validation complete: 17 passed, 0 warnings, 0 failed, 0 auto-corrected
2026-06-11 14:06:36,803 [INFO] src.core.validation: ============================================================
FAR VALIDATION REPORT
============================================================

PASSED CHECKS:
  ? Balance Sheet identity: Assets=2,753 ? Equity+Liabilities=2,753 (diff=0, within tolerance 3)
  ? Revenue from Operations > 0: Revenue = 110
  ? Average Trade Receivables > 0: CY=86, PY=20, Avg=53
  ? Ratio 'Current Ratio': CY=1.0052 (non-zero)
  ? Ratio 'Net Profit Ratio': CY=-26.9132 (non-zero)
  ? Ratio 'Return on Equity (ROE)': CY=-7.0978 (non-zero)
  ? Ratio 'Return on Capital Employed (ROCE)': CY=3.2892 (non-zero)
  ? Ratio 'Debtor Turnover Ratio': CY=2.0687 (non-zero)
  ? P&L mapping: Revenue from Operations: = 110
  ? P&L mapping: Profit Before Tax: = -30
  ? P&L mapping: Profit After Tax: = -30
  ? BS mapping: Total Current Assets: = 2,583
  ? BS mapping: Total Current Liabilities: = 2,570
  ? BS mapping: Total Equity: = 171
  ? BS mapping: Trade Receivables: = 86
  ? BS row count: 61 rows parsed
  ? P&L row count: 40 rows parsed
============================================================
2026-06-11 14:06:37,359 [INFO] matplotlib.category: Using categorical units to plot a list of strings that are all parsable as floats or dates. If these strings should be plotted as numbers, cast to the appropriate data type before plotting.
2026-06-11 14:06:37,361 [INFO] matplotlib.category: Using categorical units to plot a list of strings that are all parsable as floats or dates. If these strings should be plotted as numbers, cast to the appropriate data type before plotting.
2026-06-11 14:06:37,361 [INFO] matplotlib.category: Using categorical units to plot a list of strings that are all parsable as floats or dates. If these strings should be plotted as numbers, cast to the appropriate data type before plotting.
2026-06-11 14:06:37,380 [INFO] matplotlib.category: Using categorical units to plot a list of strings that are all parsable as floats or dates. If these strings should be plotted as numbers, cast to the appropriate data type before plotting.
2026-06-11 14:06:37,381 [INFO] matplotlib.category: Using categorical units to plot a list of strings that are all parsable as floats or dates. If these strings should be plotted as numbers, cast to the appropriate data type before plotting.
2026-06-11 14:06:37,381 [INFO] matplotlib.category: Using categorical units to plot a list of strings that are all parsable as floats or dates. If these strings should be plotted as numbers, cast to the appropriate data type before plotting.
2026-06-11 14:06:37,382 [INFO] matplotlib.category: Using categorical units to plot a list of strings that are all parsable as floats or dates. If these strings should be plotted as numbers, cast to the appropriate data type before plotting.
2026-06-11 14:06:37,382 [INFO] matplotlib.category: Using categorical units to plot a list of strings that are all parsable as floats or dates. If these strings should be plotted as numbers, cast to the appropriate data type before plotting.
2026-06-11 14:06:37,383 [INFO] matplotlib.category: Using categorical units to plot a list of strings that are all parsable as floats or dates. If these strings should be plotted as numbers, cast to the appropriate data type before plotting.
2026-06-11 14:06:37,403 [INFO] matplotlib.category: Using categorical units to plot a list of strings that are all parsable as floats or dates. If these strings should be plotted as numbers, cast to the appropriate data type before plotting.
2026-06-11 14:06:37,404 [INFO] matplotlib.category: Using categorical units to plot a list of strings that are all parsable as floats or dates. If these strings should be plotted as numbers, cast to the appropriate data type before plotting.
2026-06-11 14:06:37,407 [INFO] matplotlib.category: Using categorical units to plot a list of strings that are all parsable as floats or dates. If these strings should be plotted as numbers, cast to the appropriate data type before plotting.
2026-06-11 14:06:37,407 [INFO] matplotlib.category: Using categorical units to plot a list of strings that are all parsable as floats or dates. If these strings should be plotted as numbers, cast to the appropriate data type before plotting.
2026-06-11 14:06:37,675 [INFO] src.gui.main_window: FAR generated: BS=61 rows, PL=40 rows, Ratios=8
2026-06-11 14:08:42,182 [INFO] __main__: Application exiting with code 0
2026-06-11 14:08:56,169 [INFO] __main__: ============================================================
2026-06-11 14:08:56,171 [INFO] __main__: FAR Automation Tool started at 2026-06-11T14:08:56.171559
2026-06-11 14:08:56,177 [INFO] __main__: Python 3.10.11 (tags/v3.10.11:7d4cc5a, Apr  5 2023, 00:38:17) [MSC v.1929 64 bit (AMD64)]
2026-06-11 14:08:56,177 [INFO] __main__: Project root: E:\GT WORK @\GT Work\far-automation
2026-06-11 14:08:56,351 [INFO] __main__: Scaled stylesheet loaded
2026-06-11 14:08:59,140 [INFO] __main__: Main window shown
2026-06-11 14:09:13,879 [INFO] src.gui.input_form: Auto-filled client name from workbook: Balance Sheet as at 31 March 2025
2026-06-11 14:09:18,759 [INFO] src.core.excel_parser: Client name extracted from row 3: Balance Sheet as at 31 March 2025
2026-06-11 14:09:19,233 [INFO] src.core.excel_parser: Date headers found: CY=2025 (col 7, row 7), PY=2024 (col 9, row 7)
2026-06-11 14:09:42,243 [INFO] src.core.cpp_bridge: C++ DLL not found at E:\GT WORK @\GT Work\far-automation\cpp_engine\build\far_engine.dll — using Python fallback
2026-06-11 14:09:42,272 [INFO] src.core.cache_manager: Cache hit for 919f003fb9fba9319ff3a108e1d2ad23ecb7fe2f51124fa540e1d74f60130f5d — Returning instantly.
2026-06-11 14:09:42,274 [INFO] src.core.validation: VALIDATION PASS - Balance Sheet identity: Assets=2,753 ≈ Equity+Liabilities=2,753 (diff=0, within tolerance 3)
2026-06-11 14:09:42,280 [INFO] src.core.validation: VALIDATION PASS - Revenue from Operations > 0: Revenue = 110
2026-06-11 14:09:42,280 [INFO] src.core.validation: VALIDATION PASS - Average Trade Receivables > 0: CY=86, PY=20, Avg=53
2026-06-11 14:09:42,281 [INFO] src.core.validation: VALIDATION PASS - Ratio 'Current Ratio': CY=1.0052 (non-zero)
2026-06-11 14:09:42,281 [INFO] src.core.validation: VALIDATION PASS - Ratio 'Net Profit Ratio': CY=-26.9132 (non-zero)
2026-06-11 14:09:42,282 [INFO] src.core.validation: VALIDATION PASS - Ratio 'Return on Equity (ROE)': CY=-7.0978 (non-zero)
2026-06-11 14:09:42,282 [INFO] src.core.validation: VALIDATION PASS - Ratio 'Return on Capital Employed (ROCE)': CY=3.2892 (non-zero)
2026-06-11 14:09:42,282 [INFO] src.core.validation: VALIDATION PASS - Ratio 'Debtor Turnover Ratio': CY=2.0687 (non-zero)
2026-06-11 14:09:42,282 [INFO] src.core.validation: VALIDATION PASS - P&L mapping: Revenue from Operations: = 110
2026-06-11 14:09:42,283 [INFO] src.core.validation: VALIDATION PASS - P&L mapping: Profit Before Tax: = -30
2026-06-11 14:09:42,283 [INFO] src.core.validation: VALIDATION PASS - P&L mapping: Profit After Tax: = -30
2026-06-11 14:09:42,283 [INFO] src.core.validation: VALIDATION PASS - BS mapping: Total Current Assets: = 2,583
2026-06-11 14:09:42,283 [INFO] src.core.validation: VALIDATION PASS - BS mapping: Total Current Liabilities: = 2,570
2026-06-11 14:09:42,284 [INFO] src.core.validation: VALIDATION PASS - BS mapping: Total Equity: = 171
2026-06-11 14:09:42,284 [INFO] src.core.validation: VALIDATION PASS - BS mapping: Trade Receivables: = 86
2026-06-11 14:09:42,284 [INFO] src.core.validation: VALIDATION PASS - BS row count: 61 rows parsed
2026-06-11 14:09:42,284 [INFO] src.core.validation: VALIDATION PASS - P&L row count: 40 rows parsed
2026-06-11 14:09:42,284 [INFO] src.core.validation: Validation complete: 17 passed, 0 warnings, 0 failed, 0 auto-corrected
2026-06-11 14:09:42,284 [INFO] src.core.validation: ============================================================
FAR VALIDATION REPORT
============================================================

PASSED CHECKS:
  ? Balance Sheet identity: Assets=2,753 ? Equity+Liabilities=2,753 (diff=0, within tolerance 3)
  ? Revenue from Operations > 0: Revenue = 110
  ? Average Trade Receivables > 0: CY=86, PY=20, Avg=53
  ? Ratio 'Current Ratio': CY=1.0052 (non-zero)
  ? Ratio 'Net Profit Ratio': CY=-26.9132 (non-zero)
  ? Ratio 'Return on Equity (ROE)': CY=-7.0978 (non-zero)
  ? Ratio 'Return on Capital Employed (ROCE)': CY=3.2892 (non-zero)
  ? Ratio 'Debtor Turnover Ratio': CY=2.0687 (non-zero)
  ? P&L mapping: Revenue from Operations: = 110
  ? P&L mapping: Profit Before Tax: = -30
  ? P&L mapping: Profit After Tax: = -30
  ? BS mapping: Total Current Assets: = 2,583
  ? BS mapping: Total Current Liabilities: = 2,570
  ? BS mapping: Total Equity: = 171
  ? BS mapping: Trade Receivables: = 86
  ? BS row count: 61 rows parsed
  ? P&L row count: 40 rows parsed
============================================================
2026-06-11 14:09:42,938 [INFO] matplotlib.category: Using categorical units to plot a list of strings that are all parsable as floats or dates. If these strings should be plotted as numbers, cast to the appropriate data type before plotting.
2026-06-11 14:09:42,940 [INFO] matplotlib.category: Using categorical units to plot a list of strings that are all parsable as floats or dates. If these strings should be plotted as numbers, cast to the appropriate data type before plotting.
2026-06-11 14:09:42,940 [INFO] matplotlib.category: Using categorical units to plot a list of strings that are all parsable as floats or dates. If these strings should be plotted as numbers, cast to the appropriate data type before plotting.
2026-06-11 14:09:42,962 [INFO] matplotlib.category: Using categorical units to plot a list of strings that are all parsable as floats or dates. If these strings should be plotted as numbers, cast to the appropriate data type before plotting.
2026-06-11 14:09:42,963 [INFO] matplotlib.category: Using categorical units to plot a list of strings that are all parsable as floats or dates. If these strings should be plotted as numbers, cast to the appropriate data type before plotting.
2026-06-11 14:09:42,963 [INFO] matplotlib.category: Using categorical units to plot a list of strings that are all parsable as floats or dates. If these strings should be plotted as numbers, cast to the appropriate data type before plotting.
2026-06-11 14:09:42,964 [INFO] matplotlib.category: Using categorical units to plot a list of strings that are all parsable as floats or dates. If these strings should be plotted as numbers, cast to the appropriate data type before plotting.
2026-06-11 14:09:42,965 [INFO] matplotlib.category: Using categorical units to plot a list of strings that are all parsable as floats or dates. If these strings should be plotted as numbers, cast to the appropriate data type before plotting.
2026-06-11 14:09:42,965 [INFO] matplotlib.category: Using categorical units to plot a list of strings that are all parsable as floats or dates. If these strings should be plotted as numbers, cast to the appropriate data type before plotting.
2026-06-11 14:09:42,985 [INFO] matplotlib.category: Using categorical units to plot a list of strings that are all parsable as floats or dates. If these strings should be plotted as numbers, cast to the appropriate data type before plotting.
2026-06-11 14:09:42,986 [INFO] matplotlib.category: Using categorical units to plot a list of strings that are all parsable as floats or dates. If these strings should be plotted as numbers, cast to the appropriate data type before plotting.
2026-06-11 14:09:42,987 [INFO] matplotlib.category: Using categorical units to plot a list of strings that are all parsable as floats or dates. If these strings should be plotted as numbers, cast to the appropriate data type before plotting.
2026-06-11 14:09:42,987 [INFO] matplotlib.category: Using categorical units to plot a list of strings that are all parsable as floats or dates. If these strings should be plotted as numbers, cast to the appropriate data type before plotting.
2026-06-11 14:09:43,262 [INFO] src.gui.main_window: FAR generated: BS=61 rows, PL=40 rows, Ratios=8
2026-06-11 14:10:40,852 [INFO] matplotlib.category: Using categorical units to plot a list of strings that are all parsable as floats or dates. If these strings should be plotted as numbers, cast to the appropriate data type before plotting.
2026-06-11 14:10:40,853 [INFO] matplotlib.category: Using categorical units to plot a list of strings that are all parsable as floats or dates. If these strings should be plotted as numbers, cast to the appropriate data type before plotting.
2026-06-11 14:10:40,854 [INFO] matplotlib.category: Using categorical units to plot a list of strings that are all parsable as floats or dates. If these strings should be plotted as numbers, cast to the appropriate data type before plotting.
2026-06-11 14:10:40,882 [INFO] matplotlib.category: Using categorical units to plot a list of strings that are all parsable as floats or dates. If these strings should be plotted as numbers, cast to the appropriate data type before plotting.
2026-06-11 14:10:40,883 [INFO] matplotlib.category: Using categorical units to plot a list of strings that are all parsable as floats or dates. If these strings should be plotted as numbers, cast to the appropriate data type before plotting.
2026-06-11 14:10:40,883 [INFO] matplotlib.category: Using categorical units to plot a list of strings that are all parsable as floats or dates. If these strings should be plotted as numbers, cast to the appropriate data type before plotting.
2026-06-11 14:10:40,885 [INFO] matplotlib.category: Using categorical units to plot a list of strings that are all parsable as floats or dates. If these strings should be plotted as numbers, cast to the appropriate data type before plotting.
2026-06-11 14:10:40,885 [INFO] matplotlib.category: Using categorical units to plot a list of strings that are all parsable as floats or dates. If these strings should be plotted as numbers, cast to the appropriate data type before plotting.
2026-06-11 14:10:40,886 [INFO] matplotlib.category: Using categorical units to plot a list of strings that are all parsable as floats or dates. If these strings should be plotted as numbers, cast to the appropriate data type before plotting.
2026-06-11 14:10:40,908 [INFO] matplotlib.category: Using categorical units to plot a list of strings that are all parsable as floats or dates. If these strings should be plotted as numbers, cast to the appropriate data type before plotting.
2026-06-11 14:10:40,909 [INFO] matplotlib.category: Using categorical units to plot a list of strings that are all parsable as floats or dates. If these strings should be plotted as numbers, cast to the appropriate data type before plotting.
2026-06-11 14:10:40,910 [INFO] matplotlib.category: Using categorical units to plot a list of strings that are all parsable as floats or dates. If these strings should be plotted as numbers, cast to the appropriate data type before plotting.
2026-06-11 14:10:40,910 [INFO] matplotlib.category: Using categorical units to plot a list of strings that are all parsable as floats or dates. If these strings should be plotted as numbers, cast to the appropriate data type before plotting.
2026-06-11 14:10:40,921 [INFO] matplotlib.category: Using categorical units to plot a list of strings that are all parsable as floats or dates. If these strings should be plotted as numbers, cast to the appropriate data type before plotting.
2026-06-11 14:10:40,922 [INFO] matplotlib.category: Using categorical units to plot a list of strings that are all parsable as floats or dates. If these strings should be plotted as numbers, cast to the appropriate data type before plotting.
2026-06-11 14:10:40,934 [INFO] matplotlib.category: Using categorical units to plot a list of strings that are all parsable as floats or dates. If these strings should be plotted as numbers, cast to the appropriate data type before plotting.
2026-06-11 14:10:40,934 [INFO] matplotlib.category: Using categorical units to plot a list of strings that are all parsable as floats or dates. If these strings should be plotted as numbers, cast to the appropriate data type before plotting.
2026-06-11 14:10:40,935 [INFO] matplotlib.category: Using categorical units to plot a list of strings that are all parsable as floats or dates. If these strings should be plotted as numbers, cast to the appropriate data type before plotting.
2026-06-11 14:10:40,935 [INFO] matplotlib.category: Using categorical units to plot a list of strings that are all parsable as floats or dates. If these strings should be plotted as numbers, cast to the appropriate data type before plotting.
2026-06-11 14:10:40,973 [INFO] matplotlib.category: Using categorical units to plot a list of strings that are all parsable as floats or dates. If these strings should be plotted as numbers, cast to the appropriate data type before plotting.
2026-06-11 14:10:40,974 [INFO] matplotlib.category: Using categorical units to plot a list of strings that are all parsable as floats or dates. If these strings should be plotted as numbers, cast to the appropriate data type before plotting.
2026-06-11 14:10:40,976 [INFO] matplotlib.category: Using categorical units to plot a list of strings that are all parsable as floats or dates. If these strings should be plotted as numbers, cast to the appropriate data type before plotting.
2026-06-11 14:10:40,977 [INFO] matplotlib.category: Using categorical units to plot a list of strings that are all parsable as floats or dates. If these strings should be plotted as numbers, cast to the appropriate data type before plotting.
2026-06-11 14:10:42,155 [INFO] src.core.excel_export: FAR workbook saved to E:/GT WORK @/GT Work/far-automation/Testing Dataset/Testing_FAR/SSIPL_FAR_2024-25 vs 2025-26.xlsx
2026-06-11 14:23:09,464 [INFO] __main__: Application exiting with code 0
2026-06-11 14:23:28,738 [INFO] __main__: ============================================================
2026-06-11 14:23:28,740 [INFO] __main__: FAR Automation Tool started at 2026-06-11T14:23:28.740840
2026-06-11 14:23:28,745 [INFO] __main__: Python 3.10.11 (tags/v3.10.11:7d4cc5a, Apr  5 2023, 00:38:17) [MSC v.1929 64 bit (AMD64)]
2026-06-11 14:23:28,745 [INFO] __main__: Project root: E:\GT WORK @\GT Work\far-automation
2026-06-11 14:23:28,920 [INFO] __main__: Scaled stylesheet loaded
2026-06-11 14:23:31,625 [INFO] __main__: Main window shown
2026-06-11 14:24:01,576 [INFO] src.gui.input_form: Auto-filled client name from workbook: Balance Sheet as at 31 March 2025
2026-06-11 14:24:07,639 [INFO] src.core.excel_parser: Client name extracted from row 3: Balance Sheet as at 31 March 2025
2026-06-11 14:24:08,089 [INFO] src.core.excel_parser: Date headers found: CY=2025 (col 7, row 7), PY=2024 (col 9, row 7)
2026-06-11 14:24:20,301 [INFO] src.core.cpp_bridge: C++ DLL not found at E:\GT WORK @\GT Work\far-automation\cpp_engine\build\far_engine.dll — using Python fallback
2026-06-11 14:24:25,424 [INFO] src.core.data_engine: Balanced Balance Sheet rounding difference (+0.42 CY, +0.33 PY) in Other Current Liabilities.
2026-06-11 14:24:25,429 [INFO] src.core.data_engine: Normalized CY P&L values by factor 1.000 (Days: 365)
2026-06-11 14:24:25,667 [ERROR] src.gui.main_window: FAR generation failed: cannot unpack non-iterable NoneType object
2026-06-11 14:24:34,896 [INFO] src.core.data_engine: Balanced Balance Sheet rounding difference (+0.42 CY, +0.33 PY) in Other Current Liabilities.
2026-06-11 14:24:34,898 [INFO] src.core.data_engine: Normalized CY P&L values by factor 1.000 (Days: 365)
2026-06-11 14:24:34,919 [ERROR] src.gui.main_window: FAR generation failed: cannot unpack non-iterable NoneType object
2026-06-11 14:24:52,701 [INFO] src.core.data_engine: Balanced Balance Sheet rounding difference (+0.42 CY, +0.33 PY) in Other Current Liabilities.
2026-06-11 14:24:52,730 [ERROR] src.gui.main_window: FAR generation failed: cannot unpack non-iterable NoneType object
2026-06-11 14:25:12,946 [INFO] src.core.data_engine: Balanced Balance Sheet rounding difference (+0.42 CY, +0.33 PY) in Other Current Liabilities.
2026-06-11 14:25:12,988 [INFO] src.core.data_engine: Source files auto-detected as already scaled. Setting rounding factor to 1.0.
2026-06-11 14:25:13,021 [ERROR] src.gui.main_window: FAR generation failed: cannot unpack non-iterable NoneType object
2026-06-11 14:25:15,759 [INFO] src.core.excel_parser: Client name extracted from row 2 col 2: Balance Sheet as at 31 March 2025
2026-06-11 14:25:15,954 [INFO] src.core.excel_parser: Date headers found: CY=2025 (col 5, row 5), PY=2024 (col 6, row 5)
2026-06-11 14:25:23,622 [INFO] src.core.data_engine: Balanced Balance Sheet rounding difference (+0.42 CY, +0.33 PY) in Other Current Liabilities.
2026-06-11 14:25:23,624 [INFO] src.core.data_engine: Source files auto-detected as already scaled. Setting rounding factor to 1.0.
2026-06-11 14:25:23,646 [ERROR] src.gui.main_window: FAR generation failed: cannot unpack non-iterable NoneType object
2026-06-11 14:25:33,889 [INFO] src.core.excel_parser: Client name extracted from row 2 col 2: Balance Sheet as at 31 March 2025
2026-06-11 14:25:34,095 [INFO] src.core.excel_parser: Date headers found: CY=2025 (col 5, row 5), PY=2024 (col 6, row 5)
2026-06-11 14:25:41,440 [INFO] src.core.data_engine: Balanced Balance Sheet rounding difference (+0.42 CY, +0.33 PY) in Other Current Liabilities.
2026-06-11 14:25:41,442 [INFO] src.core.data_engine: Source files auto-detected as already scaled. Setting rounding factor to 1.0.
2026-06-11 14:25:41,462 [ERROR] src.gui.main_window: FAR generation failed: cannot unpack non-iterable NoneType object
2026-06-11 14:25:53,732 [INFO] src.core.excel_parser: Client name extracted from row 3: Balance Sheet as at 31 March 2025
2026-06-11 14:25:54,245 [INFO] src.core.excel_parser: Date headers found: CY=2025 (col 7, row 7), PY=2024 (col 9, row 7)
2026-06-11 14:26:02,699 [INFO] src.core.data_engine: Balanced Balance Sheet rounding difference (+0.42 CY, +0.33 PY) in Other Current Liabilities.
2026-06-11 14:26:02,723 [ERROR] src.gui.main_window: FAR generation failed: cannot unpack non-iterable NoneType object
2026-06-11 14:30:24,132 [INFO] __main__: Application exiting with code 0
2026-06-11 14:30:49,949 [INFO] __main__: ============================================================
2026-06-11 14:30:49,952 [INFO] __main__: FAR Automation Tool started at 2026-06-11T14:30:49.952092
2026-06-11 14:30:49,956 [INFO] __main__: Python 3.10.11 (tags/v3.10.11:7d4cc5a, Apr  5 2023, 00:38:17) [MSC v.1929 64 bit (AMD64)]
2026-06-11 14:30:49,957 [INFO] __main__: Project root: E:\GT WORK @\GT Work\far-automation
2026-06-11 14:30:50,147 [INFO] __main__: Scaled stylesheet loaded
2026-06-11 14:30:52,693 [INFO] __main__: Main window shown
2026-06-11 14:31:06,397 [INFO] src.gui.input_form: Auto-filled client name from workbook: Balance Sheet as at 31 March 2025
2026-06-11 14:31:08,839 [INFO] src.core.excel_parser: Client name extracted from row 3: Balance Sheet as at 31 March 2025
2026-06-11 14:31:09,316 [INFO] src.core.excel_parser: Date headers found: CY=2025 (col 7, row 7), PY=2024 (col 9, row 7)
2026-06-11 14:31:20,649 [INFO] src.core.cpp_bridge: C++ DLL not found at E:\GT WORK @\GT Work\far-automation\cpp_engine\build\far_engine.dll — using Python fallback
2026-06-11 14:31:25,758 [INFO] src.core.data_engine: Balanced Balance Sheet rounding difference (+0.42 CY, +0.33 PY) in Other Current Liabilities.
2026-06-11 14:31:25,947 [ERROR] src.gui.main_window: FAR generation failed: cannot unpack non-iterable NoneType object
2026-06-11 14:39:45,721 [INFO] __main__: Application exiting with code 0
2026-06-11 14:39:49,028 [INFO] __main__: ============================================================
2026-06-11 14:39:49,030 [INFO] __main__: FAR Automation Tool started at 2026-06-11T14:39:49.030880
2026-06-11 14:39:49,034 [INFO] __main__: Python 3.10.11 (tags/v3.10.11:7d4cc5a, Apr  5 2023, 00:38:17) [MSC v.1929 64 bit (AMD64)]
2026-06-11 14:39:49,035 [INFO] __main__: Project root: E:\GT WORK @\GT Work\far-automation
2026-06-11 14:39:49,237 [INFO] __main__: Scaled stylesheet loaded
2026-06-11 14:39:51,963 [INFO] __main__: Main window shown
2026-06-11 14:40:12,094 [INFO] src.gui.input_form: Auto-filled client name from workbook: Balance Sheet as at 31 March 2025
2026-06-11 14:40:16,143 [INFO] src.core.excel_parser: Client name extracted from row 3: Balance Sheet as at 31 March 2025
2026-06-11 14:40:16,604 [INFO] src.core.excel_parser: Date headers found: CY=2025 (col 7, row 7), PY=2024 (col 9, row 7)
2026-06-11 14:40:23,607 [INFO] src.core.cpp_bridge: C++ DLL not found at E:\GT WORK @\GT Work\far-automation\cpp_engine\build\far_engine.dll — using Python fallback
2026-06-11 14:40:29,161 [INFO] src.core.data_engine: Balanced Balance Sheet rounding difference (+0.42 CY, +0.33 PY) in Other Current Liabilities.
2026-06-11 14:40:29,339 [ERROR] src.gui.main_window: FAR generation failed: cannot unpack non-iterable NoneType object
2026-06-11 14:41:43,360 [INFO] __main__: Application exiting with code 0
2026-06-11 14:42:04,462 [INFO] __main__: ============================================================
2026-06-11 14:42:04,464 [INFO] __main__: FAR Automation Tool started at 2026-06-11T14:42:04.463729
2026-06-11 14:42:04,468 [INFO] __main__: Python 3.10.11 (tags/v3.10.11:7d4cc5a, Apr  5 2023, 00:38:17) [MSC v.1929 64 bit (AMD64)]
2026-06-11 14:42:04,468 [INFO] __main__: Project root: E:\GT WORK @\GT Work\far-automation
2026-06-11 14:42:04,638 [INFO] __main__: Scaled stylesheet loaded
2026-06-11 14:42:07,093 [INFO] __main__: Main window shown
2026-06-11 14:42:22,453 [INFO] src.gui.input_form: Auto-filled client name from workbook: Balance Sheet as at 31 March 2025
2026-06-11 14:42:32,665 [INFO] src.core.cpp_bridge: C++ DLL not found at E:\GT WORK @\GT Work\far-automation\cpp_engine\build\far_engine.dll — using Python fallback
2026-06-11 14:42:37,599 [INFO] src.core.data_engine: Balanced Balance Sheet rounding difference (+0.42 CY, +0.33 PY) in Other Current Liabilities.
2026-06-11 14:42:37,674 [ERROR] src.gui.main_window: FAR generation failed: cannot unpack non-iterable NoneType object
2026-06-11 14:49:13,924 [INFO] __main__: Application exiting with code 0
2026-06-11 14:49:27,579 [INFO] __main__: ============================================================
2026-06-11 14:49:27,581 [INFO] __main__: FAR Automation Tool started at 2026-06-11T14:49:27.581793
2026-06-11 14:49:27,586 [INFO] __main__: Python 3.10.11 (tags/v3.10.11:7d4cc5a, Apr  5 2023, 00:38:17) [MSC v.1929 64 bit (AMD64)]
2026-06-11 14:49:27,586 [INFO] __main__: Project root: E:\GT WORK @\GT Work\far-automation
2026-06-11 14:49:27,775 [INFO] __main__: Scaled stylesheet loaded
2026-06-11 14:49:30,258 [INFO] __main__: Main window shown
2026-06-11 14:49:46,079 [INFO] src.gui.input_form: Auto-filled client name from workbook: Balance Sheet as at 31 March 2025
2026-06-11 14:49:49,587 [INFO] src.core.cpp_bridge: C++ DLL not found at E:\GT WORK @\GT Work\far-automation\cpp_engine\build\far_engine.dll — using Python fallback
2026-06-11 14:49:54,662 [INFO] src.core.data_engine: Balanced Balance Sheet rounding difference (+0.42 CY, +0.33 PY) in Other Current Liabilities.
2026-06-11 14:49:54,734 [ERROR] src.gui.main_window: FAR generation failed: cannot unpack non-iterable NoneType object
2026-06-11 15:00:13,492 [INFO] __main__: Application exiting with code 0
2026-06-11 15:00:25,811 [INFO] __main__: ============================================================
2026-06-11 15:00:25,813 [INFO] __main__: FAR Automation Tool started at 2026-06-11T15:00:25.813297
2026-06-11 15:00:25,817 [INFO] __main__: Python 3.10.11 (tags/v3.10.11:7d4cc5a, Apr  5 2023, 00:38:17) [MSC v.1929 64 bit (AMD64)]
2026-06-11 15:00:25,818 [INFO] __main__: Project root: E:\GT WORK @\GT Work\far-automation
2026-06-11 15:00:25,991 [INFO] __main__: Scaled stylesheet loaded
2026-06-11 15:00:28,419 [INFO] __main__: Main window shown
2026-06-11 15:15:06,644 [INFO] __main__: Application exiting with code 0
2026-06-11 15:15:21,817 [INFO] __main__: ============================================================
2026-06-11 15:15:21,820 [INFO] __main__: FAR Automation Tool started at 2026-06-11T15:15:21.820586
2026-06-11 15:15:21,825 [INFO] __main__: Python 3.10.11 (tags/v3.10.11:7d4cc5a, Apr  5 2023, 00:38:17) [MSC v.1929 64 bit (AMD64)]
2026-06-11 15:15:21,825 [INFO] __main__: Project root: E:\GT WORK @\GT Work\far-automation
2026-06-11 15:15:22,007 [INFO] __main__: Scaled stylesheet loaded
2026-06-11 15:15:24,466 [INFO] __main__: Main window shown
2026-06-11 15:15:51,924 [INFO] src.gui.input_form: Auto-filled client name from workbook: Balance Sheet as at 31 March 2025
2026-06-11 15:15:54,140 [INFO] src.core.cpp_bridge: C++ DLL not found at E:\GT WORK @\GT Work\far-automation\cpp_engine\build\far_engine.dll — using Python fallback
2026-06-11 15:15:54,174 [INFO] src.core.excel_parser: Loading workbook into cache (read_only=True): E:/GT WORK @/GT Work/far-automation/Testing Dataset/Testing_FAR/3. SSIPL IGAAP Financials March 2025_19.09.2025.xlsx
2026-06-11 15:15:54,175 [INFO] src.core.excel_parser: Loading workbook into cache (read_only=True): E:/GT WORK @/GT Work/far-automation/Testing Dataset/Testing_FAR/3. SSIPL IGAAP Financials March 2025_19.09.2025.xlsx
2026-06-11 15:15:54,175 [INFO] src.core.excel_parser: Loading workbook into cache (read_only=True): E:/GT WORK @/GT Work/far-automation/Testing Dataset/Testing_FAR/3. SSIPL IGAAP Financials March 2025_19.09.2025.xlsx
2026-06-11 15:15:57,871 [ERROR] src.core.data_engine: Error processing bs from E:/GT WORK @/GT Work/far-automation/Testing Dataset/Testing_FAR/3. SSIPL IGAAP Financials March 2025_19.09.2025.xlsx: name '_extract_client_name' is not defined
Traceback (most recent call last):
  File "E:\GT WORK @\GT Work\far-automation\src\core\data_engine.py", line 24, in process_file_task
    result = parse_balance_sheet(filepath)
  File "E:\GT WORK @\GT Work\far-automation\src\core\excel_parser.py", line 474, in parse_balance_sheet
    client_name = _extract_client_name(ws)
NameError: name '_extract_client_name' is not defined
2026-06-11 15:15:57,877 [ERROR] src.core.data_engine: Error processing pl from E:/GT WORK @/GT Work/far-automation/Testing Dataset/Testing_FAR/3. SSIPL IGAAP Financials March 2025_19.09.2025.xlsx: name '_extract_client_name' is not defined
Traceback (most recent call last):
  File "E:\GT WORK @\GT Work\far-automation\src\core\data_engine.py", line 29, in process_file_task
    result = parse_profit_loss(filepath)
  File "E:\GT WORK @\GT Work\far-automation\src\core\excel_parser.py", line 633, in parse_profit_loss
    client_name = _extract_client_name(ws)
NameError: name '_extract_client_name' is not defined
2026-06-11 15:15:57,887 [ERROR] src.core.data_engine: Error processing notes from E:/GT WORK @/GT Work/far-automation/Testing Dataset/Testing_FAR/3. SSIPL IGAAP Financials March 2025_19.09.2025.xlsx: name 'filepath' is not defined
Traceback (most recent call last):
  File "E:\GT WORK @\GT Work\far-automation\src\core\data_engine.py", line 34, in process_file_task
    result = parse_notes(filepath)
  File "E:\GT WORK @\GT Work\far-automation\src\core\excel_parser.py", line 801, in parse_notes
    notes_groups, sheet_notes, signatures, footers = _parse_notes_sheet(ws, cy_year, py_year)
  File "E:\GT WORK @\GT Work\far-automation\src\core\excel_parser.py", line 955, in _parse_notes_sheet
    cy_col, py_col, cy_yr, py_yr, date_row = _find_date_columns(
  File "E:\GT WORK @\GT Work\far-automation\src\core\excel_parser.py", line 246, in _find_date_columns
    if not os.path.exists(filepath):
NameError: name 'filepath' is not defined
2026-06-11 15:15:57,888 [WARNING] src.core.data_engine: Parse error for bs: name '_extract_client_name' is not defined
2026-06-11 15:15:57,900 [ERROR] src.core.data_engine: Task generated an exception: Failed to parse BS: name '_extract_client_name' is not defined
Traceback (most recent call last):
  File "E:\GT WORK @\GT Work\far-automation\src\core\data_engine.py", line 115, in process_far_data
    raise ValueError(f"Failed to parse {res_type.upper()}: {data.get('error')}")
ValueError: Failed to parse BS: name '_extract_client_name' is not defined
2026-06-11 15:15:57,900 [ERROR] src.gui.main_window: DataEngine.process_far_data failed with full traceback:
2026-06-11 15:15:57,903 [ERROR] src.gui.main_window: FULL TRACEBACK:
Traceback (most recent call last):
  File "E:\GT WORK @\GT Work\far-automation\src\gui\main_window.py", line 50, in run
    payload = engine.process_far_data(self.form_data, progress_callback=on_progress)
  File "E:\GT WORK @\GT Work\far-automation\src\core\data_engine.py", line 115, in process_far_data
    raise ValueError(f"Failed to parse {res_type.upper()}: {data.get('error')}")
ValueError: Failed to parse BS: name '_extract_client_name' is not defined

2026-06-11 15:15:57,903 [ERROR] src.gui.main_window: GenerateWorker exception: Failed to parse BS: name '_extract_client_name' is not defined
Traceback (most recent call last):
  File "E:\GT WORK @\GT Work\far-automation\src\gui\main_window.py", line 50, in run
    payload = engine.process_far_data(self.form_data, progress_callback=on_progress)
  File "E:\GT WORK @\GT Work\far-automation\src\core\data_engine.py", line 115, in process_far_data
    raise ValueError(f"Failed to parse {res_type.upper()}: {data.get('error')}")
ValueError: Failed to parse BS: name '_extract_client_name' is not defined
2026-06-11 15:15:57,904 [ERROR] src.gui.main_window: FULL TRACEBACK:
Traceback (most recent call last):
  File "E:\GT WORK @\GT Work\far-automation\src\gui\main_window.py", line 50, in run
    payload = engine.process_far_data(self.form_data, progress_callback=on_progress)
  File "E:\GT WORK @\GT Work\far-automation\src\core\data_engine.py", line 115, in process_far_data
    raise ValueError(f"Failed to parse {res_type.upper()}: {data.get('error')}")
ValueError: Failed to parse BS: name '_extract_client_name' is not defined

2026-06-11 15:15:57,920 [ERROR] src.gui.main_window: FAR generation failed: Failed to parse BS: name '_extract_client_name' is not defined
